2019/12/8,2019/12/9,2019/12/10,2019/12/11,2019/12/12,2019/12/13,2019/12/14,2019/12/15,2019/12/16,2019/12/17,2019/12/18,2019/12/19,2019/12/20,2019/12/21,2019/12/22,2019/12/23,2019/12/24,2019/12/25,2019/12/26,2019/12/27,2019/12/28,2019/12/29,2019/12/30,2019/12/31,2020/1/1,2020/1/2,2020/1/3,2020/1/4,2020/1/5,2020/1/6,2020/1/7,2020/1/8,2020/1/9,2020/1/10,2020/1/11,2020/1/12,2020/1/13,2020/1/14,2020/1/15,2020/1/16,2020/1/17,2020/1/18,2020/1/19,2020/1/20,2020/1/21,2020/1/22,2020/1/23,2020/1/24,2020/1/25,2020/1/26,2020/1/27,2020/1/28,2020/1/29,2020/1/30,2020/1/31,2020/2/1,2020/2/2,2020/2/3,2020/2/4,2020/2/5,2020/2/6,2020/2/7,2020/2/8,2020/2/9,2020/2/10,2020/2/11,2020/2/12,2020/2/13,2020/2/14,2020/2/15,2020/2/16,2020/2/17,2020/2/18,2020/2/19,cityName,cityName-en,distance-Wuhan,distance-Xiaogan,distance-Huanggang,distance-Suizhou,distance-Jingzhou,provinceName
,,,,,,,,,,,,,,,,,,,,,,,,,,,,,,,,,,,,,,,,,,,,,,,,,1,2,2,2,3,5,6,7,8,9,9,10,11,13,14,15,15,16,16,16,16,16,17,17,17,七台河,Qitaihe,2222.302032,2121.271788,2198.653466,2170.163942,2357.97915,黑龙江省
,,,,,,,,,,,,,,,,,,,,,,,,,,,,,,,,,,,,,,,,,,,,,,2,5,5,7,7,8,8,8,8,8,9,11,11,11,12,12,12,12,13,13,13,13,13,13,13,13,13,13,万宁,Wanning,1357.183272,1495.702103,1366.405491,1462.158747,1291.078808,海南省
,,,,,,,,,,,,,,,,,,,,,,,,,,,,,,,,,,,,,,,,,,,,,,2,6,8,11,14,14,14,14,15,17,18,18,22,30,34,37,41,43,46,54,54,54,54,54,54,54,54,54,三亚,Sanya,1441.940548,1576.356232,1453.760315,1540.675667,1365.490822,海南省
,,,,,,,,,,,,,,,,,,,,,,,,,,,,,,,,,,,,,,,,,,,,,,0,1,4,4,8,9,10,10,10,11,11,11,11,11,12,12,13,13,13,13,13,13,13,13,14,14,14,14,三明,Sanming,574.9576157,726.1626182,538.3425558,734.6561638,695.5621609,福建省
,,,,,,,,,,,,,,,,,,,,,,,,,,,,,,,,,,,,,,,,,,,,,,1,1,2,3,3,4,5,6,7,7,7,7,7,7,7,7,7,7,7,7,7,7,7,7,7,7,7,7,三门峡,Sanmenxia,553.8110916,404.1032329,590.5200935,394.2730732,500.8161055,河南省
,,,,,,,,,,,,,,,,,,,,,,,,,,,,,,,,,,,,,,,,,,,2,9,16,20,33,40,53,66,96,112,135,169,182,203,219,243,257,277,286,293,299,303,311,315,318,326,328,332,333,333,334,上海,Shanghai,689.9446182,722.6584113,638.1840078,771.6310572,889.5220036,上海市
,,,,,,,,,,,,,,,,,,,,,,,,,,,,,,,,,,,,,,,,,,,,,,,2,6,6,7,9,11,12,16,19,32,50,69,78,86,92,98,103,111,116,119,122,123,123,123,123,123,123,上饶,Shangrao,421.3796982,546.8230332,371.6133038,570.3654419,592.9711628,江西省
,,,,,,,,,,,,,,,,,,,,,,,,,,,,,,,,,,,,,,,,,,,,,,,,,,1,1,1,1,1,1,1,2,2,3,3,3,3,3,3,3,3,3,3,3,3,3,3,3,东方,Dongfang,1389.209335,1516.221076,1405.540091,1477.448166,1297.314174,海南省
,,,,,,,,,,,,,,,,,,,,,,,,,,,,,,,,,,,,,,,,,,,,,,,1,2,2,7,7,11,16,21,27,31,37,44,47,53,56,58,60,62,67,70,73,81,89,89,91,91,92,东莞,Dongguan,830.6558724,984.1407795,827.4401893,962.2962052,821.8066059,广东省
,,,,,,,,,,,,,,,,,,,,,,,,,,,,,,,,,,,,,,,,,,,,,,1,1,1,1,1,1,1,2,2,2,2,3,,3,3,3,3,3,3,3,3,3,3,,3,3,3,3,中卫,Zhongwei,1144.46767,1011.157193,1189.060947,988.3768376,1028.960187,宁夏回族自治区
,,,,,,,,,,,,,,,,,,,,,,,,,,,,,,,,,,,,,,,,,,,,,1,2,2,2,5,6,13,18,18,18,21,25,31,36,44,46,46,51,56,58,62,64,64,65,65,66,66,66,66,中山,Zhongshan,891.1969916,1042.916531,889.9607126,1019.185206,872.9945826,广东省
,,,,,,,,,,,,,,,,,,,,,,,,,,,,,,,,,,,,,,,,,,,,,,,1,1,2,2,2,2,2,2,2,3,3,3,3,3,3,3,3,3,3,3,,3,3,3,3,3,3,临夏,Linxia,1178.870703,1071.137825,1229.439008,1036.118724,1026.409718,甘肃省
,,,,,,,,,,,,,,,,,,,,,,,,,,,,,,,,,,,,,,,,,,,,,,,,,1,1,1,1,1,1,1,1,1,1,1,2,2,2,2,2,2,2,2,2,2,2,2,2,2,临汾,Linfen,669.8024534,512.2918487,699.7844957,514.0956994,641.1711823,山西省
,,,,,,,,,,,,,,,,,,,,,,,,,,,,,,,,,,,,,,,,,,,,,,2,3,7,7,8,16,16,23,23,24,25,28,30,32,35,40,40,42,44,45,45,47,47,47,47,48,48,49,临沂,Linyi,628.8375457,539.1407372,606.3098367,591.8705718,775.4306621,山东省
,,,,,,,,,,,,,,,,,,,,,,,,,,,,,,,,,,,,,,,,,,,,,,,,,,,,,,1,1,1,1,1,1,1,1,1,1,1,1,1,1,1,1,1,1,1,1,临沧,Lincang,1586.848594,1623.326353,1632.628672,1568.613563,1399.067479,云南省
,,,,,,,,,,,,,,,,,,,,,,,,,,,,,,,,,,,,,,,,,,,,,,1,1,1,1,1,1,1,1.5,3,4,4,4,5,5,5,5,5,6,6,6,6,6,6,6,6,6,6,6,临高,Lingao,1263.791188,1395.730911,1277.517971,1359.162528,1182.785891,海南省
,,,,,,,,,,,,,,,,,,,,,,,,,,,,,,,,,,,,,,,,,,,,,,,,1,4,5,5,5,5,6,6,6,6,7,7,7,7,7,7,7,7,7,7,7,7,7,7,7,7,丹东,Dandong,1402.797917,1309.193809,1377.541476,1359.96578,1546.433531,辽宁省
,,,,,,,,,,,,,,,,,,,,,,,,,,,,,,,,,,,,,,,,,,,,,,,,3,3,5,6,6,7,8,14,16,16,16,16,16,17,17,17,17,17,17,17,17,17,17,17,17,17,丽水,Lishui,590.3624414,694.7664681,537.2290926,726.9784787,773.7817954,浙江省
,,,,,,,,,,,,,,,,,,,,,,,,,,,,,,,,,,,,,,,,,,,,,,1,2,2,5,6,6,6,6,6,7,7,7,7,7,7,7,7,7,7,7,7,7,7,7,7,7,7,7,丽江,Lijiang,1431.49188,1438.251268,1482.089398,1383.410015,1233.719838,云南省
,,,,,,,,,,,,,,,,,,,,,,,,,,,,,,,,,,,,,,,,,,,,,,,,,,,,,2,2,2,3,3,3,3,3,3,3,3,,3,3,3,3,3,3,3,3,3,乌兰察布,Wulanchabu,1170.279016,1012.58474,1184.801013,1032.764898,1188.672627,内蒙古自治区
,,,,,,,,,,,,,,,,,,,,,,,,,,,,,,,,,,,,,,,,,,,,,,,,,,,,,,,1,1,1,2,2,2,2,2,2,,2,2,2,2,2,2,2,2,2,乌海,Wuhai,1222.388361,1071.644019,1258.846508,1062.725748,1147.46143,内蒙古自治区
,,,,,,,,,,,,,,,,,,,,,,,,,,,,,,,,,,,,,,,,,,,,,,,3,3,4,5,6,7,8,8,8,10,12,12,15,18,19,20,20,20,20,21,23,23,23,23,23,23,23,乌鲁木齐,Wulumuqi,2766.643858,2640.252318,2813.820275,2614.232339,2628.87171,新疆维吾尔自治区
,,,,,,,,,,,,,,,,,,,,,,,,,,,,,,,,,,,,,,,,,,,,,,,,,,,,,1,1,1,1,1,1,1,1,1,2,2,2,2,2,2,2,2,2,2,2,2,乐东,Ledong,1405.293956,1536.60421,1419.107504,1499.572435,1322.153306,海南省
,,,,,,,,,,,,,,,,,,,,,,,,,,,,,,,,,,,,,,,,,,,,,,,,1,1,2,2,2,2,2,2,2,2,2,2,3,3,3,3,3,3,3,3,3,3,3,3,3,3,乐山,Leshan,1021.940623,1004.687151,1075.252661,950.8862982,822.3876553,四川省
,,,,,,,,,,,,,,,,,,,,,,,,,,,,,,,,,,,,,,,,,,,,,,1,2,2,4,9,16,31,42,43,55,64,78,86,92,95,97,100,101,101,105,109,114,115,117,117,118,118,118,九江,Jiujiang,183.4546834,314.4462633,133.4010467,333.3392192,366.1802493,江西省
,,,,,,,,,,,,,,,,,,,,,,,,,,,,,,,,,,,,,,,,,,,,,,,,,,,,,,,,,,,1,1,,,,,,,,,,,,,,五家渠,Wujiaqu,2801.760889,2673.252591,2848.350114,2648.337327,2667.110517,新疆维吾尔自治区
,,,,,,,,,,,,,,,,,,,,,,,,,,,,,,,,,,,,,,,,,,,,,,1,4,6,6,8,15,20,20,25,30,39,48,58,66,72,81,87,92,92,97,100,106,107,108,108,108,108,108,亳州,Bozhou,396.8716154,278.7313721,390.2083531,328.5015904,515.6681791,安徽省
,,,,,,,,,,,,,,,,,,,,,,,,,,,,,,,,,,,,,,,,,,,,,,2,10,11,12,27,32,55,90,97,140,169,188,225,265,307,359,379,416,438,460,480,500,514,523,531,544,562,567,仙桃,Xiantao,92.12128079,187.0448192,143.4321248,157.868173,110.2668514,湖北省
,,,,,,,,,,,,,,,,,,,,,,,,,,,,,,,,,,,,,,,,,,,,,,,,,,,,,,,,,,,,,,,,,,,1,1,1,1,1,1,1,伊春,Yichun,2281.925211,2167.116099,2264.008681,2212.655164,2400.434981,黑龙江省
,,,,,,,,,,,,,,,,,,,,,,,,,,,,,,,,,,,,,,,,,,,,,,,,1,1,2,4,4,5,5,5,6,7,9,9,9,9,10,10,10,12,14,14,16,16,18,18,18,18,伊犁,Yili,3255.913471,3134.749942,3304.459208,3106.275965,3109.815976,新疆维吾尔自治区
,,,,,,,,,,,,,,,,,,,,,,,,,,,,,,,,,,,,,,,,,,,,1,1,7,9,11,14,18,21,25,33,39,43,45,49,50,57,59,64,67,70,70,78,81,82,84,84,84,84,84,84,佛山,Foshan,836.2208944,986.0697613,837.2792124,960.8606643,811.5096409,广东省
,,,,,,,,,,,,,,,,,,,,,,,,,,,,,,,,,,,,,,,,,,,,,,,,,1,1,5,5,8,11,11,11,11,11,12,13,13,13,14,15,15,15,15,15,15,15,15,15,15,佳木斯,Jiamusi,2276.591608,2169.562871,2255.306596,2217.109951,2405.20755,黑龙江省
,,,,,,,,,,,,,,,,,,,,,,,,,,,,,,,,,,,,,,,,,,,,,,,,,,,,,,,,,,2,2,2,2,3,3,3,3,3,3,3,3,3,3,3,3,保亭,Baoting,1395.867128,1530.60764,1407.561662,1495.134485,1320.401172,海南省
,,,,,,,,,,,,,,,,,,,,,,,,,,,,,,,,,,,,,,,,,,,,,,,1,3,3,3,6,7,11,11,13,13,13,17,17,18,18,21,26,30,31,31,31,32,32,32,32,32,32,保定,Baoding,930.2651171,781.950843,934.6291213,813.9598263,990.2639942,河北省
,,,,,,,,,,,,,,,,,,,,,,,,,,,,,,,,,,,,,,,,,,,,,,,,2,3,4,4,5,6,8,8,8,8,8,8,9,9,9,9,9,9,9,9,9,9,9,9,9,9,保山,Baoshan,1604.645971,1624.854882,1653.207806,1569.841467,1410.476572,云南省
,,,,,,,,,,,,,,,,,,,,,,,,,,,,,,,,,,,,,,,,,,,,,,1,5,22,23,29,32,42,49,70,88,99,112,138,164,176,192,205,220,228,231,240,243,252,261,262,266,268,269,信阳,Xinyang,179.8460085,28.28707854,201.9109753,80.49182678,265.2868847,河南省
,,,,,,,,,,,,,,,,,,,,,,,,,,,,,,,,,,,,,,,,,,,,,,,3,3,5,5,5,5,5,6,6,7,8,10,10,11,11,11,11,11,15,15,15,15,15,15,15,15,15,儋州,Danzhou,1309.158514,1440.068902,1323.406236,1402.990124,1225.659583,海南省
,,,,,,,,,,,,,,,,,,,,,,,,,,,,,,,,,,,,,,,,,,,,,,,,,,1,1,1,1,1,1,1,3,4,4,4,6,6,6,6,6,6,6,6,6,6,6,6,6,公主岭,Gongzhuling,1734.300596,1620.367108,1716.606206,1666.483021,1854.450879,吉林省
,,,,,,,,,,,,,,,,,,,,,,,,,,,,,,,,,,,,,,,,,,,,,,2,2,3,3,4,6,8,9,13,13,20,30,34,36,41,51,54,57,59,59,60,61,63,65,68,68,69,69,六安,Luan,247.439784,245.1551681,210.589685,294.8046639,434.1239115,安徽省
,,,,,,,,,,,,,,,,,,,,,,,,,,,,,,,,,,,,,,,,,,,,,,,,,1,1,1,1,8,,8,9,9,9,9,9,9,10,10,10,10,10,10,10,10,10,10,10,10,六盘水,Liupanshui,1025.677415,1062.805261,1072.240843,1008.303996,837.178432,贵州省
,,,,,,,,,,,,,,,,,,,,,,,,,,,,,,,,,,,,,,,,,,,,,,1,2,4,8,11,14,14,15,23,23,26,30,30,30,32,33,33,33,35,35,35,,35,35,36,36,36,36,兰州,Lanzhou,1158.63087,1044.617076,1208.081916,1012.096151,1013.861594,甘肃省
,,,,,,,,,,,,,,,,,,,,,,,,,,,,,,,,,,,,,,,,,,,,,,,,,1,1,1,1,1,1,1,1,1,1,1,1,1,1,1,,1,1,1,1,1,1,1,1,1,兴安,Xingan,652.5961474,768.8893333,677.4252981,728.2073163,547.0464326,内蒙古自治区
,,,,,,,,,,,,,,,,,,,,,,,,,,,,,,,,,,,,,,,,,,,,,,,1,1,1,3,4,4,6,10,11,12,15,15,16,17,17,17,17,18,20,21,21,22,22,22,22,22,22,内江,Neijiang,899.5962665,887.3684948,952.6795016,833.1238038,699.8845238,四川省
,,,,,,,,,,,,,,,,,,,,,,,,,,,,,,,,,,,,,,,,,,,,,,,,,1,2,2,2,3,5,5,6,6,7,7,7,9,9,10,10,10,10,10,11,13,13,13,13,13,凉山,Liangshan,1206.796302,1209.6237,1258.086207,1154.851546,1008.13192,四川省
,,,,,,,,,,,,,,,,,,,,,,,,,,,,,,,,,,,,,,,,,,,,,,,,,2,3,3,3,3,3,5,6,6,7,9,9,10,10,11,,11,11,11,11,11,11,11,11,11,包头,Baotou,1182.179396,1022.884514,1208.12836,1029.080513,1154.898696,内蒙古自治区
,,,,,,,,,,,,,,,,,,,,,,,,,,,,,,,,,,,,,,,,,,2,5,10,26,36,41,68,80,91,111,114,139,168,191,212,228,253,274,297,315,326,337,342,352,366,372,375,380,381,387,393,395,北京,Beijing,1060.996165,916.8928466,1061.624618,951.5259761,1130.62745,北京市
,,,,,,,,,,,,,,,,,,,,,,,,,,,,,,,,,,,,,,,,,,,,,,6,6,9,9,11,13,15,17,23,23,13.5,27,29,31,31,32,33,35,36,39,39,40,43,43,43,44,44,44,北海,Beihai,1126.870693,1249.643638,1146.117037,1209.688437,1028.212171,广西壮族自治区
,,,,,,,,,,,,,,,,,,,,,,,,,,,,,,,,,,,,,,,,,,,,,,6,6,9,9,11,13,15,17,23,23,13.5,27,29,31,31,32,33,35,36,39,39,40,43,43,43,44,44,44,北海,Beihai,1126.870693,1249.643638,1146.117037,1209.688437,1028.212171,青海省
,,,,,,,,,,,,,,,,,,,,,,,,,,,,,,,,,,,,,,,,,,,,,,1,5,20,40,65,88,119,150,177,212,256,291,318,353,395,438,467,481,505,536,562,586,597,602,612,626,638,641,十堰,Shiyan,409.105402,304.833383,458.3512928,265.152551,291.6260789,湖北省
,,,,,,,,,,,,,,,,,,,,,,,,,,,,,,,,,,,,,,,,,,,,,,3,4,7,7,10,14,19,25,28,35,40,44,47,52,57,65,71,78,84,87,90,91,91,92,92,92,93,93,南京,Nanjing,457.7489546,460.4347111,412.5290659,512.1859158,651.1868373,江苏省
,,,,,,,,,,,,,,,,,,,,,,,,,,,,,,,,,,,,,,,,,,,,,,,,2,2,4,5,9,11,16,23,26,27,28,29,30,31,32,33,34,34,35,35,35,35,35,38,38,38,南充,Nanchong,786.7621927,752.6557127,841.075347,700.0711589,590.8862841,四川省
,,,,,,,,,,,,,,,,,,,,,,,,,,,,,,,,,,,,,,,,,,,,,,,,1,5,5,7,15,16,16,16,22,27,28,30,31,32,35,37,41,44,44,47,49,50,51,54,54,54,南宁,Nanning,1037.970532,1147.096457,1063.925373,1103.067861,916.8609763,广西壮族自治区
,,,,,,,,,,,,,,,,,,,,,,,,,,,,,,,,,,,,,,,,,,,,,,,,1,2,3,3,3,3,8,8,11,11,12,12,12,14,16,18,19,19,20,20,20,20,20,20,20,20,南平,Nanping,511.3000802,650.3687319,466.7728406,667.4937425,661.6399935,福建省
,,,,,,,,,,,,,,,,,,,,,,,,,,,,,,,,,,,,,,,,,,,,,,2,3,4,8,17,25,46,67,83,89,103,121,134,149,162,168,179,189,195,204,210,217,222,227,228,229,230,229,南昌,Nanchang,254.9901049,406.5293088,218.6968131,414.5205008,398.3069744,江西省
,,,,,,,,,,,,,,,,,,,,,,,,,,,,,,,,,,,,,,,,,,,,,,1,1,2,4,6,6,9,10,12,17,19,22,25,27,29,31,32,33,35,37,38,39,40,40,40,40,40,40,南通,Nantong,664.4405594,674.7911134,615.9411111,726.5734148,861.1832024,江苏省
,,,,,,,,,,,,,,,,,,,,,,,,,,,,,,,,,,,,,,,,,,,,,,,8,15,19,26,31,51,61,66,75,84,99,107,111,118,128,133,134,136,138,145,146,150,151,154,155,155,155,南阳,Nanyang,323.503378,177.3175718,361.0666356,164.0784367,298.1285243,河南省
,,,,,,,,,,,,,,,,,,,,,,,,,,,,,,,,,,,,,,,,,,,,,,3,3,4,4,5,6,7,13,17,18,19,20,21,21,23,25,25,28,31,32,34,34,34,34,35,35,35,35,厦门,Xiamen,768.7426717,923.2010179,735.4525645,928.2413433,870.9620761,福建省
,,,,,,,,,,,,,,,,,,,,,,,,,,,,,,,,,,,,,,,,,,,,,,,,,1,1,1,1,1,2,4,7,12,16,20,36,36,38,38,38,39,39,48,48,49,50,52,52,52,双鸭山,Shuangyashan,2305.722873,2201.881143,2283.112396,2250.141236,2438.148187,黑龙江省
,,,,,,,,,,,,,,,,,,,,,,,,,,,,,,,,,,,,,,,,,,,,,,18,20,21,22,22,40,64,81,95,100,109,115,122,124,129,133,138,141,143,143,144,144,145,146,146,146,146,146,台州,Taizhou,720.4764649,808.883074,666.2549464,846.3893109,910.5538074,浙江省
,,,,,,,,,,,,,,,,,,,,,,,,,,,,,,,,,,,,,,,,,,,,,,6,10,13,13,16,29,39,50,59,59,75,81,93,104,115,128,136,147,150,157,161,166,168,169,171,173,173,173,合肥,Hefei,318.8388044,317.9322955,277.7621066,368.7957476,508.6709281,安徽省
,,,,,,,,,,,,,,,,,,,,,,,,,,,,,,,,,,,,,,,,,,,,,,1,1,2,3,3,4,5,8,11,12,13,15,15,15,16,17,17,18,19,21,21,20,20,21,21,22,22,22,吉安,Jian,382.2958959,541.8768113,368.0927436,532.4804417,444.7159143,江西省
,,,,,,,,,,,,,,,,,,,,,,,,,,,,,,,,,,,,,,,,,,,,,,1,2,,2,3,3,3,3,3,3,4,5,5,5,5,5,5,5,5,5,5,5,5,5,5,5,5,5,吉林,Jilin,1834.028322,1727.622895,1812.963571,1775.550209,1963.609451,吉林省
,,,,,,,,,,,,,,,,,,,,,,,,,,,,,,,,,,,,,,,,,,,,,,,,,,1,1,1,1,1,1,1,1,1,1,1,1,1,1,1,1,1,1,2,3,3,3,3,3,吐鲁番,Tulufan,2616.406404,2491.651525,2663.99314,2464.782832,2476.65353,新疆维吾尔自治区
,,,,,,,,,,,,,,,,,,,,,,,,,,,,,,,,,,,,,,,,,,,,,,,,,1,3,3,4,5,5,5,5,5,5,6,6,6,6,6,6,6,6,6,6,6,6,6,6,6,吕梁,Lvliang,830.3284427,671.5985757,858.0451281,676.2412336,804.4708658,山西省
,,,,,,,,,,,,,,,,,,,,,,,,,,,,,,,,,,,,,,,,,,,,,,,,,,2,3,5,5,6,7,7,7,,8,9,9,10,13,15,19,22,25,27,,27,27,28,28,吴忠,Wuzhong,1114.032523,972.9978527,1155.711163,955.4001901,1014.71957,宁夏回族自治区
,,,,,,,,,,,,,,,,,,,,,,,,,,,,,,,,,,,,,,,,,,,,,,1,4,5,11,15,19,25,36,38,40,47,52,56,59,60,62,62,65,65,66,68,69,70,71,75,76,76,76,周口,Zhoukou,346.1826802,201.2781319,354.4565553,242.3309445,429.654666,河南省
,,,,,,,,,,,,,,,,,,,,,,,,,,,,,,,,,,,,,,,,,,,,,,,1,1,2,2,2,2,2,2,2,2,3,3,5,5,5,5,5,,6,6,6,6,6,6,6,7,7,呼伦贝尔,Hulunbeier,2124.654484,1980.474389,2123.672728,2013.682405,2189.175152,内蒙古自治区
,,,,,,,,,,,,,,,,,,,,,,,,,,,,,,,,,,,,,,,,,,,,,,,,,,2,2,2,2,2,2,4,4,5,5,7,7,7,7,,7,7,7,7,7,7,7,7,7,呼和浩特,Huhehaote,1167.752531,1008.103257,1187.80201,1021.835211,1164.828429,内蒙古自治区
,,,,,,,,,,,,,,,,,,,,,,,,,,,,,,,,,,,,,,,,,,,,,,,,43,64,91,112,130,166,206,246,296,348,384,399,443,476,493,507,515,525,534,732,840,852,861,868,868,766,咸宁,Xianning,72.11411921,230.0147659,84.98923147,222.2576576,203.0309724,湖北省
,,,,,,,,,,,,,,,,,,,,,,,,,,,,,,,,,,,,,,,,,,,,,,1,3,3,4,4,5,5,6,8,9,9,11,15,15,15,16,16,17,17,17,17,17,17,17,17,17,17,17,咸阳,Xianyang,676.3001952,554.6218017,723.4363515,524.5877062,556.1187997,陕西省
,,,,,,,,,,,,,,,,,,,,,,,,,,,,,,,,,,,,,,,,,,,,,,1,6,8,8,10,11,13,18,25,34,45,63,73,82,94,100,114,128,146,150,159,164,167,182,188,190,192,194,哈尔滨,Haerbin,2000.789855,1886.1317,1983.079457,1931.863056,2119.717932,黑龙江省
,,,,,,,,,,,,,,,,,,,,,,,,,,,,,,,,,,,,,,,,,,,,,,,,,,1,3,3,7,8,11,11,11,12,17,19,23,27,28,31,33,35,43,46,51,51,51,55,56,唐山,Tangshan,1065.538801,932.4006886,1059.089296,972.8499552,1157.880425,河北省
,,,,,,,,,,,,,,,,,,,,,,,,,,,,,,,,,,,,,,,,,,,,,,,,,6,7,14,18,27,29,36,50,60,61,65,72,76,82,83,86,86,87,88,90,91,91,91,91,91,商丘,Shangqiu,452.5748861,323.1671089,449.597272,368.8790917,556.9581592,河南省
,,,,,,,,,,,,,,,,,,,,,,,,,,,,,,,,,,,,,,,,,,,,,,,1,1,1,2,2,2,2,2,2,2,5,6,6,7,7,7,7,7,7,7,7,7,7,7,7,7,7,商洛,Shangluo,555.3621179,430.4415571,601.3341097,401.5853732,449.0156085,陕西省
,,,,,,,,,,,,,,,,,,,,,,,,,,,,,,,,,,,,,,,,,,,,,,3,4,8,8,11,14,16,16,18,19,19,23,27,30,35,37,38,40,40,42,42,42,43,43,43,43,44,45,嘉兴,Jiaxing,618.8077465,664.0650066,565.9430062,710.7468037,818.5411254,浙江省
,,,,,,,,,,,,,,,,,,,,,,,,,,,,,,,,,,,,,,,,,,,,,,,,,1,1,1,1,1,1,1,4,7,8,9,10,10,12,12,12,12,13,14,14,14,14,14,15,15,四平,Siping,1663.226453,1550.809797,1644.969641,1597.38927,1785.442765,吉林省
,,,,,,,,,,,,,,,,,,,,,,,,,,,,,,,,,,,,,,,,,,,,,,,1,1,1,1,1,1,2,2,2,2,2,,2,2,2,2,3,3,3,5,5,5,,5,5,5,5,固原,Guyuan,963.9827764,838.0775666,1010.576117,810.894453,839.6683747,宁夏回族自治区
,,,,,,,,,,,,,,,,,,,,,,,,,,,,,,,,,,,,,,,,,,,,,,,1,1,,,,,,,,,,,,,,,,,,,,,,,,,,固始,Gushi,224.6367035,169.4519569,206.7305113,223.2248706,385.649136,河南省
,,,,,,,,,,,,,,,,,,,,,,,,,,,,,,,,,,,,,,,,,,,,,,,,,,,,,,,,,,,4,4,,,,,,,,,,,,,,塔城,Tacheng,3236.413828,3104.459567,3281.999769,3081.489404,3106.354308,新疆维吾尔自治区
,,,,,,,,,,,,,,,,,,,,,,,,,,,,,,,,,,,,,,,,,,,,,,,,,,,1,2,2,2,2,2,2,2,2,2,2,2,2,2,2,2,2,2,2,2,2,2,2,大兴安岭,Daxinganling,2519.036385,2381.412225,2513.174516,2418.189845,2598.329717,黑龙江省
,,,,,,,,,,,,,,,,,,,,,,,,,,,,,,,,,,,,,,,,,,,,,,,1,1,1,1,3,4,5,6,8,9,9,9,9,9,10,11,11,11,11,12,12,12,12,12,12,12,12,大同,Datong,1069.023421,911.5243971,1083.363272,932.3134512,1090.108899,山西省
,,,,,,,,,,,,,,,,,,,,,,,,,,,,,,,,,,,,,,,,,,,,,,1,1,3,5,5,5,5,7,8,8,11,11,11,13,13,13,13,13,14,15,15,18,19,19,20,20,23,26,大庆,Daqing,2008.46571,1885.218477,1994.844547,1928.289238,2114.832561,黑龙江省
,,,,,,,,,,,,,,,,,,,,,,,,,,,,,,,,,,,,,,,,,,,,,,,1,1,2,3,3,4,6,6,7,7,7,7,10,11,11,11,13,13,13,13,13,13,13,13,13,13,13,大理,Dali,1485.744496,1505.090606,1534.550136,1450.077242,1291.169139,云南省
,,,,,,,,,,,,,,,,,,,,,,,,,,,,,,,,,,,,,,,,,,,,,,1,4,4,5,5,5,5,7,10,12,12,13,14,14,14,16,16,16,16,16,17,18,18,19,19,19,19,19,大连,Dalian,1146.53753,1044.83867,1125.067059,1094.451271,1281.87105,辽宁省
,,,,,,,,,,,,,,,,,,,,,,,,,,,,,,,,,,,,,,,,,,,,,,,,,,1,1,2,2,3,3,8,10,10,10,10,12,12,12,12,12,12,,12,12,12,12,12,12,天水,Tianshui,926.8773865,821.2439003,977.5326274,784.9987171,776.4286176,甘肃省
,,,,,,,,,,,,,,,,,,,,,,,,,,,,,,,,,,,,,,,,,,,,,,,,14,22,24,27,31,32,41,48,60,67,69,78,81,88,90,95,105,112,117,120,122,124,125,128,130,131,天津,Tianjin,990.9258192,853.620655,987.2422014,892.3233493,1075.942765,天津市
,,,,,,,,,,,,,,,,,,,,,,,,,,,,,,,,,,,,,,,,,,,,,,,3,5,13,23,34,44,67,82,99,115,117,128,138,163,179,197,217,261,293,362,416,422,447,485,500,500,473,天门,Tianmen,114.4394244,159.4568983,168.9192055,120.9331337,91.86812356,湖北省
,,,,,,,,,,,,,,,,,,,,,,,,,,,,,,,,,,,,,,,,,,,,,,1,2,2,2,3,3,3,4,4,6,6,6,9,9,11,12,15,17,18,18,18,18,19,19,19,19,19,19,太原,Taiyuan,831.6004946,672.0047561,851.8665377,686.9030876,836.5070193,山西省
,,,,,,,,,,,,,,,,,,,,,,,,,,,,,,,,,,,,,,,,,,,,,,2,3,4,9,10,12,14,19,24,24,25,25,27,29,31,33,34,35,37,38,38,38,38,38,38,38,38,38,威海,Weihai,1056.171955,971.9597828,1028.689947,1024.448921,1208.277386,山东省
,,,,,,,,,,,,,,,,,,,,,,,,,,,,,,,,,,,,,,,,,,,,,,3,5,5,7,9,13,16,20,26,29,35,40,45,51,53,59,64,66,69,69,72,73,75,75,76,76,76,76,娄底,Loudi,386.3909948,503.2747204,414.4965453,464.9902068,291.9716741,湖南省
,,,,,,,,,,,,,,,,,,,,,,,,,,,,,,,,,,,,,,,,,,,,,,22,26,55,100,173,274,399,541,628,749,918,1120,1462,1886,2141,2313,2436,2541,2642,2751,2874,3009,3114,3201,3279,3320,3344,3329,孝感,Xiaogan,159.8328968,0,187.8811069,55.01341514,237.2459375,湖北省
,,,,,,,,,,,,,,,,,,,,,,,,,,,,,,,,,,,,,,,,,,,,,,,,,,,,1,1,1,1,1,1,,1,1,1,1,1,1,1,1,1,1,,1,1,1,1,宁东,Ningdong,1105.381104,961.7442008,1145.877632,946.1702025,1012.346707,宁夏回族自治区
,,,,,,,,,,,,,,,,,,,,,,,,,,,,,,,,,,,,,,,,,,,,,,1,2,3,6,6,7,8,9,9,9,12,12,14,16,16,21,23,24,24,24,25,25,25,25,25,25,26,26,宁德,Ningde,665.9578118,798.69134,619.1490563,819.592668,820.9211188,福建省
,,,,,,,,,,,,,,,,,,,,,,,,,,,,,,,,,,,,,,,,,,,,,,5,6,13,13,17,20,41,46,55,66,75,102,120,126,136,141,146,149,151,153,153,153,154,155,156,156,156,156,宁波,Ningbo,701.8871904,766.0568692,647.621806,809.402428,899.4752678,浙江省
,,,,,,,,,,,,,,,,,,,,,,,,,,,,,,,,,,,,,,,,,,,,,,1,4,5,8,8,14,18,18,31,43,47,55,56,60,66,71,75,78,80,80,80,81,82,82,83,83,83,83,安庆,Anqing,261.0573206,335.3483459,207.5864405,372.6578641,460.4361452,安徽省
,,,,,,,,,,,,,,,,,,,,,,,,,,,,,,,,,,,,,,,,,,,,,,1,3,3,7,8,10,10,13,14,16,17,17,19,21,21,21,21,22,22,22,22,23,24,24,25,25,25,25,安康,Ankang,557.0373014,468.5157859,609.1369803,425.1401762,403.1423046,陕西省
,,,,,,,,,,,,,,,,,,,,,,,,,,,,,,,,,,,,,,,,,,,,,,,,3,7,11,14,16,20,24,24,29,33,35,37,40,43,44,45,46,49,50,50,51,51,51,52,52,53,安阳,Anyang,618.8908984,465.4333076,629.611775,494.2817002,669.1095796,河南省
,,,,,,,,,,,,,,,,,,,,,,,,,,,,,,,,,,,,,,,,,,,,,,,,,,,,,,,2,2,2,3,3,4,4,4,4,4,4,4,4,4,4,4,4,4,4,安顺,Anshun,948.2971309,999.4452941,992.3061299,945.928292,767.4022614,贵州省
,,,,,,,,,,,,,,,,,,,,,,,,,,,,,,,,,,,,,,,,,,,,,,,,,,,,,1,1,1,1,3,3,3,3,3,3,3,3,3,3,3,3,3,3,3,3,3,定安,Dingan,1266.465699,1402.974071,1277.258988,1368.529134,1195.970482,海南省
,,,,,,,,,,,,,,,,,,,,,,,,,,,,,,,,,,,,,,,,,,,,,,,,1,1,1,1,2,2,3,3,3,3,3,5,5,8,8,8,8,8,9,,9,9,9,9,9,9,定西,Dingxi,1067.499612,954.8774464,1117.131064,921.6454022,922.4663372,甘肃省
,,,,,,,,,,,,,,,,,,,,,,,,,,,,,,,,,,,,,,,,,,,,,,,,,1,1,2,5,7,7,7,7,7,7,8,9,9,9,9,9,10,11,11,11,11,11,12,12,12,宜宾,Yibin,942.7439522,925.2660895,996.1478951,871.4083623,743.2888436,四川省
,,,,,,,,,,,,,,,,,,,,,,,,,,,,,,,,,,,,,,,,,,,,,,1,1,20,31,51,63,117,167,276,353,392,452,496,563,610,633,711,749,772,784,810,877,906,901,901,904,907,891,宜昌,Yichang,289.3112689,282.877845,343.6664793,228.0289515,99.15470045,湖北省
,,,,,,,,,,,,,,,,,,,,,,,,,,,,,,,,,,,,,,,,,,,,,,,1,5,6,10,14,14,26,29,31,36,45,48,54,62,67,74,77,83,88,95,101,102,104,106,106,106,106,宜春,Yichun,300.449769,457.8507152,295.377335,443.8513564,348.5747886,江西省
,,,,,,,,,,,,,,,,,,,,,,,,,,,,,,,,,,,,,,,,,,,,,,,,,,3,4,4,4,6,7,8,10,10,10,12,12,13,13,13,13,13,13,13,13,13,13,13,13,宝鸡,Baoji,797.4587735,686.9552692,847.1195652,652.2737947,656.4302693,陕西省
,,,,,,,,,,,,,,,,,,,,,,,,,,,,,,,,,,,,,,,,,,,,,,,,1,1,2,2,4,4,4,4,4,4,4,5,5,5,5,6,6,6,6,6,6,6,6,6,6,6,宣城,Xuancheng,449.9018675,455.7524697,404.159266,507.1098634,644.065436,安徽省
,,,,,,,,,,,,,,,,,,,,,,,,,,,,,,,,,,,,,,,,,,,,,,,,2,3,3,9,10,10,12,14,21,23,24,25,27,28,28,31,33,36,38,39,39,39,40,41,41,41,宿州,Suzhou,426.5770041,343.7081212,405.5234017,397.9413443,577.2609212,安徽省
,,,,,,,,,,,,,,,,,,,,,,,,,,,,,,,,,,,,,,,,,,,,,,,,,,,4,6,6,6,,,,,,,,,,,,,,,,,,,,宿松,Susong,179.752168,288.8262985,125.4015841,315.1321699,374.769184,安徽省
,,,,,,,,,,,,,,,,,,,,,,,,,,,,,,,,,,,,,,,,,,,,,,,1,1,1,3,4,4,7,8,8,9,10,11,11,12,12,12,12,12,12,12,12,12,13,13,13,13,13,宿迁,Suqian,535.5504406,468.6810708,506.8248674,523.412271,698.665256,江苏省
,,,,,,,,,,,,,,,,,,,,,,,,,,,,,,,,,,,,,,,,,,,,,,3,5,6,7,17,26,29,37,45,53,70,83,89,93,107,111,115,124,134,146,148,149,153,154,154,155,155,156,岳阳,Yueyang,173.5557211,293.4220662,208.8511625,261.7638767,134.5430766,湖南省
,,,,,,,,,,,,,,,,,,,,,,,,,,,,,,,,,,,,,,,,,,,,,,2,2,2,,,,,,,,,,,,,,,,,,,,,,,,,,巩义,Gongyi,479.0365805,319.2090037,503.0821965,332.6764629,490.5043579,河南省
,,,,,,,,,,,,,,,,,,,,,,,,,,,,,,,,,,,,,,,,,,,,,,,,,,,2,4,5,8,8,12,12,15,19,20,21,21,22,22,22,22,24,24,24,24,24,24,24,巴中,Bazhong,737.4280913,679.1778451,791.7790502,629.8525929,552.3887576,四川省
,,,,,,,,,,,,,,,,,,,,,,,,,,,,,,,,,,,,,,,,,,,,,,,,,,,,,,,,,,,1,1,2,3,3,3,3,3,3,3,3,3,3,3,3,巴州,Bazhou,735.2196065,678.7070503,789.6096042,629.0757419,549.2604465,新疆维吾尔自治区
,,,,,,,,,,,,,,,,,,,,,,,,,,,,,,,,,,,,,,,,,,,,,,,,,,,1,2,2,3,3,3,3,4,4,4,4,6,6,,6,6,6,8,8,8,8,8,8,巴彦淖尔,Bayannaoer,1295.88867,1140.778088,1328.650067,1137.400779,1237.068099,内蒙古自治区
,,,,,,,,,,,,,,,,,,,,,,,,,,,,,,,,,,,,,,,,,,,,,,,5,5,6,8,8,10,13,14,15,15,19,24,27,29,31,31,31,31,36,38,43,43,46,49,50,51,51,常州,Changzhou,555.8209028,571.7426417,507.1050003,622.4897761,753.0392841,江苏省
,,,,,,,,,,,,,,,,,,,,,,,,,,,,,,,,,,,,,,,,,,,,,,,3,7,12,19,26,30,37,39,42,45,50,56,62,64,66,66,72,73,75,77,78,78,79,79,79,79,79,常德,Changde,301.2009056,382.9420632,344.0170111,337.3798372,151.8727519,湖南省
,,,,,,,,,,,,,,,,,,,,,,,,,,,,,,,,,,,,,,,,,,,,,,,,,,,1,1,1,1,1,1,1,1,1,1,4,4,7,8,8,9,,9,9,9,9,9,9,平凉,Pingliang,901.9880384,779.1989458,949.2847176,750.3092985,774.5077985,甘肃省
,,,,,,,,,,,,,,,,,,,,,,,,,,,,,,,,,,,,,,,,,,,,,,,1,2,5,5,5,8,10,11,14,19,28,34,41,46,48,50,52,54,55,56,57,58,58,58,58,58,58,平顶山,Pingdingshan,370.8699338,211.08679,396.1687278,225.5197051,391.6580992,河南省
,,,,,,,,,,,,,,,,,,,,,,,,,,,,,,,,,,,,,,,,,,,,,,,,,,,1,3,2,2,5,5,6,6,6,6,6,6,6,6,6,6,6,6,6,6,6,6,6,广元,Guangyuan,834.1383704,764.9767865,888.1665396,718.0559127,653.9121329,四川省
,,,,,,,,,,,,,,,,,,,,,,,,,,,,,,,,,,,,,,,,,,,,,,2,2,2,6,7,7,9,13,16,20,21,24,24,24,27,28,28,28,30,30,30,30,30,30,30,30,30,30,广安,Guangan,739.061537,713.6454064,793.1109737,660.1317043,541.3611553,四川省
,,,,,,,,,,,,,,,,,,,,,,,,,,,,,,,,,,,,,,,,,,,,2,5,7,14,17,41,51,63,98,112,150,179,200,224,249,270,285,301,307,314,317,323,327,328,335,338,339,339,339,339,广州,Guangzhou,822.5198872,973.0375576,822.9118805,948.4250353,800.7679457,广东省
,,,,,,,,,,,,,,,,,,,,,,,,,,,,,,,,,,,,,,,,,,,,,,,,,,,,,,,,1,1,1,2,2,2,2,3,3,3,3,,3,3,3,3,3,3,庆阳,Qingyang,855.3075711,719.6883757,898.8328275,698.0754448,751.2852808,甘肃省
,,,,,,,,,,,,,,,,,,,,,,,,,,,,,,,,,,,,,,,,,,,,,,,,,2,6,9,9,9,11,11,12,12,13,14,15,20,22,24,26,28,29,29,29,30,30,30,30,30,廊坊,Langfang,1022.985672,881.1498659,1022.131915,917.2940909,1098.24268,河北省
,,,,,,,,,,,,,,,,,,,,,,,,,,,,,,,,,,,,,,,,,,,,,,1,1,1,2,2,3,3,7,7,7,7,7,7,7,7,8,8,8,8,8,8,8,8,8,8,8,8,8,延安,Yanan,810.1105335,660.6697031,847.2632414,650.4086968,741.2514222,陕西省
,,,,,,,,,,,,,,,,,,,,,,,,,,,,,,,,,,,,,,,,,,,,,,,,,,,,2,2,2,2,2,3,3,4,5,5,5,5,5,5,5,5,5,5,5,5,5,5,延边,Yanbian,1924.067768,1834.470083,1896.514018,1885.549416,2071.649329,吉林省
,,,,,,,,,,,,,,,,,,,,,,,,,,,,,,,,,,,,,,,,,,,,,,,,,1,2,3,4,6,8,11,11,12,17,18,20,21,24,24,25,25,25,25,25,26,26,26,26,26,开封,Kaifeng,473.5516833,320.9367095,484.8656193,352.5228665,532.4439695,河南省
,,,,,,,,,,,,,,,,,,,,,,,,,,,,,,,,,,,,,,,,,,,,,,,,,,,1,6,6,8,9,9,9,10,12,13,14,14,17,21,21,25,31,33,34,34,34,34,34,张家口,Zhangjiakou,1143.94134,991.3329646,1151.693792,1018.81074,1187.56545,河北省
,,,,,,,,,,,,,,,,,,,,,,,,,,,,,,,,,,,,,,,,,,,,,,,,,,,,1,1,2,3,3,3,3,3,5,5,5,5,5,5,5,5,5,5,5,5,5,5,张家界,Zhangjiajie,401.0246542,451.9268498,448.6396169,400.1348933,216.6119485,湖南省
,,,,,,,,,,,,,,,,,,,,,,,,,,,,,,,,,,,,,,,,,,,,,,,,,1,1,2,2,2,2,2,2,2,2,2,2,2,2,2,2,2,2,,2,2,2,2,2,2,张掖,Zhangye,1571.640405,1445.619639,1618.62986,1419.045206,1438.791355,甘肃省
,,,,,,,,,,,,,,,,,,,,,,,,,,,,,,,,,,,,,,,,,,,,,,,,,3,8,8,15,20,23,30,36,39,45,45,49,52,56,60,63,66,71,76,77,78,79,79,79,79,徐州,Xuzhou,495.8742576,402.0615129,476.9808728,454.9100461,638.3855362,江苏省
,,,,,,,,,,,,,,,,,,,,,,,,,,,,,,,,,,,,,,,,,,,,,,,,2,2,2,2,2,3,3,4,4,5,5,5,5,5,5,5,5,5,5,5,5,5,5,5,5,5,德宏,Dehong,1691.220706,1715.012278,1739.138255,1660.010167,1498.340968,云南省
,,,,,,,,,,,,,,,,,,,,,,,,,,,,,,,,,,,,,,,,,,,,,,,1,3,6,8,11,15,16,17,19,19,19,24,26,27,29,30,32,32,33,35,35,36,37,37,37,37,37,德州,Dezhou,790.1042966,651.0147375,788.5332849,689.5752916,873.522324,山东省
,,,,,,,,,,,,,,,,,,,,,,,,,,,,,,,,,,,,,,,,,,,,,,1,1,1,1,1,2,3,7,7,10,10,12,12,12,12,13,16,16,16,16,17,17,17,17,17,17,17,17,德阳,Deyang,953.1207412,910.0044763,1007.563863,858.830856,758.8956993,四川省
,,,,,,,,,,,,,,,,,,,,,,,,,,,,,,,,,,,,,,,,,,,,,,,,,,,,,,1,3,3,3,3,3,3,6,6,7,7,7,7,7,7,7,7,7,7,7,忻州,Xinzhou,892.7725382,733.6118746,911.2113181,750.4534501,902.7926077,山西省
,,,,,,,,,,,,,,,,,,,,,,,,,,,,,,,,,,,,,,,,,,,,,,3,5,8,11,16,18,23,26,28,31,32,35,35,36,38,38,39,39,39,39,39,39,40,40,40,40,40,40,怀化,Huaihua,539.3295656,620.1060309,578.3824733,571.6061078,383.5329744,湖南省
,,,,,,,,,,,,,,,,,,,,,,,,,,,,,,,,,,,,,,,,,,,,,,,11,17,25,38,51,66,75,87,105,111,123,138,144,157,160,171,187,195,203,229,237,244,247,249,250,250,244,恩施,Enshi,461.042203,455.4375419,514.6561332,400.4608018,262.0276441,湖北省
,,,,,,,,,,,,,,,,,,,,,,,,,,,,,,,,,,,,,,,,,,1,1,1,1,5,7,8,8,11,12,17,20,20,23,28,29,34,35,39,47,48,52,53,54,55,56,58,58,58,59,62,62,惠州,Huizhou,823.3028681,979.6697432,815.7228089,961.3582524,830.6500726,广东省
,,,,,,,,,,,,,,,,,,,,,,,,,,,,,,,,,,,,,,,,,,,,,,7,16,22,33,37,46,59,69,72,73,77,87,92,97,102,109,120,123,124,125,131,135,139,140,140,140,141,141,成都,Chengdu,982.8311674,947.6464907,1037.077576,895.5112062,786.15583,四川省
,,,,,,,,,,,,,,,,,,,,,,,,,,,,,,,,,,,,,,,,,,,,,,1,1,1,4,5,8,8,8,13,13,14,15,15,15,17,17,18,18,18,18,20,20,21,22,23,23,23,23,扬州,Yangzhou,528.017011,522.3261526,483.5995501,575.2322476,719.8462027,江苏省
,,,,,,,,,,,,,,,,,,,,,,,,,,,,,,,,,,,,,,,,,,,,,,,1,1,1,1,1,2,2,2,2,2,3,4,5,6,7,7,7,7,7,7,7,7,7,7,7,7,7,承德,Chengde,1204.509733,1066.631074,1200.489311,1104.517524,1286.985771,河北省
,,,,,,,,,,,,,,,,,,,,,,,,,,,,,,,,,,,,,,,,,,,,,,1,4,6,7,8,9,13,15,18,24,29,34,44,46,56,59,63,64,67,68,69,71,72,72,72,72,72,72,抚州,Fuzhou,341.9558407,493.7572908,305.8844394,501.6160771,475.108604,江西省
,,,,,,,,,,,,,,,,,,,,,,,,,,,,,,,,,,,,,,,,,,,,,,,,,,,,,,,,,1,,,,,,,,1,1,,,,,,,,拉萨,Lasa,2229.862722,2185.402296,2284.16786,2135.350893,2033.285781,西藏自治区
,,,,,,,,,,,,,,,,,,,,,,,,,,,,,,,,,,,,,,,,,,,,,,,,3,3,4,6,6,6,6,6,6,6,6,7,7,7,7,7,8,8,8,8,8,8,8,8,8,8,揭阳,Jieyang,798.338681,958.12778,777.4166649,951.2748446,854.9141071,广东省
,,,,,,,,,,,,,,,,,,,,,,,,,,,,,,,,,,,,,,,,,,,,,,,,,,,,,1,7,9,10,10,11,11,11,12,13,13,13,13,13,13,13,13,13,16,16,16,攀枝花,Panzhihua,1305.614074,1322.669575,1354.957609,1267.658109,1110.117724,四川省
,,,,,,,,,,,,,,,,,,,,,,,,,,,,,,,,,,,,,,,,,,,,,,,,,,,,,,,,,1,1,1,1,1,1,2,2,2,2,2,2,2,2,2,2,2,文山,Wenshan,1274.669636,1343.411154,1313.610935,1291.370637,1107.26047,云南省
,,,,,,,,,,,,,,,,,,,,,,,,,,,,,,,,,,,,,,,,,,,,,,,,,,,,,,,,1,1,1,1,3,3,3,3,3,3,3,3,3,3,3,3,3,3,文昌,Wenchang,1261.41646,1400.58944,1270.369371,1367.524869,1197.641684,海南省
,,,,,,,,,,,,,,,,,,,,,,,,,,,,,,,,,,,,,,,,,,,,,,,1,3,4,6,7,11,15,21,21,27,33,39,41,41,43,44,46,48,53,54,55,55,56,57,57,57,57,新乡,Xinxiang,532.9639824,376.0450111,548.4545338,400.8085702,572.1458772,河南省
,,,,,,,,,,,,,,,,,,,,,,,,,,,,,,,,,,,,,,,,,,,,,,1,1,1,3,3,11,11,28,40,43,50,59,69,78,87,95,100,105,110,117,121,124,127,129,129,129,129,130,新余,Xinyu,306.1764708,465.9197374,291.5443646,458.0717487,382.3006597,江西省
,,,,,,,,,,,,,,,,,,,,,,,,,,,,,,,,,,,,,,,,,,,,,,1,1,2,4,6,9,10,12,13,19,23,25,26,28,31,34,38,41,45,48,49,51,52,53,55,55,55,55,无锡,Wuxi,582.9006463,605.4821049,532.9583685,655.4925485,781.2799104,江苏省
,,,,,,,,,,,,,,,,,,,,,,,,,,,,,,,,,,,,,,,,,,,,,,1,3,4,5,6,8,9,9,10,11,14,14,14,14,14,15,15,15,15,15,15,15,16,16,16,16,16,16,日照,Rizhao,725.769757,644.4964406,699.3082388,697.8628577,879.643114,山东省
,,,,,,,,,,,,,,,,,,,,,,,,,,,,,,,,,,,,,,,,,,,,,,3,4,4,7,12,15,21,25,30,31,32,34,35,40,41,41,42,45,46,46,48,48,48,51,51,52,53,53,昆明,Kunming,1291.758811,1332.797844,1337.053237,1278.366975,1105.80568,云南省
,,,,,,,,,,,,,,,,,,,,,,,,,,,,,,,,,,,,,,,,,,,,,,,,,,,,,,,,,1,2,2,2,2,2,3,4,4,4,4,4,4,4,4,4,4,昌吉,Changji,2806.213746,2679.172025,2853.217751,2653.491529,2669.311358,新疆维吾尔自治区
,,,,,,,,,,,,,,,,,,,,,,,,,,,,,,,,,,,,,,,,,,,,,,,,,,,,,1,1,1,3,3,3,3,4,5,5,6,6,7,7,7,7,7,7,7,7,7,昌江,Changjiang,1357.06812,1486.235419,1372.24048,1448.363545,1269.662603,海南省
,,,,,,,,,,,,,,,,,,,,,,,,,,,,,,,,,,,,,,,,,,,,,,,,1,1,2,2,4,6,6,8,8,9,10,10,10,10,12,12,14,14,14,19,25,25,25,25,25,25,昭通,Zhaotong,1032.73976,1020.009102,1085.708422,965.9040773,832.9907613,云南省
,,,,,,,,,,,,,,,,,,,,,,,,,,,,,,,,,,,,,,,,,,,,,,,,2,2,5,9,9,9,11,13,15,19,21,26,27,30,32,32,33,34,35,35,35,35,36,36,36,36,晋中,Jinzhong,808.7671096,649.371349,828.2083749,665.4849105,817.763919,山西省
,,,,,,,,,,,,,,,,,,,,,,,,,,,,,,,,,,,,,,,,,,,,,,,,,,,,,,2,3,6,7,7,7,8,8,8,8,8,8,8,8,8,9,9,9,10,10,晋城,Jincheng,571.4822304,411.6496012,594.7435268,424.7845699,577.9215309,山西省
,,,,,,,,,,,,,,,,,,,,,,,,,,,,,,,,,,,,,,,,,,,,,,,,,,,1,3,4,4,4,4,4,4,4,4,4,4,4,4,4,4,4,4,4,4,4,4,4,普洱,Puer,1555.361928,1604.482148,1598.599661,1550.435299,1374.302705,云南省
,,,,,,,,,,,,,,,,,,,,,,,,,,,,,,,,,,,,,,,,,,,,,,,1,1,2,2,2,2,3,3,3,3,4,4,4,4,4,5,5,5,5,5,5,5,5,6,6,6,6,景德镇,Jingdezhen,311.8589014,430.1928266,259.8271486,455.7494834,494.5808511,江西省
,,,,,,,,,,,,,,,,,,,,,,,,,,,,,,,,,,,,,,,,,,,,,,,1,1,2,2,5,5,5,5,5,6,9,10,10,10,11,11,12,13,13,13,13,13,13,13,13,13,13,曲靖,Qujing,1173.360781,1216.494963,1218.456271,1162.233205,988.2920234,云南省
,,,,,,,,,,,,,,,,,,,,,,,,,,,,,,,,,,,,,,,,,,,,,,,,,2,2,2,3,3,3,3,3,3,4,4,4,4,6,7,7,7,7,7,7,7,7,8,8,8,朔州,Shuozhou,992.3514244,833.1069631,1010.873276,849.3365991,999.2451829,山西省
,,,,,,,,,,,,,,,,,,,,,,,,,,,,,,,,,,,,,,,,,,,,,,1,2,2,2,2,4,4,5,6,6,6,6,6,6,6,6,6,6,6,6,6,6,6,6,6,6,6,6,朝阳,Zhaoyang,1344.118227,1218.563868,1332.730349,1261.476962,1448.098998,辽宁省
,,,,,,,,,,,,,,,,,,,,,,,,,,,,,,,,,,,,,,,,,,,,,,,1,2,2,2,2,3,3,3,3,3,3,3,3,3,3,3,3,3,3,3,3,3,3,3,3,3,3,本溪,Benxi,1465.497681,1360.167925,1444.61152,1408.633648,1596.571827,辽宁省
,,,,,,,,,,,,,,,,,,,,,,,,,,,,,,,,,,,,,,,,,,,,,,,,,,,,,,,,,,,1,1,3,7,11,11,11,11,11,11,11,11,11,11,11,来宾,Laibin,901.7342367,1014.225713,926.7675967,971.4644958,786.7079198,广西壮族自治区
,,,,,,,,,,,,,,,,,,,,,,,,,,,,,,,,,,,,,,,,,,,,,,,,,,,,,,,,,1,1,1,1,1,1,1,1,1,1,1,1,1,1,1,1,1,杨凌,Yangling,722.698491,607.668618,771.3680786,574.6660865,590.5577915,陕西省
,,,,,,,,,,,,,,,,,,,,,,,,,,,,,,,,,,,,,,,,,,,,,,6,12,27,27,32,51,69,85,98,110,118,132,141,151,156,162,165,155,157,159,162,165,166,166,168,168,169,169,杭州,Hangzhou,565.7780053,626.7123539,511.8379558,670.1655513,764.4835234,浙江省
,,,,,,,,,,,,,,,,,,,,,,,,,,,,,,,,,,,,,,,,,,,,,,1,1,,2,2,2,2,2,2,2,2,2,2,2,2,2,2,2,2,2,2,2,2,2,2,2,2,2,松原,Songyuan,1864.42156,1745.491914,1848.853081,1790.062952,1977.482562,吉林省
,,,,,,,,,,,,,,,,,,,,,,,,,,,,,,,,,,,,,,,,,,,,,,,,,2,5,8,9,9,12,15,16,16,17,17,19,20,21,21,23,23,23,23,24,24,24,24,24,24,枣庄,Zaozhuang,570.0951264,471.3973462,551.6900895,523.1741707,708.4680598,山东省
,,,,,,,,,,,,,,,,,,,,,,,,,,,,,,,,,,,,,,,,,,,,,,2,3,5,6,6,6,10,11,12,12,14,15,17,20,20,20,20,22,22,22,22,22,24,24,24,24,24,24,柳州,Liuzhou,840.087246,950.4211888,866.3709731,907.2200875,722.0639617,广西壮族自治区
,,,,,,,,,,,,,,,,,,,,,,,,,,,,,,,,,,,,,,,,,,,,,,1,1,3,5,7,13,18,19,22,25,26,34,38,41,46,48,58,61,68,71,75,77,78,78,78,78,78,78,株洲,Zhuzhou,318.4438827,459.1271133,333.7178912,431.4859427,291.4243636,湖南省
,,,,,,,,,,,,,,,,,,,,,,,,,,,,,,,,,,,,,,,,,,,,,,2,6,11,14,15,16,18,18,21,23,24,24,26,27,28,29,29,30,30,31,31,31,31,31,31,31,31,31,桂林,Guilin,702.2139681,815.9117856,727.8576322,774.1956679,591.2568539,广西壮族自治区
,,,,,,,,,,,,,,,,,,,,,,,,,,,,,,,,,,,,,,,,,,,,,,,,1,3,4,4,5,5,6,7,8,9,10,12,12,13,13,13,13,13,13,14,15,16,16,16,16,16,梅州,Meizhou,684.7353199,844.5115549,663.8851167,838.0137582,745.5523033,广东省
,,,,,,,,,,,,,,,,,,,,,,,,,,,,,,,,,,,,,,,,,,,,,,,,,,,,,,,,,,,,,,1,1,1,1,1,1,1,1,1,1,1,1,梅河口,Meihekou,1677.296109,1574.437037,1655.027343,1623.25243,1811.084503,吉林省
,,,,,,,,,,,,,,,,,,,,,,,,,,,,,,,,,,,,,,,,,,,,,,1,1,2,2,4,4,4,4,5,5,5,5,5,5,5,5,5,5,5,5,5,5,5,5,5,5,5,5,梧州,Wuzhou,830.6651567,965.7013471,843.8989413,931.4907592,761.2415234,广西壮族自治区
,,,,,,,,,,,,,,,,,,,,,,,,,,,,,,,,,,,,,,,,,,,,,,,,,,,,,,,2,2,4,4,4,4,4,4,4,4,4,4,4,4,4,4,4,4,4,楚雄,Chuxiong,1397.758092,1431.606174,1444.253001,1376.838681,1208.514083,云南省
,,,,,,,,,,,,,,,,,,,,,,,,,,,,,,,,,,,,,,,,,,,,,,,,,,,,1,1,1,1,1,1,1,2,2,3,3,3,3,3,3,3,3,3,3,3,3,3,榆林,Yulin,958.324024,801.9152804,989.6512971,800.918537,912.5174989,陕西省
,,,,,,,,,,,,,,,,,,,,,,,,,,,,,,,,,,,,,,,,,,,,,,,,,,,3,,,,,,,,,,,,,,,,,,,,,,,歙县,Shexian,403.9403083,488.5169752,349.4436965,525.3614646,599.4234394,安徽省
1,1,2,2,2,3,3,5,6,7,7,9,13,17,20,24,24,28,29,32,34,40,45,47,57,64,77,90,105,124,155,199,231,264,297,327,349,372,395,408,414,420,422,425,427,,495,572,618,698,1590,1905,2261,2639,3215,4109,5142,6384,8351,10117,11618,13603,14982,16902,18454,19558,32994,35991,37914,39462,41152,42752,44412,45027,武汉,Wuhan,0,159.8328968,54.49683382,159.7418746,199.7685535,湖北省
,,,,,,,,,,,,,,,,,,,,,,,,,,,,,,,,,,,,,,,,,,,,,,,,,,,,1,3,,4,4,9,11,13,17,21,21,21,21,22,22,23,23,23,23,23,23,23,毕节,Bijie,947.9892016,977.7149204,996.0205893,922.9525587,755.9958273,贵州省
,,,,,,,,,,,,,,,,,,,,,,,,,,,,,,,,,,,,,,,,,,,,,,,,,,,,,4,7,8,8,,,,,,,,,,,,,,,,,,永城,Yongcheng,426.0329463,321.1032753,413.0705151,372.9849212,558.2137178,河南省
,,,,,,,,,,,,,,,,,,,,,,,,,,,,,,,,,,,,,,,,,,,,,,4,4,4,4,7,11,14,16,18,22,26,26,30,32,38,40,40,41,42,43,43,43,43,43,43,43,43,43,永州,Yongzhou,544.1050454,669.5867067,565.3126975,632.7301608,459.7076315,湖南省
,,,,,,,,,,,,,,,,,,,,,,,,,,,,,,,,,,,,,,,,,,,,,,,,1,3,4,6,6,11,13,15,15,16,19,20,21,21,21,21,21,21,21,21,21,25,25,25,26,26,汉中,Hanzhong,657.5014373,566.1348188,709.5658672,524.1891106,500.7109444,陕西省
,,,,,,,,,,,,,,,,,,,,,,,,,,,,,,,,,,,,,,,,,,,,,,,1,2,2,5,8,12,12,14,15,18,18,20,21,22,25,25,25,25,25,25,25,25,25,25,25,25,25,汕头,Shantou,824.5395156,984.1204076,801.7608958,978.8733383,886.9653067,广东省
,,,,,,,,,,,,,,,,,,,,,,,,,,,,,,,,,,,,,,,,,,,,,,,,,1,1,1,1,3,4,4,5,5,5,5,5,5,5,5,5,5,5,5,5,5,5,5,5,5,汕尾,Shanwei,864.2116635,1023.198847,850.3291388,1009.947734,893.0660821,广东省
,,,,,,,,,,,,,,,,,,,,,,,,,,,,,,,,,,,,,,,,,,,,,,,,,,,1,1,2,3,3,4,6,7,9,14,15,19,20,20,21,22,22,22,23,23,23,23,23,江门,Jiangmen,885.190889,1035.04734,886.0494361,1009.713136,859.5044105,广东省
,,,,,,,,,,,,,,,,,,,,,,,,,,,,,,,,,,,,,,,,,,,,,,1,1,1,1,1,1,2,4,4,6,6,10,11,11,11,11,12,15,15,16,16,17,17,17,17,17,17,17,池州,Chizhou,305.8083814,368.7497393,252.990555,409.3613658,505.5220826,安徽省
,,,,,,,,,,,,,,,,,,,,,,,,,,,,,,,,,,,,,,,,,,,,,,2,5,6,7,8,9,9,10,13,17,18,18,23,23,25,26,26,26,27,28,28,28,28,28,28,28,28,28,沈阳,Shenyang,1492.188572,1382.023486,1473.264523,1429.335036,1617.436481,辽宁省
,,,,,,,,,,,,,,,,,,,,,,,,,,,,,,,,,,,,,,,,,,,,,,1,2,2,2,5,8,12,18,19,19,19,20,20,21,23,28,28,28,32,37,42,45,46,47,47,48,48,48,沧州,Cangzhou,896.6887415,759.1962202,893.5366051,798.1212929,982.1257785,河北省
,,,,,,,,,,,,,,,,,,,,,,,,,,,,,,,,,,,,,,,,,,,,,,1,3,3,3,3,3,5,6,6,6,6,8,9,11,11,15,19,21,21,21,21,21,22,22,22,22,23,23,河池,Hechi,892.1355816,984.1629342,925.2107208,936.4344706,748.3379231,广西壮族自治区
,,,,,,,,,,,,,,,,,,,,,,,,,,,,,,,,,,,,,,,,,,,,,,,,,,1,1,1,1,1,1,1,1,1,1,3,3,3,3,3,3,3,3,3,3,4,4,4,4,河源,Heyuan,753.2663889,910.7520475,743.7439284,894.3991485,770.4861771,广东省
,,,,,,,,,,,,,,,,,,,,,,,,,,,,,,,,,,,,,,,,,,,,,,1,3,5,10,13,13,18,22,24,29,31,35,55,39,40,40,42,42,43,43,44,44,46,46,46,46,46,46,泉州,Quanzhou,748.8333549,899.4194502,711.7314181,908.5169986,865.5095444,福建省
,,,,,,,,,,,,,,,,,,,,,,,,,,,,,,,,,,,,,,,,,,,,,,,,,,1,3,3,4,6,9,12,12,14,18,20,20,24,31,32,32,32,32,32,32,32,32,32,33,泰安,Taian,680.3290228,558.1886341,670.4473391,604.1724832,792.2196639,山东省
,,,,,,,,,,,,,,,,,,,,,,,,,,,,,,,,,,,,,,,,,,,,,,,,1,2,4,8,9,12,17,17,21,23,26,28,29,30,30,31,34,36,37,37,37,37,37,37,37,37,泰州,Taizhou,574.0987244,568.1993377,529.2399074,621.2840652,766.2806214,江苏省
,,,,,,,,,,,,,,,,,,,,,,,,,,,,,,,,,,,,,,,,,,,,,,,1,2,3,4,5,5,5,5,6,7,9,10,12,13,13,16,17,18,19,19,19,19,19,19,19,20,24,泸州,Luzhou,881.0986053,883.66127,932.8902146,828.7854896,681.9580014,四川省
,,,,,,,,,,,,,,,,,,,,,,,,,,,,,,,,,,,,,,,,,,,,,,1,1,1,2,2,2,2,3,5,7,7,12,17,21,24,25,25,27,28,29,30,30,31,31,31,31,31,31,洛阳,Luoyang,495.6388085,337.3404082,524.5907245,342.13708,484.6860255,河南省
,,,,,,,,,,,,,,,,,,,,,,,,,,,,,,,,,,,,,,,,,,,,,,2,3,5,7,10,11,14,16,18,19,22,25,29,34,41,42,43,44,46,47,47,47,47,47,47,47,47,47,济南,Jinan,724.2207704,596.7651252,716.5620028,640.7398613,828.2478163,山东省
,,,,,,,,,,,,,,,,,,,,,,,,,,,,,,,,,,,,,,,,,,,,,,1,2,5,5,5,5,8,8,11,14,18,21,25,32,35,38,39,39,41,42,43,46,49,51,52,52,52,52,济宁,Jining,579.5697782,457.2036981,570.9685516,503.8010995,691.9024773,山东省
,,,,,,,,,,,,,,,,,,,,,,,,,,,,,,,,,,,,,,,,,,,,,,,,,,,,,,,,2,2,2,3,4,4,4,4,4,4,4,4,4,4,5,5,5,5,济源,Jiyuan,531.2912687,371.9353007,557.8366651,380.4216884,527.3824385,河南省
,,,,,,,,,,,,,,,,,,,,,,,,,,,,,,,,,,,,,,,,,,,,,,,,,,,,,,,,1,3,3,3,,,,,3,3,3,,3,,,3,3,,海北,Haibei,1432.875464,1320.060941,1482.728089,1287.32352,1283.505174,青海省
,,,,,,,,,,,,,,,,,,,,,,,,,,,,,,,,,,,,,,,,,,,,,,3,3,3,6,7,9,9,9,11,11,13,14,16,16,21,23,23,28,29,29,29,31,33,33,34,34,34,39,海口,Haikou,1229.365006,1365.463298,1240.518165,1330.872434,1158.140751,海南省
,,,,,,,,,,,,,,,,,,,,,,,,,,,,,,,,,,,,,,,,,,,,,,,,1,2,2,4,8,9,10,12,12,12,14,14,15,15,16,17,20,21,23,28,29,29,29,29,29,29,淄博,Zibo,775.997591,659.9228971,762.4832479,707.1740127,895.2675683,山东省
,,,,,,,,,,,,,,,,,,,,,,,,,,,,,,,,,,,,,,,,,,,,,,,,1,1,2,2,2,2,6,6,8,11,14,17,22,22,23,23,24,24,25,25,26,26,27,27,27,27,淮北,Huaibei,447.2940716,350.9879787,430.4589431,403.8599423,587.374079,安徽省
,,,,,,,,,,,,,,,,,,,,,,,,,,,,,,,,,,,,,,,,,,,,,,,,1,2,2,2,6,6,6,6,7,8,12,12,14,21,22,23,24,24,24,23,23,24,25,27,27,27,淮南,Huainan,344.15778,299.4622611,313.9607194,354.0156729,516.6801808,安徽省
,,,,,,,,,,,,,,,,,,,,,,,,,,,,,,,,,,,,,,,,,,,,,,,,1,2,2,3,7,10,12,13,18,22,26,34,37,40,44,46,46,47,51,56,60,63,65,66,66,66,淮安,Huaian,564.0711028,521.5222015,527.9183394,576.4731288,741.5249425,江苏省
,,,,,,,,,,,,,,,,,,,,,,,,,,,,,,,,,,,,,,,,,1,9,10,14,15,15,20,31,36,57,80,98,134,170,207,245,271,291,316,339,354,366,369,375,386,391,400,406,414,415,416,416,416,深圳,Shenzhen,875.6287244,1030.646976,870.085127,1010.423634,873.7023336,广东省
,,,,,,,,,,,,,,,,,,,,,,,,,,,,,,,,,,,,,,,,,,,,,,1,2,3,3,6,6,6,6,6,6,7,8,10,10,10,10,10,10,10,12,12,12,12,12,12,12,12,12,清远,Qingyuan,766.5895821,915.2126246,769.2346575,889.2496402,738.8560665,广东省
,,,,,,,,,,,,,,,,,,,,,,,,,,,,,,,,,,,,,,,,,,,,,,6,10,18,32,60,114,172,227,241,265,291,340,364,396,421,438,448,464,474,481,490,496,499,502,503,504,504,504,温州,Wenzhou,675.9200853,781.4233932,623.058561,813.5695452,857.2106176,浙江省
,,,,,,,,,,,,,,,,,,,,,,,,,,,,,,,,,,,,,,,,,,,,,,,,,1,3,3,4,5,5,5,6,6,9,9,9,9,13,14,14,14,14,14,15,15,15,15,15,15,渭南,Weinan,633.0777094,502.0624961,677.651176,477.0624512,531.0976124,陕西省
,,,,,,,,,,,,,,,,,,,,,,,,,,,,,,,,,,,,,,,,,,,,,,,,1,3,3,5,5,6,6,6,9,9,9,9,9,10,10,10,10,10,10,10,10,10,10,10,10,10,湖州,Huzhou,555.9664612,600.2742564,503.4127131,646.8263092,755.7348611,浙江省
,,,,,,,,,,,,,,,,,,,,,,,,,,,,,,,,,,,,,,,,,,,,,,1,2,3,4,6,8,9,10,13,16,19,21,23,24,25,28,28,31,32,32,32,34,35,35,35,35,35,35,湘潭,Xiangtan,323.7373008,459.2102653,342.7740496,428.9373666,280.5870166,湖南省
,,,,,,,,,,,,,,,,,,,,,,,,,,,,,,,,,,,,,,,,,,,,,,,,3,3,3,3,4,5,6,6,6,6,7,7,8,8,8,8,8,8,8,8,8,8,8,8,8,8,湘西自治州,Xiangxizizhizhou,505.6589541,566.0136076,550.1871917,514.6213213,329.5982703,湖南省
,,,,,,,,,,,,,,,,,,,,,,,,,,,,,,,,,,,,,,,,,,1,2,2,2,2,2,4,5,7,9,11,11,13,14,14,18,18,19,20,20,21,21,21,21,21,22,22,22,22,22,22,22,湛江,Zhanjiang,1099.422372,1232.785369,1112.695908,1197.129543,1022.805637,广东省
,,,,,,,,,,,,,,,,,,,,,,,,,,,,,,,,,,,,,,,,,,,,,,1,2,2,2,4,4,4,4,6,6,8,11,11,11,11,11,11,12,12,12,13,13,13,13,13,13,13,13,滁州,Chuzhou,429.9665878,417.6558949,388.5216148,470.6659336,618.4003252,安徽省
,,,,,,,,,,,,,,,,,,,,,,,,,,,,,,,,,,,,,,,,,,,,,,,,,,,,1,1,1,1,1,,,,,,,,,,,,,,,,,,滑县,Huaxian,560.4159338,408.7739719,569.8798117,440.1615164,618.6180535,河南省
,,,,,,,,,,,,,,,,,,,,,,,,,,,,,,,,,,,,,,,,,,,,,,1,1,1,1,,,,,,,,,,,,,,,,,,,,,,,,,满洲里,Manzhouli,2132.986202,1983.47287,2136.467476,2012.729283,2181.982147,内蒙古自治区
,,,,,,,,,,,,,,,,,,,,,,,,,,,,,,,,,,,,,,,,,,,,,,,1,3,3,4,7,9,9,9,10,11,11,11,11,11,11,11,11,11,12,12,14,14,14,15,15,15,15,滨州,Binzhou,832.8053916,711.7606106,821.1847879,757.3738077,945.3252976,山东省
,,,,,,,,,,,,,,,,,,,,,,,,,,,,,,,,,,,,,,,,,,,,,,,,3,4.5,9,9,11,13,14,16,20,23,24,26,26,29,30,30,31,33,33,33,34,34,34,34,34,35,漯河,Tahe,338.2088242,182.1677285,355.1633366,212.9489737,395.3750904,河南省
,,,,,,,,,,,,,,,,,,,,,,,,,,,,,,,,,,,,,,,,,,,,,,0,3,4,5,6,7,7,8,11,12,13,13,15,16,16,16,16,16,17,19,19,19,20,20,20,20,20,20,漳州,Zhangzhou,729.4548003,886.7241848,700.2265709,887.7574621,818.2529957,福建省
,,,,,,,,,,,,,,,,,,,,,,,,,,,,,,,,,,,,,,,,,,,,,,1,1,2,3,3,5,7,8,9,11,13,14,16,21,27,31,36,37,38,38,41,41,42,43,44,44,44,44,潍坊,Weifang,809.3747912,707.0358912,789.8514863,757.243229,944.2232341,山东省
,,,,,,,,,,,,,,,,,,,,,,,,,,,,,,,,,,,,,,,,,,,,,,,,,5,7,8,10,12,27,35,35,44,54,64,74,80,82,85,90,90,94,104,116,166,182,185,185,185,潜江,Qianjiang,149.3517496,205.9399043,202.2219049,163.1843915,50.67913261,湖北省
,,,,,,,,,,,,,,,,,,,,,,,,,,,,,,,,,,,,,,,,,,,,,,,,,,,,,,3,4,4,4,5,5,5,5,5,5,5,5,5,5,5,5,5,5,5,5,潮州,Chaozhou,791.9899667,951.5401302,769.0813275,946.5031956,855.9488904,广东省
,,,,,,,,,,,,,,,,,,,,,,,,,,,,,,,,,,,,,,,,,,,,,,,,1,2,2,2,2,2,2,2,2,3,4,4,7,7,7,7,8,8,8,8,9,9,9,9,9,9,澄迈,Chengmai,1269.395593,1403.766486,1281.587282,1368.289454,1193.822415,海南省
,,,,,,,,,,,,,,,,,,,,,,,,,,,,,,,,,,,,,,,,,,,,,,,,2,,,,,,,,,,,,,,,,,,,,,,,,,,澳门,Aomen,934.6827574,1086.305173,933.4147563,1062.382997,915.2491291,澳门
,,,,,,,,,,,,,,,,,,,,,,,,,,,,,,,,,,,,,,,,,,,,,,,,,,,1,1,3,3,3,3,4,4,5,5,7,9,10,11,13,13,13,17,17,17,17,17,17,濮阳,Puyang,578.9878171,431.8888933,584.5653271,466.97128,648.8499932,河南省
,,,,,,,,,,,,,,,,,,,,,,,,,,,,,,,,,,,,,,,,,,,,,,2,2,2,8,10,12,13,18,20,20,26,26,27,30,34,35,37,39,41,43,46,46,46,46,47,47,47,47,烟台,Yantai,1014.44013,924.2536419,989.2039551,976.0105818,1161.210157,山东省
,,,,,,,,,,,,,,,,,,,,,,,,,,,,,,,,,,,,,,,,,,,,,,,,,,2,2,2,2,2,7,8,12,15,17,18,20,24,25,28,28,29,29,30,30,32,32,32,32,焦作,Jiaozuo,533.4726838,373.9242557,554.5220713,390.9686841,551.7309467,河南省
,,,,,,,,,,,,,,,,,,,,,,,,,,,,,,,,,,,,,,,,,,,,,,1,1,1,1,1,1,1,2,6,7,8,8,9,10,11,13,12,12,12,12,12,12,12,12,12,13,13,14,牡丹江,Mudanjiang,2057.389486,1958.413447,2033.11127,2007.790735,2195.376951,黑龙江省
,,,,,,,,,,,,,,,,,,,,,,,,,,,,,,,,,,,,,,,,,,,,,,,1,1,2,2,2,2,4,5,7,8,8,8,8,8,9,9,9,9,9,9,9,10,10,10,10,11,11,玉林,Yulin,966.6255111,1093.703623,984.093711,1055.691485,877.6305333,广西壮族自治区
,,,,,,,,,,,,,,,,,,,,,,,,,,,,,,,,,,,,,,,,,,,,,,,1,1,1,5,5,6,6,7,11,12,12,12,13,13,14,14,14,14,14,14,14,14,14,14,14,14,14,玉溪,Yuxi,1350.133555,1396.969181,1394.153724,1342.850839,1167.457155,云南省
,,,,,,,,,,,,,,,,,,,,,,,,,,,,,,,,,,,,,,,,,,3,4,4,4,8,10,12,12,12,18,26,34,38,47,55,64,72,73,76,83,83,85,86,87,89,91,95,96,97,98,98,98,珠海,Zhuhai,914.1327059,1066.65968,911.8492611,1043.640064,899.0404769,广东省
,,,,,,,,,,,,,,,,,,,,,,,,,,,,,,,,,,,,,,,,,,,,,,,,,,1,1,1,1,1,1,1,1,1,1,1,1,1,1,1,1,1,1,1,1,1,1,1,1,琼中,Qiongzhong,1348.486403,1483.219931,1360.276978,1447.803507,1273.267607,海南省
,,,,,,,,,,,,,,,,,,,,,,,,,,,,,,,,,,,,,,,,,,,,,,,,,,1,1,3,4,5,6,6,6,6,6,6,6,6,6,6,6,6,6,6,6,6,6,6,6,琼海,Qionghai,1307.313395,1445.513842,1316.858107,1411.870114,1240.726492,海南省
,,,,,,,,,,,,,,,,,,,,,,,,,,,,,,,,,,,,,,,,,,,,,,,,,,,,,,1,1,1,1,1,2,3,6,6,6,6,6,8,,8,8,8,8,8,8,甘南,Gannan,2082.160103,1950.297611,2073.108099,1990.014693,2173.697254,甘肃省
,,,,,,,,,,,,,,,,,,,,,,,,,,,,,,,,,,,,,,,,,,,,,,,,2,2,3,3,5,5,5,5,6,8,10,12,17,17,17,23,27,36,37,43,44,50,57,62,65,67,甘孜,Ganzi,1373.959892,1320.770259,1428.455741,1271.660083,1181.413931,四川省
,,,,,,,,,,,,,,,,,,,,,,,,,,,,,,,,,,,,,,,,,,,,,,,,,,,,,,,,,,,,,1,1,1,1,1,1,1,1,1,1,1,1,1,白城,Baicheng,1833.285475,1704.998005,1822.503234,1746.356564,1931.651394,吉林省
,,,,,,,,,,,,,,,,,,,,,,,,,,,,,,,,,,,,,,,,,,,,,,1,1,1,1,1,1,1,1,1,1,1,1,1,2,4,4,4,4,4,4,4,,4,4,4,4,4,4,白银,Baiyin,1148.472268,1027.854014,1196.538892,998.2743426,1012.598195,甘肃省
,,,,,,,,,,,,,,,,,,,,,,,,,,,,,,,,,,,,,,,,,,,,,,1,1,2,2,2,2,2,2,2,2,2,2,2,2,3,3,3,3,3,3,3,3,3,3,3,3,3,3,百色,Baise,1056.166748,1140.711112,1091.079801,1091.255134,903.6161956,广西壮族自治区
,,,,,,,,,,,,,,,,,,,,,,,,,,,,,,,,,,,,,,,,,,,,,,,4,4,7,10,14,17,20,24,27,30,35,40,41,43,44,46,53,54,58,59,59,59,59,59,59,59,59,益阳,Yiyang,286.5374804,398.1994931,319.7210948,360.1029891,192.2366223,湖南省
,,,,,,,,,,,,,,,,,,,,,,,,,,,,,,,,,,,,,,,,,,,,,,,1,1,1,1,6,6,8,13,15,15,15,15,16,16,17,17,18,18,21,25,26,27,27,27,27,27,27,盐城,Yancheng,634.9314692,605.4938019,594.6736244,660.1592704,819.1264933,江苏省
,,,,,,,,,,,,,,,,,,,,,,,,,,,,,,,,,,,,,,,,,,,,,,,,1,2,2,2,3,4,7,7,8,8,8,11,11,11,11,11,11,11,11,11,11,11,11,11,11,11,盘锦,Panjin,1370.044052,1256.25296,1352.970263,1302.772186,1490.827316,辽宁省
,,,,,,,,,,,,,,,,,,,,,,,,,,,,,,,,,,,,,,,,,,,,,,,,1,1,1,1,2,2,2,2,3,5,5,5,5,6,7,7,7,8,8,8,8,8,8,8,8,8,眉山,Meishan,1008.039695,983.1141307,1061.832598,929.9380239,809.2970171,四川省
,,,,,,,,,,,,,,,,,,,,,,,,,,,,,,,,,,,,,,,,,,,,,,,,,,,,,,,,,1,,1,1,1,1,1,1,1,1,1,1,,1,1,1,1,石嘴山,Shizuishan,1190.065087,1043.093496,1228.878465,1030.411031,1104.173712,宁夏回族自治区
,,,,,,,,,,,,,,,,,,,,,,,,,,,,,,,,,,,,,,,,,,,,,,1,4,5,7,9,10,11,11,12,13,16,21,21,24,24,24,24,25,27,27,27,27,27,28,28,28,28,28,石家庄,Shijiazhuang,833.2155366,679.8371623,842.7014687,707.4361951,878.3328783,河北省
,,,,,,,,,,,,,,,,,,,,,,,,,,,,,,,,,,,,,,,,,,,,,,,,,,,,,1,,,,,,1,1,,,,,,,,,,,,,,石河子,Shihezi,2916.791474,2790.378386,2963.981667,2764.394187,2778.686746,新疆维吾尔自治区
,,,,,,,,,,,,,,,,,,,,,,,,,,,,,,,,,,,,,,,,,,,,,,5,6,13,18,24,24,30,32,39,44,47,53,55,56,57,59,62,63,63,64,64,66,66,68,69,71,71,71,福州,Fuzhou,693.8565176,833.2466617,649.8010219,850.4932936,837.679967,福建省
,,,,,,,,,,,,,,,,,,,,,,,,,,,,,,,,,,,,,,,,,,,,,,,,,,,,,,1,1,2,2,4,3,5,7,7,7,9,9,9,9,10,10,10,10,10,10,秦皇岛,Qinhuangdao,1149.987998,1026.42994,1138.12877,1070.369291,1257.636186,河北省
,,,,,,,,,,,,,,,,,,,,,,,,,,,,,,,,,,,,,,,,,,,,,,,1,1,2,2,2,4,4,5,5,5,5,5,5,5,5,5,6,6,7,7,8,8,8,8,8,8,8,红河,Honghe,1421.702286,1477.316914,1463.660005,1423.821006,1244.610041,云南省
,,,,,,,,,,,,,,,,,,,,,,,,,,,,,,,,,,,,,,,,,,,,,,1,4,5,6,7,19,19,23,24,27,30,30,30,33,34,36,38,41,41,41,41,42,42,42,42,42,42,42,绍兴,Shaoxing,605.9180571,671.3604071,551.692505,714.0560243,803.7448008,浙江省
,,,,,,,,,,,,,,,,,,,,,,,,,,,,,,,,,,,,,,,,,,,,,,1,1,2,3,8,8,10,12,13,14,16,22,24,29,39,44,35,37,39,43,45,45,46,46,46,46,47,47,绥化,Suihua,2096.559714,1979.789399,2079.714919,2024.860479,2212.476772,黑龙江省
,,,,,,,,,,,,,,,,,,,,,,,,,,,,,,,,,,,,,,,,,,,,,,2,2,5,7,8,8,9,11,12,14,17,17,17,18,19,20,20,21,21,22,22,22,22,22,22,22,22,22,绵阳,Mianyang,920.7973137,871.3643812,975.2940098,821.0508118,729.1378236,四川省
,,,,,,,,,,,,,,,,,,,,,,,,,,,,,,,,,,,,,,,,,,,,,,,1,1,1,3,4,5,7,8,9,10,10,12,15,20,27,33,34,37,38,38,38,38,38,38,38,38,38,聊城,Liaocheng,675.5322698,537.1372138,674.3705872,576.7303828,761.8324044,山东省
,,,,,,,,,,,,,,,,,,,,,,,,,,,,,,,,,,,,,,,,,,,,,1,1,2,4,4,4,5,5,6,6,7,10,10,13,14,14,14,14,15,15,16,16,17,17,17,17,18,18,18,肇庆,Zhaoqing,848.2655862,993.5458788,853.6673243,964.960932,807.14835,广东省
,,,,,,,,,,,,,,,,,,,,,,,,,,,,,,,,,,,,,,,,,,,,,,,,,,,,,1,,,,,,1,1,,,,,,,,,,,,,,胡杨河,Huyanghe,3017.148762,2890.215602,3064.208912,2864.512099,2879.592706,新疆维吾尔自治区
,,,,,,,,,,,,,,,,,,,,,,,,,,,,,,,,,,,,,,,,,,,,,,,1,1,2,7,7,7,9,9,9,9,9,9,9,9,9,9,9,9,9,9,9,9,9,9,9,9,9,自贡,Zigong,929.1078827,920.0975343,981.8991283,865.6976341,729.3398113,四川省
,,,,,,,,,,,,,,,,,,,,,,,,,,,,,,,,,,,,,,,,,,,,,,1,2,2,4,4,6,6,7,7,7,7,7,7,7,7,7,7,7,10,10,10,10,10,10,10,10,10,10,舟山,Zhoushan,757.9929152,815.9663648,703.9531433,860.7663078,956.4014996,浙江省
,,,,,,,,,,,,,,,,,,,,,,,,,,,,,,,,,,,,,,,,,,,,,,,1,3,6,9,11,14,14,15,16,16,21,23,26,27,29,29,30,31,31,31,31,31,31,31,33,33,33,芜湖,Wuhu,399.2097472,429.0772181,349.8057107,476.851544,597.4802601,安徽省
,,,,,,,,,,,,,,,,,,,,,,,,,,,,,,,,,,,,,,,,,,,,,,2,3,7,8,12,20,24,32,34,38,44,52,55,60,69,72,75,77,80,84,85,85,86,86,86,87,87,87,苏州,Suzhou,609.5312844,640.0108313,558.3538229,689.0246044,808.828273,江苏省
,,,,,,,,,,,,,,,,,,,,,,,,,,,,,,,,,,,,,,,,,,,,,,,,,,,3,3,3,3,3,4,5,6,6,6,8,10,10,11,13,13,13,13,13,14,14,14,14,茂名,Maoming,1037.557357,1173.747436,1049.181612,1139.550292,968.2309166,广东省
,,,,,,,,,,,,,,,,,,,,,,,,,,,,,,,,,,,,,,,,,,,,,6,8,10,33,47,71,101,151,221,287,333,499,613,713,801,885,941,997,1045,1075,1110,1431,1447,1478,1490,1501,1537,1541,1510,荆州,Jingzhou,212.7027988,241.5158287,266.1912224,190.7563722,15.36033206,湖北省
,,,,,,,,,,,,,,,,,,,,,,,,,,,,,,,,,,,,,,,,,,,,,1,8,21,38,90,114,142,191,227,251,329,345,400,422,508,553,588,663,641,656,696,927,901,902,909,915,900,901,794,荆门,Jingmen,210.383187,191.5051107,264.5935585,137.0738573,76.37080058,湖北省
,,,,,,,,,,,,,,,,,,,,,,,,,,,,,,,,,,,,,,,,,,,,,,,,1,10,14,14,17,22,25,27,34,37,38,42,44,47,47,51,51,52,54,54,55,55,55,55,55,55,莆田,Putian,727.6922369,873.3514454,687.0376741,886.4715958,858.0026543,福建省
,,,,,,,,,,,,,,,,,,,,,,,,,,,,,,,,,,,,,,,,,,,,,,,1,1,4,5,7,7,8,8,9,10,10,12,13,13,14,16,16,17,18,18,18,18,18,18,18,18,18,菏泽,Heze,536.8931793,397.7631698,537.6914732,438.2241808,624.3604295,山东省
,,,,,,,,,,,,,,,,,,,,,,,,,,,,,,,,,,,,,,,,,,,,,,1,1,2,2,2,2,5,8,9,15,18,20,22,23,24,24,24,25,26,29,29,31,32,32,33,33,33,33,萍乡,Pingxiang,326.7278486,478.9014198,330.0808523,458.7186853,341.0111956,江西省
,,,,,,,,,,,,,,,,,,,,,,,,,,,,,,,,,,,,,,,,,,,,,,,,2,1,1,1,1,1,1,1,1,1,1,1,1,1,1,1,1,1,1,1,1,1,1,1,1,1,营口,Yingkou,1329.809395,1219.541036,1311.2983,1267.013171,1455.108071,辽宁省
,,,,,,,,,,,,,,,,,,,,,,,,,,,,,,,,,,,,,,,,,,,,,,,2,2,2,2,4,4,4,5,5,5,6,7,7,9,9,9,9,11,11,11,11,11,12,12,12,12,12,葫芦岛,Huludao,1279.128389,1160.096385,1264.687529,1205.253063,1392.990689,辽宁省
,,,,,,,,,,,,,,,,,,,,,,,,,,,,,,,,,,,,,,,,,,,,,,1,1,1,3,3,3,8,15,16,26,37,43,48,64,88,99,115,126,134,141,146,149,153,157,158,158,159,160,蚌埠,Bengbu,392.2272608,341.4753969,362.0131618,396.3822281,562.7970939,安徽省
,,,,,,,,,,,,,,,,,,,,,,,,,,,,,,,,,,,,,,,,,,,,,,,,,,2,3,4,4,4,4,4,5,5,7,7,7,8,8,8,8,8,8,8,8,8,8,8,8,衡水,Hengshui,809.1516203,664.3609005,811.3194999,699.4444202,879.9517989,河北省
,,,,,,,,,,,,,,,,,,,,,,,,,,,,,,,,,,,,,,,,,,,,,,,3,3,4,7,17,20,25,26,30,32,35,39,43,43,43,45,45,45,45,45,46,47,47,48,48,48,48,衡阳,Hengyang,434.8335823,567.0520922,453.5820366,533.8596139,371.8505186,湖南省
,,,,,,,,,,,,,,,,,,,,,,,,,,,,,,,,,,,,,,,,,,,,,,2,2,3,5,5,8,10,12,13,13,14,15,15,15,15,15,15,15,21,21,21,21,21,21,21,21,21,21,衢州,Quzhou,474.2287115,578.5400139,420.8350134,610.2158313,660.1099806,浙江省
,,,,,,,,,,,,,,,,,,,,,,,,,,,,,,,,,,,,,,,,,,,,,,,1,9,36,70,131,163,286,347,441,548,632,735,787,838,907,988,1019,1063,1088,1101,1111,1128,1144,1155,1163,1165,1167,襄阳,Xiangyang,272.5881544,160.426729,318.6008743,120.8612358,210.2833233,湖北省
,,,,,,,,,,,,,,,,,,,,,,,,,,,,,,,,,,,,,,,,,,,,,,1,1,1,1,6,10,10,12,12,12,13,13,15,15,15,15,15,15,15,15,15,15,15,15,15,15,15,15,西双版纳,Xishuangbanna,1643.800704,1700.100264,1685.292406,1646.565522,1467.400647,云南省
,,,,,,,,,,,,,,,,,,,,,,,,,,,,,,,,,,,,,,,,,,,,,,,1,,6,,,6,8,9,9,12,12,14,15,,,,,15,15,15,,15,,,15,15,,西宁,Xining,1344.338456,1232.376704,1394.297334,1199.21133,1194.805997,青海省
,,,,,,,,,,,,,,,,,,,,,,,,,,,,,,,,,,,,,,,,,,,,,,2,5,8,12,15,18,22,32,39,47,55,60,70,74,80,88,96,98,104,110,114,114,114,114,117,117,118,120,西安,Xian,653.4504933,531.2407513,700.4018281,501.3903324,535.4218987,陕西省
,,,,,,,,,,,,,,,,,,,,,,,,,,,,,,,,,,,,,,,,,,,,,,,,,1,2,2,3,8,12,13,15,19,24,26,28,30,31,31,32,34,34,37,37,38,38,38,39,39,许昌,Xuchang,390.9673493,233.0858479,409.3605609,258.4733607,434.8016381,河南省
,,,,,,,,,,,,,,,,,,,,,,,,,,,,,,,,,,,,,,,,,,,,,,,,,,,,,,,4,5,5,5,7,7,7,7,8,8,8,8,8,8,8,8,8,8,8,贵港,Guigang,944.8534911,1064.914007,966.1244741,1024.411629,842.5077652,广西壮族自治区
,,,,,,,,,,,,,,,,,,,,,,,,,,,,,,,,,,,,,,,,,,,,,,1,1,1,1,1,1,1,4,,6,7,10,12,15,18,18,24,27,29,31,33,34,34,34,36,36,36,36,贵阳,Guiyang,862.6806577,916.8737863,906.3290005,863.7370246,683.5403822,贵州省
,,,,,,,,,,,,,,,,,,,,,,,,,,,,,,,,,,,,,,,,,,,,,,,,,,,,1,1,1,3,4,6,4,4,4,4,4,4,4,4,4,4,4,4,4,4,4,4,贺州,Hezhou,729.6594115,863.6873283,744.1320877,829.3738794,659.6931065,广西壮族自治区
,,,,,,,,,,,,,,,,,,,,,,,,,,,,,,,,,,,,,,,,,,,,,,,,,2,2,2,2,2,2,2,2,2,2,2,2,3,3,3,3,3,3,3,3,3,3,3,3,3,资阳,Ziyang,933.9574978,908.7746178,987.8192402,855.5367441,735.426824,四川省
,,,,,,,,,,,,,,,,,,,,,,,,,,,,,,,,,,,,,,,,,,,,,,,2,7,7,10,16,21,27,30,34,35,42,48,52,59,64,69,71,72,72,76,76,76,76,76,76,76,76,赣州,Ganzhou,520.9934793,679.9278661,508.6972504,667.4931405,562.1251621,江西省
,,,,,,,,,,,,,,,,,,,,,,,,,,,,,,,,,,,,,,,,,,,,,,,1,1,1,2,2,2,2,2,2,2,2,3,3,4,4,4,4,,5,5,7,7,9,9,9,9,9,赤峰,Chifeng,1367.010971,1230.79758,1361.564075,1269.231581,1452.064677,内蒙古自治区
,,,,,,,,,,,,,,,,,,,,,,,,,,,,,,,,,,,,,,,,,,,,,,,,,,,,,,,,,3,3,5,5,6,6,6,6,6,6,6,7,7,7,7,7,7,辽源,Liaoyuan,1683.809688,1575.973923,1663.557377,1623.675872,1811.758901,吉林省
,,,,,,,,,,,,,,,,,,,,,,,,,,,,,,,,,,,,,,,,,,,,,,,,,,1,1,1,1,1,2,2,2,2,2,2,3,3,3,3,3,3,3,3,3,3,3,3,3,辽阳,Liaoyang,1435.236293,1326.937621,1415.641434,1374.758886,1562.824853,辽宁省
,,,,,,,,,,,,,,,,,,,,,,,,,,,,,,,,,,,,,,,,,,,,,,1,1,1,3,3,4,6,8,9,9,11,13,17,20,23,25,25,28,30,33,36,36,36,36,38,39,40,40,达州,Dazhou,656.1846687,613.9196935,710.6772197,561.9431369,464.7671687,四川省
,,,,,,,,,,,,,,,,,,,,,,,,,,,,,,,,,,,,,,,,,,,,,,,2,2,2,3,4,7,8,10,10,13,16,17,17,17,17,18,18,19,19,19,19,19,19,19,19,19,19,运城,Yuncheng,589.8827884,440.0145789,626.5511956,430.3294891,534.404113,山西省
,,,,,,,,,,,,,,,,,,,,,,,,,,,,,,,,,,,,,,,,,,,,,,1,1,3,3,3,3,6,9,13,13,14,17,20,22,24,27,32,35,37,39,42,45,46,48,48,48,48,48,连云港,Lianyungang,641.0739164,571.7265385,611.6418995,626.1615818,803.3507216,江苏省
,,,,,,,,,,,,,,,,,,,,,,,,,,,,,,,,,,,,,,,,,,,,,,,,,,,1,1,1,1,1,1,1,1,1,2,2,3,3,3,3,3,3,3,3,3,3,3,4,通化,Tonghua,1602.289482,1506.929064,1577.275833,1557.241446,1744.158707,吉林省
,,,,,,,,,,,,,,,,,,,,,,,,,,,,,,,,,,,,,,,,,,,,,,,,,1,1,1,1,1,1,1,1,1,1,1,2,3,3,6,,6,6,6,6,6,6,7,7,7,通辽,Tongliao,1616.451506,1492.437376,1603.73844,1535.560825,1722.225862,内蒙古自治区
,,,,,,,,,,,,,,,,,,,,,,,,,,,,,,,,,,,,,,,,,,,,,,1,2,2,2,3,3,4,5,5,5,5,5,5,5,5,6,8,10,10,10,10,10,10,12,17,17,17,17,遂宁,Suining,837.6897416,808.5284403,891.8045195,755.5281809,640.2576758,四川省
,,,,,,,,,,,,,,,,,,,,,,,,,,,,,,,,,,,,,,,,,,,,,,,,,,,,1,4,,5,8,9,9,11,12,15,15,19,24,25,25,28,31,32,32,32,32,32,遵义,Zunyi,785.8318329,823.0936291,833.0994552,768.7940546,596.5252713,贵州省
,,,,,,,,,,,,,,,,,,,,,,,,,,,,,,,,,,,,,,,,,,,,,,,,,,,,,,,14,14,,,,,,,,,,,,,,,,,,邓州,Dengzhou,321.4242369,194.0350625,365.0351842,164.4412718,261.383655,河南省
,,,,,,,,,,,,,,,,,,,,,,,,,,,,,,,,,,,,,,,,,,,,,,,,,1,2,3,5,7,10,10,14,16,16,19,20,21,21,21,21,21,21,22,22,22,23,23,23,23,邢台,Xingtai,724.4716022,571.4779894,734.0575111,600.0763858,773.3596682,河北省
,,,,,,,,,,,,,,,,,,,,,,,,,,,,,,,,,,,,,,,,,,,,,,,,2,2,4,4,6,7,10,11,11,14,14,18,22,26,27,27,27,29,31,31,31,31,31,31,31,31,邯郸,Handan,674.5257502,521.6923198,684.2388704,550.8000315,725.2706092,河北省
,,,,,,,,,,,,,,,,,,,,,,,,,,,,,,,,,,,,,,,,,,,,,,,2,2,8,11,19,29,36,41,49,51,55,68,74,83,86,87,89,91,94,99,100,100,101,101,101,102,102,邵阳,Shaoyang,457.0410612,570.8652926,485.264983,530.8082417,352.4958399,湖南省
,,,,,,,,,,,,,,,,,,,,,,,,,,,,,,,,,,,,,,,,,,,,,,3,6,20,29,37,40,46,50,56,65,72,85,92,102,112,120,126,130,132,137,141,142,144,148,151,154,156,156,郑州,Zhengzhou,474.2651799,315.9142913,492.561896,338.341477,508.4686099,河南省
,,,,,,,,,,,,,,,,,,,,,,,,,,,,,,,,,,,,,,,,,,,,,,1,1,3,6,7,7,10,12,13,18,21,22,24,25,29,31,32,32,33,38,38,39,39,39,39,39,39,39,郴州,Chenzhou,539.7339884,685.179233,547.0659117,658.0399882,508.8951036,湖南省
,,,,,,,,,,,,,,,,,,,,,,,,,,,,,,,,,,,,,,,,,,,,,,,2,2,2,2,2,3,3,5,6,9,9,11,11,11,11,11,11,,11,11,11,11,11,11,11,11,11,鄂尔多斯,Eerduosi,1103.414839,944.5898786,1130.728851,949.0944538,1071.851476,内蒙古自治区
,,,,,,,,,,,,,,,,,,,,,,,,,,,,,,,,,,,,,,,,,,,,,,,1,1,20,57,84,123,189,227,278,306,332,382,423,471,569,639,725,790,861,1065,1125,1192,1230,1274,1339,1343,1338,鄂州,Ezhou,58.2169246,194.4637821,6.632208655,206.8816501,255.1819016,湖北省
,,,,,,,,,,,,,,,,,,,,,,,,,,,,,,,,,,,,,,,,,,,,,,27,57,75,110,132,147,182,211,247,275,312,344,376,400,415,428,450,473,489,509,525,532,538,547,553,553,555,560,重庆,Chongqing,756.1844884,751.2398434,808.9241604,696.5209352,556.4235326,重庆市
,,,,,,,,,,,,,,,,,,,,,,,,,,,,,,,,,,,,,,,,,,,,,,1,2,3,5,7,13,20,27,34,34,36,40,44,47,48,52,53,53,53,54,55,55,55,55,55,55,55,55,金华,Jinhua,537.9948875,631.3674439,483.8527145,666.7395468,728.1341024,浙江省
,,,,,,,,,,,,,,,,,,,,,,,,,,,,,,,,,,,,,,,,,,,,,,,,,,1,1,1,1,1,1,1,1,1,1,1,1,1,1,1,1,1,,1,1,1,1,1,1,金昌,Jinchang,1419.588554,1290.799564,1465.741755,1265.605126,1292.519238,甘肃省
,,,,,,,,,,,,,,,,,,,,,,,,,,,,,,,,,,,,,,,,,,,,,,,,,,,,1,1,1,2,2,3,4,7,7,8,8,8,8,8,8,8,8,8,8,8,8,8,钦州,Qinzhou,1105.749076,1222.169769,1128.206906,1180.137739,995.960433,广西壮族自治区
,,,,,,,,,,,,,,,,,,,,,,,,,,,,,,,,,,,,,,,,,,,,,,,2,2,2,2,2,2,3,3,3,3,3,3,3,3,3,4,4,4,7,7,7,7,7,7,7,7,7,铁岭,Tieling,1561.782585,1451.201724,1542.902727,1498.341791,1686.442214,辽宁省
,,,,,,,,,,,,,,,,,,,,,,,,,,,,,,,,,,,,,,,,,,,,,,1,2,2,2,2,2,2,3,,3,6,6,6,6,6,6,7,8,9,10,10,10,10,10,10,10,10,10,铜仁,Tongren,584.6779186,649.5241662,627.4653486,598.3180346,412.7928044,贵州省
,,,,,,,,,,,,,,,,,,,,,,,,,,,,,,,,,,,,,,,,,,,,,,,3,5,5,5,5,5,5,5,6,7,7,7,7,8,8,8,8,8,8,8,8,8,8,8,8,8,8,铜川,Tongchuan,702.6563088,567.7896354,746.1855747,545.4269273,603.7044719,陕西省
,,,,,,,,,,,,,,,,,,,,,,,,,,,,,,,,,,,,,,,,,,,,,,,3,3,3,9,9,10,14,16,16,18,19,19,20,22,23,24,25,27,27,28,28,28,28,28,29,29,29,铜陵,Tongling,339.2220444,387.5940282,287.8224773,431.5575288,538.8005494,安徽省
,,,,,,,,,,,,,,,,,,,,,,,,,,,,,,,,,,,,,,,,,,,,,,1,1,2,5,7,7,9,11,15,16,19,20,,25,27,29,28,28,30,31,32,32,33,,33,33,33,33,银川,Yinchuan,1149.194754,1005.302415,1189.592854,989.9512776,1055.956747,宁夏回族自治区
,,,,,,,,,,,,,,,,,,,,,,,,,,,,,,,,,,,,,,,,,,,,,,,2,2,2,2,2,2,2,2,2,2,2,2,2,2,2,2,5,,2,3,5,6,6,8,8,9,9,锡林郭勒,Xilinguolei,1497.043495,1346.930859,1501.708064,1376.227686,1546.669363,内蒙古自治区
,,,,,,,,,,,,,,,,,,,,,,,,,,,,,,,,,,,,,,,,,,,,,,,,,,4,4,4,5,7,7,7,7,7,7,8,10,11,11,11,12,12,12,12,12,12,12,12,12,锦州,Jinzhou,1328.525757,1209.299746,1314.048516,1254.324501,1442.00762,辽宁省
,,,,,,,,,,,,,,,,,,,,,,,,,,,,,,,,,,,,,,,,,,,,,,,,2,2,2,2,2,2,2,3,3,5,6,8,9,11,12,12,12,12,12,12,12,12,12,12,12,12,镇江,Zhenjiang,522.3469233,523.0705341,476.6944452,575.3549575,715.9414273,江苏省
,,,,,,,,,,,,,,,,,,,,,,,,,,,,,,,,,,,,,,,,,,,,,,,,,,,,1,2,2,2,2,,,,,,,,,,,,,,,,,,长垣,Zhangyuan,519.0067487,369.4891014,527.1142603,403.3529624,584.7069501,河南省
,,,,,,,,,,,,,,,,,,,,,,,,,,,,,,,,,,,,,,,,,,,,,,1,1,,1,1,1,4,4,7,13,17,18,28,29,32,32,37,39,40,42,42,43,44,45,45,45,45,45,长春,Changchun,1773.720391,1662.21964,1754.895609,1708.949496,1897.019137,吉林省
,,,,,,,,,,,,,,,,,,,,,,,,,,,,,,,,,,,,,,,,,,,,,,8,8,18,22,24,46,57,68,86,112,125,148,164,179,190,196,205,213,219,223,228,238,241,241,241,241,241,242,长沙,Changsha,285.889459,420.5170984,306.7237163,390.5721612,246.5330637,湖南省
,,,,,,,,,,,,,,,,,,,,,,,,,,,,,,,,,,,,,,,,,,,,,,,1,1,1,1,1,3,3,3,3,3,3,3,5,5,5,7,7,7,8,8,8,8,8,8,8,8,8,长治,Zhangzhi,638.092469,478.7011671,658.0461561,495.7203989,653.2090578,山西省
,,,,,,,,,,,,,,,,,,,,,,,,,,,,,,,,,,,,,,,,,,,,,,,,,,,,,,2,3,5,7,7,7,7,7,7,8,8,8,8,8,8,8,8,8,8,8,阜新,Fuxin,1433.122443,1312.616005,1419.016587,1357.104775,1544.55181,辽宁省
,,,,,,,,,,,,,,,,,,,,,,,,,,,,,,,,,,,,,,,,,,,,,,2,7,10,10,21,23,28,38,47,59,65,79,84,95,105,113,118,125,132,138,142,146,150,152,153,154,155,155,阜阳,Fuyang,298.781508,208.6080709,285.906548,263.2344861,441.5816744,安徽省
,,,,,,,,,,,,,,,,,,,,,,,,,,,,,,,,,,,,,,,,,,,,,,,2,2,3,3,5,5,7,8,8,9,11,13,15,15,16,16,17,17,17,17,17,17,18,18,18,18,19,防城港,Fangchenggang,1151.940435,1267.760375,1174.542095,1225.459816,1040.920807,广西壮族自治区
,,,,,,,,,,,,,,,,,,,,,,,,,,,,,,,,,,,,,,,,,,,,,,3,5,8,8,9,10,10,10,10,10,10,12,12,13,13,13,13,13,13,13,13,13,13,13,13,13,13,13,阳江,Yangjiang,989.018559,1132.579842,995.3425892,1102.536674,940.2437621,广东省
,,,,,,,,,,,,,,,,,,,,,,,,,,,,,,,,,,,,,,,,,,,,,,,,1,1,1,1,1,1,1,1,2,2,2,3,4,4,4,4,4,4,4,4,4,4,4,4,4,4,阳泉,Yangquan,815.937071,658.5994217,830.6281146,680.5047195,842.7952758,山西省
,,,,,,,,,,,,,,,,,,,,,,,,,,,,,,,,,,,,,,,,,,,,,,,,,,,,,1,1,1,1,1,1,1,1,1,1,1,1,1,1,1,1,1,1,1,1,1,阿克苏,Akesu,3266.827186,3157.112386,3317.630988,3123.821968,3107.318824,新疆维吾尔自治区
,,,,,,,,,,,,,,,,,,,,,,,,,,,,,,,,,,,,,,,,,,,,,,,,,,,,,1,1,1,1,1,1,1,1,1,1,1,1,1,1,1,1,1,1,1,1,1,阿坝,Aba,1209.001644,1152.198669,1263.481895,1103.547854,1018.573387,四川省
,,,,,,,,,,,,,,,,,,,,,,,,,,,,,,,,,,,,,,,,,,,,,,,,,1,1,1,1,3,3,3,4,4,4,4,4,4,4,4,4,4,4,,4,4,4,4,4,4,陇南,Longnan,941.4440337,857.4437071,994.6193412,814.3584532,770.0846042,甘肃省
,,,,,,,,,,,,,,,,,,,,,,,,,,,,,,,,,,,,,,,,,,,,,,,1,1,1,1,1,2,3,5,5,5,5,5,4,4,4,4,4,4,4,4,4,4,4,4,4,4,4,陵水,Lingshui,1402.33244,1539.241016,1412.582236,1504.81441,1331.964641,海南省
,,,,,,,,,,,,,,,,,,,,,,,,,,,,,,,,,,,,,,,,,,,,,,,5,36,52,70,116,143,228,304,384,458,641,706,834,915,953,984,1049,1095,1129,1160,1206,1232,1254,1267,1278,1280,1283,随州,Suizhou,159.7418746,55.01341514,200.7587248,0,188.101879,湖北省
,,,,,,,,,,,,,,,,,,,,,,,,,,,,,,,,,,,,,,,,,,,,,,1,1,1,1,2,2,2,3,5,5,5,5,6,6,6,6,6,6,6,6,7,7,7,7,7,7,7,7,雅安,Yaan,1092.697433,1067.021305,1146.474647,1014.00089,893.902503,四川省
,,,,,,,,,,,,,,,,,,,,,,,,,,,,,,,,,,,,,,,,,,,,,,4,6,8,13,15,17,21,21,21,24,26,32,35,41,44,46,49,53,54,53,53,55,56,57,57,58,59,59,青岛,Qingdao,832.2531458,750.4958271,805.1225545,803.6006124,986.0375519,山东省
,,,,,,,,,,,,,,,,,,,,,,,,,,,,,,,,,,,,,,,,,,,,,,,,,,,,,,1,1,1,1,1,3,3,3,3,3,3,3,3,4,4,4,4,4,4,4,鞍山,Anshan,1405.044807,1295.893974,1385.876486,1343.546158,1531.629497,辽宁省
,,,,,,,,,,,,,,,,,,,,,,,,,,,,,,,,,,,,,,,,,,,,,,,,,,,,1,1,1,1,1,1,1,1,1,1,1,1,1,1,1,1,1,1,1,1,1,1,韩城,Hancheng,656.7489442,507.8017121,694.056342,497.056753,593.8690392,陕西省
,,,,,,,,,,,,,,,,,,,,,,,,,,,,,,,,,,,,,,,,,,,,2,2,3,3,4,4,4,4,4,4,4,5,5,6,6,6,6,6,6,6,7,7,8,8,10,10,10,10,10,10,韶关,Shaoguan,633.0927243,785.1642896,632.684044,762.6012708,623.655721,广东省
,,,,,,,,,,,,,,,,,,,,,,,,,,,,,,,,,,,,,,,,,,,,,,,4,7,7,10,11,14,14,22,27,28,28,30,46,30,31,31,31,32,32,32,34,35,36,36,36,37,37,马鞍山,Maanshan,414.4156911,434.850497,366.4252132,484.1270557,611.3383273,安徽省
,,,,,,,,,,,,,,,,,,,,,,,,,,,,,,,,,,,,,,,,,,,,,,,2,7,9,10,16,25,30,40,46,58,72,82,98,106,113,116,123,126,128,134,137,138,138,138,139,139,139,驻马店,Zhumadian,274.1509831,118.0025566,292.9340657,152.4008493,338.525751,河南省
,,,,,,,,,,,,,,,,,,,,,,,,,,,,,,,,,,,,,,,,,,,,,,,,,,,1,1,2,4,4,6,9,12,21,29,31,34,34,38,43,44,44,45,46,46,46,46,46,鸡西,Jixi,2190.503264,2092.256848,2165.81402,2141.716728,2329.259303,黑龙江省
,,,,,,,,,,,,,,,,,,,,,,,,,,,,,,,,,,,,,,,,,,,,,,,,,2,2,5,6,6,6,8,8,10,10,10,11,13,17,17,18,19,19,19,19,19,19,19,19,19,鹤壁,Hebi,596.8304097,442.1190527,609.0604067,469.6145761,643.1066582,河南省
,,,,,,,,,,,,,,,,,,,,,,,,,,,,,,,,,,,,,,,,,,,,,,,,,,,,1,1,1,1,1,2,2,2,2,3,4,5,5,5,5,5,5,5,5,5,5,5,鹤岗,Hegang,2315.019912,2205.773755,2294.63338,2252.767975,2440.856156,黑龙江省
,,,,,,,,,,,,,,,,,,,,,,,,,,,,,,,,,,,,,,,,,,,,,,,,,,1,1,3,4,4,8,8,8,9,9,10,11,11,12,14,18,18,18,18,18,18,18,18,18,鹰潭,Yingtan,365.5539855,507.1120398,321.8647514,522.3579218,519.4422178,江西省
,,,,,,,,,,,,,,,,,,,,,,,,,,,,,,,,,,,,,,,,,,,,,,12,64,122,154,213,324,496,573,726,1002,1246,1422,1645,1807,1897,2041,2141,2252,2332,2398,2662,2791,2817,2823,2831,2828,2844,2839,黄冈,Huanggang,54.49683382,187.8811069,0,200.7587248,252.8657954,湖北省
,,,,,,,,,,,,,,,,,,,,,,,,,,,,,,,,,,,,,,,,,,,,,,,,1,1,4,7,7,9,9,9,9,9,9,9,9,9,9,9,9,9,9,9,9,9,9,9,9,9,黄山,Huangshan,363.0314559,437.2674878,308.8782727,476.213079,561.3034133,安徽省
,,,,,,,,,,,,,,,,,,,,,,,,,,,,,,,,,,,,,,,,,,,,,,,31,31,36,53,86,113,168,209,252,334,405,509,566,635,703,760,805,835,874,911,943,980,988,988,985,985,967,黄石,Huangshi,82.95379105,221.4669649,33.99346706,234.5830304,274.4557951,湖北省
,,,,,,,,,,,,,,,,,,,,,,,,,,,,,,,,,,,,,,,,,,,,,,,,,,,,,,,1,1,1,1,1,1,2,2,4,4,6,10,13,13,14,14,14,14,14,黑河,Heihe,2450.31065,2324.06384,2437.852657,2365.825956,2551.300652,黑龙江省
,,,,,,,,,,,,,,,,,,,,,,,,,,,,,,,,,,,,,,,,,,,,,,,,,,,,1,2,,4,4,4,5,5,5,5,7,8,10,10,10,10,10,10,10,10,10,10,黔东南,Qiandongnan,756.9414268,825.1758547,797.7493545,773.8398663,588.4397952,贵州省
,,,,,,,,,,,,,,,,,,,,,,,,,,,,,,,,,,,,,,,,,,,,,,1,1,1,2,4,4,4,4,,5,5,6,6,6,7,7,7,8,16,17,17,17,17,17,17,17,17,17,黔南,Qiannan,815.0580535,882.5096234,855.7739213,830.9327748,645.981636,贵州省
,,,,,,,,,,,,,,,,,,,,,,,,,,,,,,,,,,,,,,,,,,,,,,,,1,1,1,1,1,1,,1,1,3,3,3,3,4,4,4,4,4,4,4,4,4,4,4,4,4,黔西南,Qianxinan,1104.283511,1161.009209,1146.611595,1107.827733,927.4745726,贵州省
,,,,,,,,,,,,,,,,,,,,,,,,,,,,,,,,,,,,,,,,,,,,,,,,1,1,2,3,3,3,3,3,6,6,20,26,277,27,27,30,32,33,33,36,36,38,42,43,43,43,齐齐哈尔,Qiqihaer,2041.740103,1912.799773,2031.081015,1953.750248,2138.622032,黑龙江省
,,,,,,,,,,,,,,,,,,,,,,,,,,,,,,,,,,,,,,,,,,,,,,,,,,1,1,1,1,1,1,1,2,2,2,4,5,6,6,6,6,6,6,6,6,6,6,6,6,龙岩,Longyan,654.7999053,812.3023695,626.0900518,812.9893678,744.5992124,福建省
