cityName-ch,cityName,lat,lon,distance
北京,Beijing,39.92,116.46,1060.99616510963
上海,Shanghai,31.22,121.48,689.9446181928546
天津,Tianjin,39.13,117.2,990.9258191546812
重庆,Zhongqing,29.59,106.54,756.1844883759195
石家庄,Shijiazhuang,38.03,114.48,833.2155365731741
唐山,Tangshan,39.63,118.02,1065.538801385571
行唐,Xingtang,38.42,114.54,876.6129952638609
灵寿,Lingshou,38.31,114.38,864.1727549454268
束鹿,Shulu,37.94,115.18,826.9602466207372
晋县,Jinxian,38.03,115.03,835.6941685015264
藁城,Gaocheng,38.03,114.84,834.492485540592
高邑,Gaoyi,37.62,114.58,787.9548377297298
赵县,Zhaoxian,37.76,114.78,804.2658491979258
井陉,Jingxing,38.03,114.13,833.23328541239
获鹿,Huolu,38.08,114.03,839.0135133485368
新乐,Xinle,38.33,114.67,866.9983355512221
正定,Zhengding,38.13,114.56,844.481141351717
深泽,Shenze,38.2,115.2,855.8497337690876
无极,Wuji,38.16,114.96,849.5990679296198
赞皇,Zanhuang,37.65,114.35,790.9000451180453
元氏,Yuanshi,37.74,114.5,801.0717638261004
栾城,Luancheng,38.87,114.64,926.8043994742679
平山,Pingshan,38.2,114.24,851.9629876858971
邯郸,Handan,36.6,114.47,674.5257501714528
永年,Yongnian,36.77,114.5,693.4511776156363
曲周,Quzhou,36.78,114.92,696.6339177084128
馆陶,Guantao,36.47,115.4,667.648615081882
魏县,Weixian,36.37,114.94,651.4734161551736
成安,Chengan,36.43,114.68,656.3975144736411
大名,Daming,36.28,115.14,643.4932303401933
涉县,Shexian,36.57,113.67,673.6551150184523
鸡泽,Jize,36.95,113.85,714.4728629745285
丘县,Qiuxian,36.84,115.18,705.6118996206847
广平,Guangping,36.49,114.94,664.732923894371
肥乡,Feixiang,36.56,114.8,671.464463696418
临漳,Linzhang,36.35,114.62,647.2614945654649
磁县,Cixian,36.37,114.37,648.8637523980135
武安,Wuan,36.7,114.2,685.5354120138728
邢台,Xingtai,37.05,114.48,724.4716022482054
柏乡,Baixiang,37.49,114.68,773.8863040133108
宁普,Ningpu,37.62,114.9,789.4369208751496
隆尧,Longyao,37.35,114.75,758.6837003527245
临西,Linxi,36.87,115.5,712.8934831156329
南官,Nanguan,37.37,115.37,766.0900727086915
巨鹿,Julu,37.22,115.03,746.139446125468
任县,Renxian,37.11,114.68,731.7598641679422
沙河,Shahe,36.94,114.52,712.3586487948062
临城,Lincheng,37.43,114.5,766.6746492277994
内丘,Neiqiu,37.28,114.5,750.0318404283447
新河,Xinhe,37.53,115.22,782.0883465726907
清河,Qinghe,37.07,115.67,737.3284437407588
威县,Weixian,36.97,115.08,718.9628515675209
广宗,Guangzong,37.06,115.14,729.4616066165368
平乡,Pingxiang,37.06,115.02,728.377154619889
南和,Nanhe,37.0,114.71,719.7043100947106
保定,Baoding,38.85,115.48,930.2651171337097
涞水,Laishui,39.39,115.71,992.2753170713862
涿县,Zhuoxian,39.48,115.98,1005.5985570827688
定兴,Dingxing,39.28,115.78,981.0292909351506
容城,Rongcheng,39.06,115.86,957.9195126524845
安新,Anxin,38.92,115.92,943.4101745682083
蠡县,Lixian,38.49,115.58,891.7591505773527
博野,Boye,38.46,115.46,887.0860884884983
定县,Dingxian,38.52,114.02,887.8575925020916
阜平,Fuping,38.85,114.18,924.1693747407472
唐县,Tangxian,38.75,114.97,914.9867983478593
涞源,Laiyuan,39.37,114.67,982.3699538331593
易县,Yixian,39.35,115.49,985.4868600413022
新城,Xincheng,39.34,115.84,988.3779371575758
雄县,Xiongxian,38.98,116.1,952.6657632922413
徐水,Xushui,39.02,115.65,950.8749021700218
高阳,Gaoyang,38.68,115.78,915.1681864542521
安国,Anguo,38.41,115.3,879.9449693870271
清苑,Qingyuan,38.76,115.47,920.242456146273
望都,Wangdu,38.71,115.14,911.7215076937431
曲阳,Quyang,38.62,114.68,899.1991508981716
完县,Wanxian,38.84,115.12,925.9501560298606
满城,Mancheng,38.95,115.45,940.9782542724744
张家口,Zhangjiakou,40.82,114.87,1143.9413398141835
康保,Kangbao,41.87,114.6,1259.7063125943646
赤城,Chicheng,40.92,115.82,1161.9337458969105
怀来,Huailai,40.4,115.54,1101.821484500029
蔚县,Weixian,39.83,114.53,1033.087796451426
宣化,Xuanhua,40.63,115.03,1123.6102109579047
张北,Zhangbei,41.15,114.7,1179.994995506571
沽源,Guyuan,41.68,115.68,1244.415081923242
崇礼,Chongli,40.98,115.25,1163.6811093339513
涿鹿,Zhuolu,40.37,115.2,1095.818850660073
阳原,Yangyuan,40.12,114.15,1065.1931500164221
怀安,Huaian,40.67,114.38,1126.185346208978
尚义,Shangyi,41.05,113.95,1168.817017355253
万全,Wanquan,40.84,114.73,1145.6726721314762
承德,Chengde,40.97,117.93,1204.5097334771915
围场,Weichang,41.95,117.72,1304.5264364411535
平泉,Pingquan,41.02,118.68,1229.759893122896
宽城,Kuancheng,40.62,118.47,1181.9606247463323
兴隆,Xinglong,40.42,117.48,1135.2315146622811
滦平,Luanping,40.95,117.53,1193.105166416305
隆化,Longhua,41.32,117.7,1236.5020562087261
青龙,Qinglong,40.43,118.93,1176.268735725257
丰宁,Fengning,41.2,116.63,1203.2733357466536
秦皇岛,Qinhuangdao,39.95,119.57,1149.9879984959684
迁西,Qianxi,40.15,118.3,1127.9730906503273
迁安,Qianan,40.02,118.69,1126.4014663605276
昌黎,Changli,39.72,119.15,1111.4665145186855
卢龙,Lulong,39.89,118.85,1118.304582374451
滦南,Luannan,39.49,118.67,1071.3937832405134
玉田,Yutian,39.9,117.9,1090.5194931790138
唐海,Tanghai,39.31,118.54,1048.624093414777
遵化,Zunhua,40.2,117.97,1124.012846234231
抚宁,Funing,39.88,119.22,1130.1084338004614
乐亭,Leting,39.43,118.9,1073.2526680757476
滦县,Luanxian,39.74,118.73,1098.963436549144
丰南,Fengnan,39.58,118.1,1062.6505119077422
丰润,Fengrun,39.82,118.13,1088.578326188186
廊坊,Langfang,39.53,116.7,1022.9856716279005
安次,Anci,39.52,116.69,1021.7105413977606
三河,Sanhe,39.97,117.06,1077.7341362269856
香河,Xianghe,39.76,117.0,1053.8710431469399
霸县,Baxian,39.12,116.38,972.5953768156396
固安,Guan,39.44,116.29,1005.8916089270324
大城,Dacheng,38.7,116.63,931.954616425126
文安,Wenan,38.87,116.45,946.7498783728664
永清,Yongqing,39.32,116.48,996.1078457746075
大厂,Dachang,39.98,116.98,1077.1542820140905
沧州,Cangzhou,38.33,116.83,896.6887415075076
黄骅,Huanghua,38.4,117.33,916.962605330658
盐山,Yanshan,38.07,117.22,879.1706599521546
吴桥,Wuqiao,37.65,116.37,813.3534828687085
东光,Dongguang,37.89,116.52,842.4376720505976
肃宁,Suning,38.43,115.82,888.3249744961751
河间,Hejian,38.45,116.07,894.3646535529051
泊头,Botou,38.08,116.56,863.7326871280004
交河,Jiaohe,38.02,116.27,851.2480523790373
青县,Qingxian,38.58,116.8,922.7524271308171
海兴,Haixing,38.17,117.85,908.7555566967786
南皮,Nanpi,38.05,116.7,863.6922740079514
任丘,Renqiu,38.72,116.08,923.971150527241
献县,Xianxian,38.2,116.12,867.9998936484391
孟村,Mengcun,38.06,117.1,874.8227988372306
衡水,Hengshui,37.72,115.72,809.1516203205498
饶阳,Raoyang,38.24,115.74,866.38244162321
阜城,Fucheng,37.87,116.14,832.5189406677391
景县,Jingxian,37.69,116.26,815.3675311446016
枣强,Zaoqiang,37.52,115.72,787.2768159802382
深县,Shenxian,38.02,115.56,839.8580616436816
安平,Anping,38.22,115.5,861.118386171442
武强,Wuqiang,38.03,115.96,846.7647274846012
武邑,Wuyi,37.81,115.9,821.7901180413337
故城,Gucheng,37.36,115.96,773.8454870924494
冀县,Jixian,37.59,115.56,792.6527331011553
太原,Taiyuan,37.87,112.53,831.600494638813
阳曲,Yangqu,38.05,112.65,849.1100601418493
娄烦,Loufan,38.05,111.78,867.0542891624299
清徐,Qingxu,37.62,112.33,808.4283695915044
大同,Datong,40.12,113.3,1069.0234214246634
阳泉,Yangquan,37.85,113.57,815.937070974073
长治,Changzhi,36.18,113.08,638.0924689695961
天镇,Tianzhen,40.42,114.08,1098.603424172058
灵丘,Lingqiu,39.47,114.2,992.9749427793915
怀仁,Huairen,39.82,113.1,1037.6234460538788
山阴,Shanyin,39.52,112.82,1007.6464304275407
平鲁,Pinglu,39.53,112.12,1019.269572589876
右玉,Youyu,40.18,112.33,1086.6738494962528
阳高,Yanggao,40.38,113.72,1095.2669743853162
广灵,Guangling,39.75,113.27,1028.3657120351402
浑源,Hunyuan,39.7,113.68,1020.0701145266204
应县,Yingxian,39.58,113.18,1010.383043595116
朔县,Shuoxian,39.32,112.42,991.3554098218408
左云,Zuoyun,40.02,112.67,1064.4409452470964
忻县,Xinxian,38.38,112.7,884.3352758636329
代县,Daixian,39.07,112.97,956.3746322134215
五台,Wutai,38.72,113.32,914.1622644212196
静乐,Jingle,38.37,111.9,898.4286062841556
保德,Baode,38.01,111.09,882.0123426046713
河曲,Hequ,39.38,111.17,1023.7232470690509
神池,Shenchi,39.1,112.17,971.6867643468704
原平,Yuanping,38.73,112.7,922.6112306798392
繁峙,Fanzhi,39.2,113.28,967.5221605506313
定襄,Dingxiang,38.5,112.95,893.9713857653076
岢岚,Kelan,38.7,111.58,941.2138285077037
五寨,Wuzhai,38.93,111.82,960.3245377440632
偏关,Pianguan,39.45,111.47,1023.9103261291327
宁武,Ningwu,39.0,112.28,958.8469317566315
榆次,Yuci,37.68,112.72,807.6179616836648
孟县,Mengxian,38.01,113.37,835.3316928037268
昔阳,Xiyang,37.62,113.68,789.6994411005018
左权,Zuoquan,37.07,113.35,731.9257623748174
太谷,Taigu,37.42,112.53,782.7934536873584
平遥,Pingyao,37.2,112.18,766.6472345536254
灵石,Lingshi,36.83,111.77,738.369360529478
寿阳,Shouyang,37.88,113.17,823.1309535458255
平定,Pingding,37.79,113.62,808.9285781826617
和顺,Heshun,37.33,113.55,758.6284292423315
榆社,Yushe,37.08,112.97,738.1078650704274
祁县,Qixian,37.36,112.33,780.4139680189506
介休,Jiexiu,37.03,111.88,756.2636202648075
离石,Lishi,37.53,111.13,831.0328760919276
兴县,Xingxian,38.47,111.22,926.2770106933699
方由,Fangyou,37.86,111.24,861.8212907073726
岚县,Lanxian,38.28,111.62,895.5217099226165
交城,Jiaocheng,37.55,112.14,805.0544562379284
文水,Wenshui,37.42,112.02,794.0038881622705
汾阳,Fenyang,37.27,111.75,785.1707025533966
孝义,Xiaoyi,37.12,111.8,767.9715518314493
交口,Jiaokou,36.97,111.2,771.1428258327525
石楼,Shilou,37.0,110.83,787.5766294122516
中阳,Zhongyang,37.37,111.17,813.2249242042463
临县,Linxian,37.95,110.95,880.2172782043916
柳林,Liulin,37.45,110.85,832.3451844647352
襄垣,Xiangyuan,36.55,113.02,679.4398169426288
黎城,Licheng,36.56,113.4,675.2229655589916
壶关,Huguan,35.11,113.23,518.9759323393439
高平,Gaoping,35.48,112.88,566.0652578729521
阳城,Yangcheng,35.84,112.38,616.8314401290785
长子,Changzi,36.13,112.87,636.4643155480857
沁源,Qinyuan,36.5,112.32,688.5014164016582
潞城,Lucheng,36.33,113.22,652.3104491540146
武乡,Wuxiang,36.83,112.83,713.1849537488853
平顺,Pingshun,36.19,113.43,634.1679852110758
陵川,Lingchuan,35.78,113.27,591.3740415544727
晋城,Jincheng,35.52,112.83,571.4822303661609
沁水,Qinshui,35.67,112.15,605.6641372020844
屯留,Tunliu,36.32,112.87,657.0585840035184
沁县,Qinxian,36.75,112.68,707.3254596451281
临汾,Linfen,36.08,111.5,669.8024534057378
汾西,Fenxi,36.63,111.53,725.0735054112117
安泽,Anze,36.15,112.2,654.5418883405902
古县,Guxian,36.29,111.9,678.0206295855575
翼城,Yicheng,35.73,111.68,627.712290206664
曲沃,Quwo,35.63,111.33,631.2581190215208
吉县,Jixian,36.12,110.65,708.2959530081189
大宁,Daning,36.47,110.72,739.3035553571975
侯马,Houma,35.03,111.45,567.3386472905244
永和,Yonghe,36.62,110.64,757.3686095338361
洪洞,Hongdong,36.25,111.68,680.9221906934304
霍县,Huoxian,36.57,111.72,712.7550374708859
浮山,Fushan,35.97,111.83,647.0610849103841
襄汾,Xiangfen,35.86,111.43,650.2029712386343
乡宁,Xiangning,35.97,110.8,687.1481546399606
蒲县,Puxian,36.42,111.07,720.2333543802889
运城,Yuncheng,35.03,110.97,589.8827884323681
闻喜,Wenxi,35.37,111.2,611.3706461996167
垣曲,Yuanqu,35.3,111.63,586.3386802945536
芮城,Ruicheng,34.71,110.68,576.0738933525458
临猗,Linyi,35.15,110.78,610.528254965319
新绛,Xinjiang,35.62,111.22,634.8639745021741
河津,Hejin,35.58,110.7,654.5488733112057
夏县,Xiaxian,35.12,111.22,586.4036934133997
绛县,Jiangxian,35.48,111.58,606.2923429743136
平陆,Pinglu,34.12,111.2,495.03870115926503
永济,Yongji,34.88,110.42,605.5433472662744
稷山,Jishan,35.6,110.97,643.8662783328699
沈阳,Shenyang,41.8,123.38,1492.1885717975142
新民,Xinmin,42.0,122.83,1484.413971541057
辽中,Liaozhong,41.52,122.7,1434.165264103567
大连,Dalian,38.92,121.62,1146.5375296862612
金县,Jinxian,39.13,121.7,1169.2263945513598
复县,Fuxian,39.63,121.97,1227.508773301596
新金,Xinjin,39.55,121.95,1219.3824107581495
庄河,Zhuanghe,39.7,22.97,8023.872301484522
长海,Changhai,39.28,122.58,1229.9286833690082
鞍山,Anshan,41.12,122.85,1405.0448069734882
海城,Haicheng,40.85,122.75,1375.8509281213144
台安,Taian,41.4,122.4,1409.1036576286383
抚顺,Fushun,41.97,123.97,1536.552141035524
新宾,Xinbin,41.72,125.02,1570.1901961805468
清原,Qingyuan,42.13,124.9,1598.4140489907704
本溪,Benxi,41.3,123.73,1465.497681049579
垣仁,Yuanren,41.28,125.33,1551.3232800428127
锦州,Jinzhou,41.13,121.15,1328.5257573905599
锦县,Jinxian,41.17,121.35,1340.7887262771187
义县,Yixian,41.55,121.22,1372.033560665949
黑山,Heishan,41.7,122.12,1424.4707013975892
北镇,Beizhen,41.6,121.8,1401.0740262121913
锦西,Jinxi,40.77,120.83,1280.456383160409
兴城,Xingcheng,40.63,120.68,1260.6958056510566
绥中,Suizhong,40.35,120.32,1218.7523650636006
丹东,Dandong,40.13,124.37,1402.797916966952
东沟,Donggou,39.97,124.13,1375.812765417517
岫岩,Xiuyan,40.3,123.25,1353.6232305342585
凤城,Fengcheng,40.47,124.05,1412.1427243200083
宽甸,Kuandian,40.75,124.77,1476.162240758086
阜新,Fuxin,42.0,121.65,1433.1224426474944
彰武,Zhangwu,42.42,122.52,1509.8868102675133
营口,Yingkou,40.65,122.18,1329.8093954821593
盖县,Gaixian,40.42,122.37,1318.3310262799746
盘山,Panshan,41.02,122.03,1356.7873810692743
大洼,Dawa,41.0,122.06,1356.3194290350598
辽阳,Liaoyang,41.28,123.17,1435.2362930900729
灯塔,Dengta,41.43,123.34,1457.092614700087
铁岭,Tieling,42.32,123.85,1561.7825850735428
开原,Kaiyuan,42.53,124.03,1589.3572493421757
昌图,Changtu,42.8,124.13,1618.4380376166027
铁法,Tiefa,42.48,123.5,1559.5818727138058
康平,Kangping,42.75,123.33,1576.5979620143087
法库,Faku,42.52,123.37,1557.2072306116638
西丰,Xifeng,42.77,124.7,1643.6606680983366
朝阳,Zhaoyang,41.58,120.42,1344.1182268644325
建昌,Jianchang,40.82,119.78,1244.8147665517038
北票,Beipiao,41.82,120.75,1380.2074560822482
凌源,Lingyuan,41.27,119.37,1276.6522186838413
建平,Jianping,41.38,119.63,1296.378819016941
长春,Changchun,43.88,125.35,1773.7203907189498
吉林,Jilin,43.87,126.57,1834.028322100284
农安,Nongan,44.45,125.15,1815.4547828605312
德惠,Dehui,44.52,125.68,1846.482513782891
榆树,Yushu,44.83,126.55,1915.720721234713
九台,Jiutai,44.15,126.83,1871.2463534551705
双阳,Shuangyang,43.53,125.68,1759.291174345158
永吉,Yongji,43.87,126.57,1834.028322100284
舒兰,Shulan,44.4,126.97,1899.6826391189527
蛟河,Jiaohe,43.75,127.33,1864.3709302203204
桦甸,Huadian,42.97,126.72,1767.0769397119684
磐石,Panshi,42.93,126.03,1726.241075043305
延吉,Yanji,42.93,129.52,1928.6093636572582
汪清,Wangqing,43.32,129.75,1971.0835952087866
珲春,Hunchun,42.85,130.35,1975.2088188387386
图们,Tumen,42.98,129.83,1951.4964164044713
和龙,Helong,42.52,129.0,1866.6264952494062
安图,Antu,42.58,128.3,1828.0639723731915
敦化,Dunhua,43.35,128.18,1879.938949742092
通化,Tonghua,41.49,125.92,1602.289482461654
柳河,Liuhe,40.88,125.7,1541.2189772299157
海龙,Hailong,42.53,125.65,1672.2774577783914
辉南,Huinan,42.68,126.03,1705.3519191056898
靖宇,Jingyu,42.38,126.8,1724.016744406005
浑江,Hunjiang,41.97,126.4,1668.3398140780023
抚松,Fusong,42.33,127.27,1747.4469072864574
集安,Jian,41.15,126.17,1590.4473915392016
长白,Changbai,41.43,128.17,1735.877086749048
四平,Siping,43.17,124.37,1663.226453348997
梨树,Lishu,43.32,124.33,1674.902062994129
怀德,Huaide,43.5,124.82,1714.3415882463637
伊通,Yitong,43.33,125.32,1723.7794532347227
辽源,Liaoyuan,42.97,125.15,1683.8096882154562
东丰,Dongfeng,42.68,125.5,1676.9671570690602
双辽,Shuangliao,43.52,123.5,1655.8860932752661
白城,Baicheng,45.63,122.82,1833.285475176211
大安,Daan,45.5,124.18,1871.6778867537066
扶余,Fuyu,45.2,124.82,1869.8218640132495
乾安,Ganan,45.0,124.02,1817.557555737561
长岭,Changling,44.3,123.97,1749.2998805132925
通榆,Tongyu,44.82,123.13,1765.0482162487792
洮安,Taoan,45.35,122.75,1803.0515056170484
哈尔滨,Haerbin,45.75,126.63,2000.7898546100346
齐齐哈尔,Qiqihaer,47.33,123.97,2041.740103281322
鹤岗,Hegang,47.33,130.3,2315.0199120283055
双鸭山,Shuangyashan,46.65,131.17,2305.722873452036
鸡四,Jisi,45.3,130.97,2190.4999910195256
大庆,Daqing,46.58,125.03,2008.46570976873
伊春,Yichun,47.73,128.92,2281.925211400575
嘉荫,Jiayin,48.93,130.0,2436.181940694583
铁力,Tieli,47.98,128.08,2265.9722180219915
绥化,Suihua,46.63,127.0,2096.559713953398
绥棱,Suileng,47.22,127.12,2155.2290813652835
海伦,Hailun,47.47,126.97,2171.566562399363
庆安,Qingan,46.87,127.5,2140.6801202687748
兰西,Lanxi,46.28,126.3,2033.6988152318843
肇东,Zhaodong,46.07,125.98,2000.4491686577
肇州,Zhaozhou,45.72,125.25,1936.6038442078975
肇源,Zhaoyuan,45.53,125.07,1911.247612702665
安达,Anda,46.42,125.33,2005.4313508920618
明水,Mingshui,47.18,125.88,2099.2847071824644
青岗,Qinggang,46.68,126.13,2063.074751868557
望奎,Wangkui,46.83,126.5,2092.725817640368
黑河,Heihe,50.22,127.53,2450.3106498170946
爱辉,Aihui,50.22,127.53,2450.3106498170946
德都,Dedu,48.5,126.17,2235.5687217586433
通北,Tongbei,49.76,126.8,2379.409758249735
北安,Beian,48.22,126.5,2221.8957031986506
孙吴,Sunwu,49.22,127.5,2355.2216298018166
逊克,Xunke,49.57,128.42,2424.701371244353
嫩江,Nenjiang,49.17,125.2,2265.3572653284846
佳木斯,Jiamusi,46.83,130.35,2276.5916076286235
桦川,Huachuan,47.02,130.68,2309.1909115538597
萝北,Luobei,47.58,130.83,2362.477185952091
绥滨,Suibin,47.3,131.83,2392.315423689085
富锦,Fujin,47.23,132.02,2397.07844267289
同江,Tongjiang,47.67,132.5,2457.1557237110255
抚远,Fuyuan,48.33,134.15,2597.088759802333
饶河,Raohe,46.78,134.0,2475.2402316922703
七台河,Qitaihe,45.82,130.83,2222.302032448614
宝清,Baoqing,46.33,132.17,2336.639555307854
集贤,Jixian,46.7,131.13,2307.4987833656023
勃利,Boli,45.75,130.53,2200.180261888431
桦南,Huanan,46.25,130.53,2239.529029045287
依兰,Yilan,46.33,129.55,2194.1727134905163
汤源,Tangyuan,46.73,129.92,2246.173224936676
牡丹江,Mudanjiang,44.6,129.58,2057.389486173353
林口,Linkou,45.3,130.23,2148.4253342745196
鸡东,Jidong,45.27,131.04,2192.2783789432856
密山,Mishan,45.53,131.85,2258.737415294887
虎林,Hulin,45.75,133.97,2401.5531359537254
绥芬河,Suifenhe,44.38,131.17,2134.4464353406283
东宁,Dongning,44.07,131.12,2109.1929562393593
穆棱,Muleng,44.9,130.5,2133.1478124340183
宁安,Ningan,44.35,129.47,2031.7715843597903
海林,Hailin,44.57,129.35,2042.0197367342241
阿城,Acheng,45.52,126.95,1995.5141191804998
呼兰,Hulan,46.0,126.58,2020.883113821093
巴彦,Bayan,46.08,127.38,2065.1843023767588
宾县,Binxian,45.75,127.48,2041.165696475047
木兰,Mulan,45.95,128.03,2085.3579631735242
通河,Tonghe,45.98,128.7,2121.4799925171524
方正,Fangzheng,45.83,128.8,2114.0667392640617
延寿,Yanshou,45.47,128.35,2060.8561471670646
尚志,Shangzhi,45.22,127.95,2019.3211931855888
五常,Wuchang,44.93,127.17,1955.091200301741
双城,Shuangcheng,45.53,126.32,1966.765036636508
富裕,Fuyu,47.8,124.4,2103.03935707107
讷河,Nehe,48.48,124.85,2185.5326430678174
克山,Keshan,48.03,125.87,2179.30776510693
克东,Kedong,48.03,126.22,2192.9281510223936
拜泉,Baiquan,47.62,126.07,2148.314265872457
依安,Yian,47.92,125.3,2147.2007615023435
林甸,Lindian,47.18,124.87,2059.731813102936
泰来,Tailai,46.4,123.45,1931.6959875561142
龙江,Longjiang,47.35,123.18,2017.2421055755644
甘南,Gannan,47.9,123.48,2082.1601031768982
杜尔伯特,Duerbote,46.86,124.44,2012.660108299753
加格达奇,Jiagedaqi,50.42,124.07,2354.890697195677
呼玛,Huma,51.72,126.6,2562.5276497404443
塔河,Tahe,52.32,124.7,2566.132069750702
漠河,Mohe,53.48,122.37,2632.2626353029095
杭州,Hangzhou,30.26,120.19,565.7780053418998
余杭,Yuhang,30.43,120.3,575.1995722227485
富阳,Fuyang,30.07,119.95,544.7960780655395
建德,Jiande,29.49,119.27,491.93156898088006
临安,Linan,30.23,119.72,520.9594303017651
萧山,Xiaoshan,30.16,120.25,572.4902461475973
桐庐,Tonglu,29.8,119.64,519.55866626084
淳安,Chunan,29.61,119.05,468.00535548894794
宁波,Ningbo,29.86,121.56,701.8871904399996
镇海,Zhenhai,29.96,121.72,715.8018214834651
温州,Wenzhou,28.01,120.65,675.9200852982112
瓯海,Ouhai,28.01,120.65,675.9200852982112
永喜,Yongxi,28.16,120.68,671.5259777530732
洞头,Dongtou,27.84,121.12,725.7696837668249
平阳,Pingyang,27.68,120.55,683.9794533498084
泰顺,Taishun,27.57,119.7,618.332001089883
乐清,Leqing,28.14,120.94,695.7337922442254
瑞安,Ruian,27.8,120.62,683.7576473432338
文成,Wencheng,27.08,120.08,680.0197434255718
苍南,Cangnan,27.53,120.36,675.9792707900176
湖州,Huzhou,30.86,120.1,555.9664612337048
平湖,Pinghu,30.7,121.02,643.6402282805223
桐乡,Tongxiang,30.64,120.54,597.6548925733796
安吉,Anji,30.68,119.68,515.2423088927458
嘉善,Jiashan,30.84,120.92,634.2810428096433
嘉兴,Jiaxing,30.77,120.76,618.8077464829801
海盐,Haiyan,30.53,120.92,634.3006917577738
海宁,Haining,30.53,120.69,612.235784356398
德清,Deqing,30.54,120.08,553.6877524222663
长兴,Changxing,30.01,119.91,541.7817033919707
定海,Dinghai,30.03,122.11,752.3207908375744
岱山,Daishan,30.26,122.2,758.6753032900076
嵊四,Shengsi,30.72,122.45,780.6139275664319
普陀,Putuo,29.97,122.3,771.2741137219275
鄞县,Yinxian,29.86,121.56,701.8871904399996
象山,Xiangshan,29.48,121.8,731.6732664480073
奉化,Fenghua,29.66,121.41,690.919318959928
慈溪,Cixi,30.18,121.23,666.2912751978124
宁海,Ninghai,29.3,121.42,699.6940394290192
余姚,Yuyao,30.04,121.16,661.108847810488
绍兴,Shaoxing,30.01,120.58,605.9180571009792
新昌,Xinchang,29.49,120.89,644.9309298269761
诸暨,Zhuji,29.71,120.23,577.4890165370927
上虞,Shangyu,30.03,120.87,633.4393539581887
嵊县,Shengxian,29.6,120.81,634.9294668084735
椒江,Jiaojiang,28.67,121.44,720.3598870681658
临海,Linhai,28.8,121.13,687.1047264684049
三门,Sanmen,29.11,121.38,700.9265200506857
温岭,Wenling,28.36,121.36,724.5327706588135
仙居,Xianju,28.85,120.73,648.258013227329
天台,Tiantai,29.15,121.03,666.8570494227198
黄岩,Huangyan,28.64,121.27,705.6650566191256
玉环,Yuhuan,28.14,121.23,721.8618427401988
丽水,Lishui,28.45,119.92,590.362441421838
青田,Qingtian,28.45,120.28,622.6650655585945
庆无,Qingwu,27.61,119.06,563.7902861791301
遂昌,Suichang,28.59,119.25,524.3043614342222
缙云,Jinyun,28.66,120.6,643.1900810541592
云和,Yunhe,28.12,119.56,575.0812558364855
龙泉,Longquan,28.08,119.13,540.6911763521034
松阳,Songyang,28.46,119.48,550.8274489042213
金华,Jinhua,29.12,119.64,537.9948874952245
浦江,Pujiang,29.46,119.88,550.1100700898644
东阳,Dongyang,29.27,120.23,588.2651788634249
武义,Wuyi,28.9,119.81,561.6083719558685
江山,Jiangshan,28.74,118.61,460.74855010935636
开化,Kaihua,29.15,118.39,422.5102917306976
衢州,Quzhou,28.97,118.88,474.2287115278689
兰溪,Lanxi,29.19,119.48,520.796841992042
义乌,Yiwu,29.32,120.06,570.8764054237724
永康,Yongkang,28.92,120.02,580.1589911131581
常山,Changshan,28.9,118.5,443.39007623879644
福州,Fuzhou,26.08,119.3,693.8565176206008
闽侯,Minhou,26.16,119.14,676.4123399645697
厦门,Shamen,24.46,118.1,768.742671714351
同安,Tongan,24.74,118.15,744.0754314935859
南平,Nanping,26.65,118.16,570.6992434189148
南平,Nanping,27.34,118.11,511.3000801980555
建瓯,Jianou,27.05,118.32,548.7301611821958
浦城,Pucheng,27.92,118.55,502.92655327508675
邵武,Shaowu,27.34,117.48,468.7298278419604
顺昌,Shunchang,26.8,117.8,535.0630705122638
崇安,Chongan,27.76,118.02,473.1298432474719
光泽,Guangze,27.54,117.34,442.90719020085146
松溪,Songxi,27.53,118.77,546.3407376896977
政和,Zhenghe,27.38,118.85,562.9237852728005
宁德,Ningde,26.65,119.52,665.9578118075201
福安,Fuan,27.09,119.65,645.0342801752433
连江,Lianjiang,26.2,119.53,700.5812126139324
福鼎,Fuding,27.34,120.2,673.6586895711079
霞浦,Xiapu,26.89,120.0,686.1001726308531
吉田,Jitian,26.59,118.74,614.3800829386734
罗源,Luoyuan,26.49,119.55,679.9999942223693
寿宁,Shouning,27.47,119.5,608.1819325574364
周宁,Zhouning,27.12,119.36,620.319717718041
屏南,Pingnan,26.92,118.98,605.9804032368681
柘荣,Zherong,27.25,119.89,653.7722738780152
莆田,Futian,25.44,119.0,727.692236933648
仙游,Xianyou,25.37,118.7,715.6220152390663
福清,Fuqing,25.73,119.39,728.4113210089334
长乐,Changle,25.96,119.52,718.7074972880873
永泰,Yongtai,25.88,118.95,686.8140427416574
平潭,Pingtan,25.51,119.78,772.8346169187226
闽清,Minqing,26.21,118.86,653.376219406027
泉州,Quanzhou,24.93,118.58,748.8333549450601
晋江,Jinjiang,24.82,118.57,758.5083563110203
南安,Nanan,24.96,118.39,735.6640594424118
惠安,Huian,25.04,118.78,750.0589981016537
安溪,Anxi,25.07,118.18,714.1377583784238
永春,Yongchun,25.34,118.3,695.3723519464769
德化,Dehua,25.5,118.24,677.274750172034
金门,Jinmen,24.43,118.34,783.4370857153833
漳州,Zhangzhou,24.52,117.35,729.4548002512578
龙海,Longhai,24.44,117.79,756.304912440068
漳浦,Zhangpu,24.12,117.61,780.642428567898
诏安,Zhaoan,23.73,117.16,803.578736622417
平和,Pinghe,24.38,117.3,741.7085045928892
云霄,Yunxiao,23.99,117.34,783.2126731846604
南靖,Nanjing,24.51,117.35,730.4697894429581
长泰,Changtai,24.62,117.75,736.6500568966363
东山,Dongshan,23.72,117.4,813.2631748901719
华安,Huaan,25.0,117.53,689.0518007770762
龙岩,Longyan,25.12,117.01,654.7999052921213
上杭,Shanghang,25.43,116.41,600.6745958974277
永定,Yongding,24.76,116.81,684.242440327822
长汀,Changting,25.85,116.37,555.6289468762858
武平,Wuping,25.11,116.1,624.8891028217273
连城,Liancheng,25.72,116.75,583.4159282909764
漳平,Zhangping,25.3,117.4,653.4822900447406
三明,Sanming,26.23,117.61,574.9576156611971
龙溪,Longxi,26.18,118.17,611.9007727249125
宁化,Ninghua,26.26,116.64,524.3992821473576
大田,Datian,25.69,117.83,637.1946794042248
永安,Yongan,25.97,117.37,586.8178749722457
沙县,Shaxian,26.41,117.77,567.6316930512367
将乐,Jiangle,26.73,117.45,520.2409612213454
清流,Qingliu,26.12,116.81,545.7433537076624
建宁,Jianning,26.85,116.82,474.9528645746075
泰宁,Taining,26.92,117.15,485.93474200208425
明溪,Mingxi,26.36,117.18,539.9354643385868
济南,Jinan,36.65,117.0,724.2207704377764
历城,Licheng,36.69,117.07,730.6156335408209
长清,Changqing,36.55,116.73,705.498808166158
章丘,Zhangqiu,36.72,117.53,749.6479135614101
青岛,Qingdao,36.07,120.33,832.2531457918437
崂山,Laoshan,36.15,120.42,844.2675419614392
胶南,Jiaonan,35.88,119.97,794.5936910294362
即墨,Jimo,36.38,120.45,864.6257460766041
胶县,Jiaoxian,36.28,120.0,829.2863457064639
淄博,Zibo,36.78,118.05,775.9975909720271
枣庄,Zaozhuang,34.86,117.57,570.0951263698182
滕县,Tengxian,35.09,117.17,573.1715553692732
东营,Dongying,37.46,118.49,860.9914679822606
垦利,Kenli,37.59,118.54,875.8177997638948
利津,Lijin,37.49,118.25,854.2887987282448
德州,Dezhou,37.45,116.29,790.1042966461729
宁津,Ningjin,37.64,116.8,822.4408832828789
乐陵,Leling,37.74,117.22,844.5307299508275
商河,Shanghe,37.31,117.15,797.512128788904
济阳,Jiyang,36.97,117.2,763.7784717509941
禹城,Yucheng,36.95,116.66,745.6316776743308
夏津,Xiajin,36.95,116.0,730.1545783797316
陵县,Lingxian,37.34,116.58,784.9825229168943
庆云,Qingyun,37.37,117.37,810.6223308143498
临邑,Linyi,37.2,116.86,777.5171525403015
齐河,Qihe,36.79,116.76,731.5519697181857
平原,Pingyuan,37.16,116.44,762.3703741519274
武城,Wucheng,37.2,116.08,758.7874666212639
滨州,Binzhou,37.36,118.03,832.8053915709116
滨县,Binxian,37.47,117.97,841.6102119475544
广饶,Guangrao,37.04,118.41,816.598065918681
桓台,Huantai,36.95,118.12,795.6132402405633
邹平,Zouping,36.89,117.75,775.0141302069155
阳信,Yangxin,37.65,117.58,846.3471661595444
沾化,Zhanhua,37.7,118.14,871.085496681408
博兴,Boxing,37.12,118.12,812.4065269739688
高青,Gaoqing,37.18,117.66,800.9845005500395
惠民,Huimin,17.49,117.51,1479.245858372604
无棣,Wudi,37.73,117.58,854.5965002068745
潍坊,Weifang,36.62,119.1,809.3747912021895
潍县,Weixian,36.77,119.22,829.1650936949366
平度,Pingdu,36.77,119.97,869.2234445762127
诸城,Zhucheng,35.99,119.42,770.9402803911989
安丘,Anqiu,36.42,119.2,796.4778455496079
临朐,Linqu,36.5,118.53,770.2658615702793
寿光,Shouguang,36.86,118.73,813.6563361059084
昌邑,Changyi,36.86,119.41,847.0752565797516
高密,Gaomi,36.38,119.75,823.214938032801
五莲,Wulian,35.74,119.2,736.9008074433121
昌乐,Changle,36.69,118.83,802.4293613628657
高都,Gaodu,36.69,118.47,785.5222101720923
烟台,Yantai,37.52,121.39,1014.4401298900493
牟平,Mouping,37.38,121.59,1015.0892654361899
文登,Wendeng,37.2,122.05,1029.746354752394
海阳,Haiyang,36.76,121.17,939.6682038108625
莱阳,Laiyang,36.97,120.71,928.7215237924207
栖霞,Qixia,37.28,120.83,961.6633798236288
掖县,Yexian,37.18,119.93,903.0245274957872
长岛,Changdao,37.91,120.73,1010.3056763460211
威海,Weihai,37.5,122.1,1056.1719546875531
福山,Fushan,37.49,121.27,1004.871226665498
荣成,Rongcheng,37.16,122.41,1050.1190081486666
乳山,Rushan,36.89,121.52,971.9516949588258
莱西,Laixi,36.86,120.53,908.9638959143188
招远,Zhaoyuan,37.35,120.38,942.2983028615355
黄县,Huangxian,37.64,120.51,974.7413576501747
蓬莱,Penglai,37.8,120.75,1001.7576277190758
临沂,Linyi,35.05,118.35,628.8375456610705
沂水,Yishui,35.78,118.64,709.385822022909
日照,Rizhao,35.42,119.46,725.7697569962708
临沭,Linshu,34.89,118.73,637.5026926113071
仓山,Cangshan,34.84,118.03,592.5434984723927
平邑,Pingyi,35.49,117.63,632.397507240301
沂源,Yiyuan,36.18,118.17,723.1302130000089
沂南,Yinan,35.54,118.47,678.7942142686433
营县,Yingxian,35.57,118.83,701.1703903629311
莒南,Junan,35.17,118.83,666.8912236365856
郯城,Tancheng,34.61,118.35,591.1936815055752
费县,Feixian,35.26,117.97,627.2610553672847
蒙阴,Mengyin,35.7,117.95,667.2959765714463
泰安,Taian,36.18,117.13,680.3290227757924
莱芜,Laiwu,36.19,117.67,702.2010926552164
肥城,Feicheng,36.24,116.76,674.056249448675
平阴,Pingyin,36.29,116.46,670.4276817091305
新汶,Xinwen,35.86,117.67,669.8979075268599
新泰,Xintai,35.91,117.76,678.6923362380138
宁阳,Ningyang,35.76,116.8,625.8027523196972
东平,Dongping,35.91,116.3,625.8755463904305
济宁,Jining,35.38,116.59,579.5697781856027
兖州,Yanzhou,35.54,116.83,604.4046814740217
泗水,Sishui,35.65,117.27,632.4196710623107
鱼台,Yutai,35.0,116.65,543.0162657838193
嘉祥,Jiaxiang,35.41,116.34,574.5258005967085
汶上,Wenshang,35.71,116.49,610.453957714481
曲阜,Qufu,35.59,116.98,615.0282909623899
邹县,Zouxian,35.39,116.97,594.5420746990617
微山,Weishan,34.8,117.12,542.8636445073118
金乡,Jinxiang,35.07,116.32,538.5398915373418
荷泽,Heze,35.24,115.43,533.8365083242165
郓城,Yuncheng,35.59,115.94,582.5056136137791
巨野,Juye,35.38,116.08,563.7972715968723
单县,Danxian,34.82,116.07,504.6035494047784
曹县,Caoxian,34.83,115.53,491.46669367716726
鄄城,Juancheng,35.57,115.5,570.9802796555703
梁山,Liangshan,35.8,116.1,608.8961114382481
成武,Chengwu,34.97,115.88,514.9504083896707
定陶,Dingtao,35.07,115.57,518.2023826217765
东明,Dongming,35.31,115.08,536.0808365880189
聊城,Liaocheng,36.45,115.97,675.5322698168325
高唐,Gaotang,36.86,116.23,725.3458848263077
东阿,Donga,36.32,116.23,667.5697268381176
莘县,Shenxian,36.24,115.67,646.8889738949656
临清,Linqing,36.68,115.72,695.6330658597932
茌平,Chiping,36.58,116.27,696.3017342660314
阳谷,Yanggu,36.11,115.78,634.893735451679
冠县,Guanxian,35.47,115.45,559.206686178226
郑州,Zhengzhou,34.76,113.65,474.2651799106856
荥阳,Yingyang,34.79,113.35,482.01655815040033
开封,Kaifeng,34.79,114.35,473.5516832816824
平顶山,Pingdingshan,33.75,113.29,370.86993382492983
洛阳,Luoyang,34.7,112.44,495.63880850586077
焦作,Jiaozuo,35.24,113.21,533.4726838172948
鹤壁,Hebi,35.9,114.17,596.8304096729387
杞县,Qixian,34.56,114.77,450.0988623398558
尉氏,Weishi,34.41,114.17,431.5827588734875
新郑,Xinzheng,34.4,113.71,433.95190773599313
登封,Dengfeng,34.46,113.02,453.4243386999615
通许,Tongxu,34.48,114.46,439.3733075376436
中牟,Zhongmou,34.73,114.0,467.78528048965063
密县,Mixian,34.51,113.35,451.56785479514326
巩县,Gongxian,34.76,112.96,486.9552456445476
兰考,Lankao,34.69,114.81,464.81647820500604
新乡,Xinxiang,35.31,113.85,532.9639824111722
汲县,Jixian,35.44,114.05,546.1897913744056
封丘,Fengqiu,35.03,114.04,500.8007141239606
获嘉,Huojia,35.27,113.63,530.6117996222753
温贺,Wenhe,34.94,113.06,503.97188048243356
济源,Jiyuan,35.08,112.57,531.2912687172724
博爱,Boai,35.16,113.05,527.9160873364694
辉县,Huixian,35.46,113.77,550.1850898715045
延津,Yanjin,35.14,114.19,512.4888393600386
原阳,Yuanyang,35.05,113.96,503.4485513210823
武陟,Wuzhi,35.1,113.38,515.3326659852214
孟县,Mengxian,34.92,112.77,508.8451330873975
沁阳,Qinyang,35.08,112.92,522.1795803470036
修武,Xiuwu,35.24,113.42,530.036059643483
安阳,Anyang,36.1,114.35,618.8908984293345
南乐,Nanle,36.08,115.21,622.321140765275
范县,Fanxian,35.9,115.46,606.227897754416
台前,Taiqian,36.0,115.83,624.0391888694458
滑县,Huaxian,35.57,114.52,560.4159338453027
浚县,Junxian,35.67,114.54,571.5710616622395
淇县,Qixian,35.6,114.17,563.5530577368925
内黄,Neihuang,35.95,114.88,604.570544189754
清丰,Qingfeng,35.89,115.1,600.108136307181
濮阳,Puyang,35.71,114.98,578.9878171071134
长垣,Changyuan,35.19,114.67,519.0067486785109
汤阴,Tangyin,35.92,114.35,598.9186432004262
林县,Linxian,36.06,113.81,616.2006748316608
商丘,Shangqiu,34.44,115.65,452.57488610208736
夏邑,Xiayi,34.22,116.13,444.59605984943016
柘城,Zhecheng,34.08,115.29,405.4153998623969
睢县,Suixian,34.46,115.04,442.2781635309387
虞城,Yucheng,34.4,115.87,454.56335514514683
永城,Yongcheng,33.94,116.37,426.0329463352996
宁陵,Ningling,34.44,115.31,444.7479011151799
民权,Minquan,34.65,115.13,464.4252768307517
周口,Zhoukou,33.63,114.63,346.18268016656293
商水,Shangshui,33.54,114.59,335.92246205632483
扶沟,Fugou,34.05,114.38,391.50412489769
鹿邑,Luyi,33.86,115.48,386.4469369015683
淮阳,Huaiyang,33.74,114.88,361.0890962120733
沈丘,Shenqiu,33.41,115.06,328.20654721545003
西华,Xihua,33.79,114.5,363.05162045766775
太康,Taikang,34.06,114.85,395.8372298298743
郸城,Dancheng,33.63,115.17,354.28750352145283
项城,Xiangcheng,33.44,114.9,328.5532236697894
许昌,Xuchang,34.02,113.81,390.9673492867554
鄢县,Yanxian,34.11,114.17,398.3221365968899
郾城,Yancheng,33.6,113.98,342.952949158803
襄城,Xiangcheng,33.86,113.46,378.9420186483131
鲁山,Lushan,33.74,112.88,381.6944903222277
郏县,Jiaxian,33.98,113.19,397.92647461430965
漯河,Tahe,33.56,114.02,338.2088242043319
长葛,Changge,34.22,113.77,413.43876169543125
临颖,Linying,33.81,113.94,366.4920253762883
舞阳,Wuyang,33.44,113.58,331.0547111424314
叶县,Yexian,33.62,113.35,355.49727202388493
宝丰,Baofeng,33.86,113.04,389.24222210175583
禹县,Yuxian,34.16,113.47,411.31804484198824
驻马店,Zhumadian,32.98,114.02,274.1509831337951
确山,Queshan,32.83,114.02,257.6071175210045
西平,Xiping,33.38,114.0,318.48490402433447
汝南,Runan,33.0,114.35,275.0151897967688
新蔡,Xincai,32.75,114.97,255.0653898758648
泌阳,Miyang,32.72,113.31,261.73453811158964
遂平,Suiping,33.15,113.98,293.2926629884694
上蔡,Shangcai,33.25,114.26,302.7527043636504
平舆,Pingyu,32.97,114.62,273.2448545612951
正阳,Zhengyang,32.62,114.38,232.9414585428134
信阳,Xinyang,32.13,114.08,179.84600853598218
息县,Xixian,32.35,114.72,206.6141628896453
固始,Gushi,32.17,115.68,224.63670349602515
潢川,Huangchuan,32.13,115.04,191.55231501134165
新县,Xinxian,31.62,114.83,131.66723624693125
罗山,Luoshan,32.21,114.53,188.54526822875886
淮滨,Huaibin,32.44,115.41,237.15680490312135
商城,Shangcheng,31.81,115.42,177.91698616692074
光山,Guangshan,32.02,114.91,175.8523641408421
南阳,Nanyang,33.01,112.53,323.50337802415186
方城,Fangcheng,33.25,112.98,327.81697799524346
唐河,Tanghe,32.7,112.83,279.54509825822765
新野,Xinye,32.51,112.36,288.072194582402
邓县,Dengxian,32.68,112.08,319.58509203403753
淅川,Xichuan,33.14,111.47,395.791523807342
南召,Nanzhao,33.49,112.4,375.51916402678233
社旗,Sheqi,33.05,112.92,309.8793447347273
桐柏,Tongbai,32.37,113.4,222.6132385727371
镇平,Zhenping,33.03,112.23,340.9749429789944
内乡,Neixiang,33.05,111.83,365.8555409163099
西峡,Xixia,33.31,111.5,407.81090016938924
三门峡,Sanmenxia,34.76,111.19,553.8110916444379
孟津,Mengjin,34.84,112.42,510.79219829300365
临汝,Linru,34.17,112.83,428.04976075995387
汝阳,Ruyang,34.16,112.46,439.5946722068821
嵩县,Songxian,34.14,112.07,453.4240349782806
栾川,Luanchuan,33.81,111.6,445.4170514203947
灵宝,Lingbao,34.52,110.85,549.8587143990511
渑池,Minchi,34.76,111.75,527.9527582514352
义马,Yima,34.73,111.92,517.9115631115166
偃师,Yanshi,34.73,112.77,488.71598183576435
伊川,Yichuan,34.43,112.42,468.5579835886796
宜阳,Yiyang,34.51,112.15,486.7619121726305
洛宁,Luoning,34.39,111.65,496.6656670128633
卢氏,Lushi,34.06,111.03,499.4822319495479
陕县,Shanxian,34.76,111.19,553.8110916444379
新安,Xinan,34.75,112.14,511.3449169892214
武汉,Wuhan,30.52,114.31,0.0
武昌,Wuchang,30.35,114.33,18.943843973315047
汉阳,Hanyang,30.57,114.02,28.37357324477831
黄石,Huangshi,30.2,115.09,82.95379104698084
十堰,Shiyan,32.65,110.79,409.1054019780315
沙市,Shashi,30.32,112.24,200.10933683973917
宜昌,Yichang,30.7,111.3,289.31126892204736
襄樊,Xiangfan,30.02,112.14,216.03340570714832
孝感,Xiaogan,31.92,113.91,159.83289681782037
黄陂,Huangbei,30.88,114.36,40.19757845809541
汉川,Hanchuan,30.63,113.59,70.13434561743016
云梦,Yunmeng,31.02,113.73,78.45869327461999
应山,Yingshan,31.62,113.81,130.95982585148326
大悟,Dawu,31.56,114.09,117.20197203155391
应城,Yingcheng,30.94,113.6,82.41267219501916
安陆,Anlu,31.25,113.69,100.32263032396307
鄂城,Echeng,30.38,114.87,55.9812667552769
黄冈,Huanggang,30.44,114.87,54.49683381572735
新洲,Xinzhou,31.84,114.8,153.62413187052056
红安,Hongan,31.29,114.61,90.05682492786455
麻城,Macheng,31.17,115.0,97.7220184590113
罗川,Luochuan,30.79,115.37,105.91438899385743
浠水,Xishui,30.46,115.22,87.62055637793472
蕲春,Qichun,30.24,115.3,100.08979253890564
黄梅,Huangmei,30.09,115.93,162.95368892539045
广济,Guangji,29.85,115.56,141.45043822029453
英山,Yingshan,30.75,115.57,123.45247414963211
咸宁,Xianning,29.87,114.28,72.1141192083877
阳新,Yangxin,29.83,115.22,116.33016930569568
通山,Tongshan,29.6,114.52,103.9760560312339
通城,Tongcheng,29.23,113.8,151.24620277144288
嘉鱼,Jiayu,29.97,113.91,72.10862467433623
崇阳,Chongyang,29.54,114.04,111.71386467523126
蒲圻,Puqi,29.71,113.85,100.13944858566059
荆门,Jingmen,31.02,112.19,210.38318698443072
江陵,Jiangling,30.35,112.18,205.47647343043485
钟祥,Zhongxiang,31.17,112.58,180.49541656948625
京山,Jingshan,31.03,113.11,128.03323622773354
监利,Jianli,29.83,112.9,155.86349196338637
石首,Shishou,29.73,112.41,202.95535716752147
长沙,Changsha,28.21,113.0,285.88945897212926
望城,Wangcheng,28.37,112.8,279.7311554207376
株洲,Zhuzhou,27.83,113.16,318.4438826972858
湘潭,Xiangtan,27.87,112.91,323.73730075809897
衡阳,Hengyang,26.89,112.61,435.24117822472215
邵阳,Shaoyang,27.22,111.5,457.0410611524733
岳阳,Yueyang,29.37,113.09,173.5557210646198
临湘,Linxiang,29.48,113.42,143.75216183324528
平江,Pingjiang,29.71,113.56,115.26917015041478
泪罗,Leiluo,28.8,113.05,226.33574676857538
湘阴,Xiangyin,28.68,112.87,247.08944953659287
华容,Huarong,29.52,112.55,202.76135378555674
浏阳,Liuyang,28.16,113.63,269.7912279097972
醴陵,Liling,27.67,113.5,325.5760666230271
攸县,Youxian,27.01,113.32,400.8476210280289
茶陵,Chaling,26.79,113.54,420.1901311867101
酃县,Lingxian,26.49,113.77,449.7518196382642
湘乡,Xiangxiang,27.75,112.5,353.9398474884256
郴州,Chenzhou,25.79,113.0,539.7339884398889
郴县,Chenxian,25.79,113.0,539.7339884398889
安仁,Anren,26.71,113.27,434.32931042674306
永兴,Yongxing,26.13,113.11,500.53855410011397
资兴,Zixing,25.95,113.39,514.4422041351384
桂东,Guidong,25.08,113.91,604.1284137666333
汝城,Rucheng,25.54,113.68,555.347410924525
宜章,Yizhang,25.41,113.96,567.3315375486266
临武,Linwu,25.27,112.55,607.0209011014174
嘉禾,Jiahe,25.56,112.35,582.4372923934536
桂阳,Guiyang,25.73,112.72,553.3206257753817
来阳,Laiyang,26.41,112.84,477.69198765221677
衡南,Hengnan,26.89,112.61,435.24117822472215
衡山,Hengshan,27.25,112.86,389.03584302750147
衡东,Hengdong,27.1,112.95,401.61201782309394
常宁,Changning,26.38,112.39,495.840551152139
祁阳,Qiyang,26.59,111.85,497.6047420053402
祁东,Qidong,26.8,112.14,463.6275018741554
衡阳,Hengyang,26.98,112.39,434.8335822861972
永州,Yongzhou,26.22,111.63,544.1050453609896
零陵,Lingling,26.22,111.63,544.1050453609896
新田,Xintian,25.91,112.21,550.8787166908564
宁远,Ningyuan,25.6,111.95,592.4933567929639
蓝山,Lanshan,25.37,112.16,608.629937041152
双牌,Shuangpai,25.96,111.64,569.1925897409362
江永,Jiangyong,25.41,111.33,637.6088155093288
道县,Daoxian,25.52,111.57,616.0755770135044
东安,Dongan,26.41,111.28,543.5655421913705
江华,Jianghua,24.97,111.79,663.2479052375427
新宁,Xinning,26.44,110.84,565.5276636649985
武冈,Wugang,26.73,110.61,554.3003636076703
隆回,Longhui,27.13,111.04,492.9186645905487
绥宁,Suining,25.59,110.14,682.9006691887824
洞口,Dongkou,27.06,110.57,529.4408998233106
城步,Chengbu,26.37,110.3,604.7206479266885
娄底,Loudi,27.71,111.96,386.3909948499275
涟源,Lianyuan,27.68,111.66,406.9422578039761
新邵,Xinshao,27.33,111.46,449.6594486579468
双峰,Shuangfeng,27.44,112.18,399.5075566142608
冷水江,Lengshuijiang,27.68,111.41,422.7807946788045
邵东,Shaodong,27.25,111.73,441.19837839739387
新化,Xinhua,27.73,111.29,426.5839878783256
怀化,Huaihua,27.52,109.95,539.3295655978027
黔阳,Qianyang,27.33,110.14,538.7410588285426
辰溪,Chenxi,28.02,110.18,487.6662505880998
沅陵,Yuanling,28.46,110.39,443.40126207917456
溆浦,Xupu,27.92,110.57,463.9324980131432
会同,Huitong,26.86,109.71,605.3793205423875
靖县,Jingxian,26.57,109.68,629.8958758589176
洪江,Hongjiang,27.1,109.96,569.0937466734181
芷江,Zhijiang,27.44,109.78,557.9689603065682
麻阳,Mayang,27.87,109.79,528.6080642035105
通道,Tongdao,26.16,109.77,656.8405441903045
新晃,Xinhuang,27.37,109.16,611.4004510302015
吉首,Jishou,28.3,109.71,509.68989828710227
永顺,Yongshun,29.0,109.84,463.95139576365654
桑植,Sangzhi,29.38,110.16,420.0438326709439
大庸,Dayong,29.13,110.48,400.9425229553066
古丈,Guzhang,28.62,109.91,475.48025106784036
泸溪,Luxi,28.29,110.73,426.36671770833544
凤凰,Fenghuang,27.92,109.43,555.0532541369549
花垣,Huayuan,28.59,109.46,516.3559844009485
保靖,Baojing,28.7,109.64,495.228160162405
龙山,Longshan,29.64,109.42,481.38169459787343
常德,Changde,29.05,111.69,301.200905610802
临澧,Linli,29.44,111.64,284.11239548915523
澧县,Lixian,29.65,111.75,264.9597422517349
安乡,Anxiang,29.41,112.16,241.2469495743832
津市,Jinshi,29.64,111.87,254.65397248687762
汉寿,Hanshou,28.9,111.97,288.9796008892097
桃源,Taoyuan,28.9,111.47,328.2615324106104
慈利,Cili,29.41,111.09,334.24726747022896
石门,Shimen,29.59,111.35,303.47515853201963
益阳,Yiyang,28.6,112.33,286.5374804484684
南县,Nanxian,29.37,112.39,224.95467492053328
沅江,Yuanjiang,28.83,112.36,265.9263608314852
宁乡,Ningxiang,28.27,112.55,302.2834075566923
安化,Anhua,28.38,111.2,383.75874485094783
桃江,Taojiang,28.51,112.11,308.4194712042892
广州,Guangzhou,23.16,113.23,822.5198871943453
花县,Huaxian,23.4,113.19,796.7038989481161
新十,Xinshi,24.09,114.2,712.5850387142167
增城,Zengcheng,23.13,113.81,820.3280179649857
从化,Conghua,23.57,113.55,773.7697275519193
龙门,Longmen,23.75,114.25,750.1829380340827
番禺,Fanyu,22.95,113.36,844.0530446864177
海口,Haikou,20.02,110.35,1229.3650057212242
汕头,Shantou,23.39,116.69,824.539515582552
洪江,Hongjiang,21.2,110.38,1104.8618064562838
茂名,Maoming,21.68,110.88,1037.5573570567706
佛山,Foshan,23.05,113.11,836.2208943678581
江门,Jiangmen,22.61,113.06,885.190888989206
深圳,Shenzhen,22.62,114.07,875.6287243987058
宝安,Baoan,22.58,113.85,880.9226444541737
珠海,Zhuhai,22.3,113.52,914.1327059195114
韶关,Shaoguan,24.84,113.62,633.092724256501
曲江,Qujiang,24.68,113.58,651.1454551102248
乐昌,Lechang,25.14,113.35,603.6410695023369
仁化,Renhua,25.11,113.73,602.23348264743
南雄,Nanxiong,25.14,114.33,596.1996866261553
始兴,Shixing,24.78,114.08,636.478623477782
翁源,Wengyuan,24.36,114.13,682.8279344395636
佛岗,Fogang,23.86,113.52,742.1079959759223
英德,Yingde,24.17,113.38,709.6221724128206
清远,Qingyuan,23.7,113.01,766.5895821486583
阳山,Yangshan,24.48,112.65,689.077949462312
连县,Lianxian,24.77,112.4,664.4335739133526
连山,Lianshan,24.59,112.07,693.3028512998056
连南,Liannan,24.77,112.28,667.8839391591849
惠州,Huizhou,23.09,114.4,823.3028681007346
惠阳,Huiyang,23.09,114.4,823.3028681007346
博罗,Boluo,23.18,114.28,813.2926796101434
河源,Heyuan,23.73,114.68,753.2663888510565
连平,Lianping,24.39,114.48,679.480974225224
和平,Heping,24.45,114.89,675.061334072878
龙川,Longchuan,24.09,115.25,718.5404474757175
紫金,Zijin,23.64,115.18,767.2000339852815
惠东,Huidong,22.97,114.7,837.4405426150036
东莞,Dongguan,23.04,113.75,830.6558723863212
梅州,Meizhou,24.55,116.1,684.7353199251909
梅县,Meixian,24.55,116.1,684.7353199251909
平远,Pingyuan,24.59,117.9,746.5297773951899
蕉岭,Jiaoling,24.66,116.18,675.0629457946462
大埔,Dapu,24.34,116.7,724.3686494100616
丰顺,Fengshun,23.78,116.18,769.4490644777977
五华,Wuhua,23.93,115.75,743.997482269988
兴宁,Xingning,24.15,115.75,720.0707692690218
潮州,Chaozhou,23.68,116.63,791.9899666776636
澄海,Chenghai,23.48,116.8,818.1928358404379
潮安,Chaoan,23.68,116.63,791.9899666776636
饶平,Raoping,23.7,117.01,801.6245528319254
南澳,Nanao,23.44,117.03,829.5615401070514
潮阳,Chaoyang,23.27,116.61,835.1104155882623
惠来,Huilai,23.07,116.29,848.5658278892458
陆丰,Lufeng,22.95,117.64,901.6548807712879
海丰,Haifeng,22.98,117.33,887.6744936693025
普宁,Puning,23.29,116.17,822.0875388722368
揭西,Jiexi,23.45,115.82,797.5649059720007
揭阳,Jieyang,23.55,116.35,798.3386809831264
南海,Nanhai,23.05,113.11,836.2208943678581
三水,Sanshui,23.18,112.89,825.411998684531
顺德,Shunde,22.84,113.24,857.5616502215793
中山,Zhongshan,22.52,113.38,891.1969916200428
斗门,Doumen,22.2,113.25,927.8452962784362
新会,Xinhui,22.52,113.02,895.627840706298
鹤山,Heshan,22.76,112.94,870.5243846935955
开平,Kaiping,22.36,112.68,918.5537673119682
台山,Taishan,22.27,112.78,926.6839898521433
恩平,Enping,22.21,112.29,942.4536247614936
高明,Gaoming,21.71,112.76,988.2635655341173
廉江,Lianjiang,21.63,110.27,1064.377124131671
化州,Huazhou,21.64,110.59,1051.6361397628955
高州,Gaozhou,21.95,110.83,1010.9640932171859
信宜,Xinyi,22.36,110.9,965.7748861293626
阳春,Yangchun,22.16,111.78,959.9549304343053
阳江,Yangjiang,21.85,111.95,989.0185589933162
电白,Dianbai,21.52,110.99,1050.8444321091536
吴川,Wuchuan,21.43,110.78,1067.096105645514
徐闻,Xuwen,20.34,110.17,1201.8696220542722
海康,Haikang,20.91,110.07,1146.2121775773244
遂溪,Suixi,21.39,110.24,1090.2686560102786
肇庆,Zhaoqing,23.05,112.44,848.2655861994507
高要,Gaoyao,23.05,112.44,848.2655861994507
怀集,Huaiji,23.93,112.18,760.0355308486548
广宁,Guangning,23.14,112.43,838.7484625149125
四会,Sihui,23.36,112.68,809.6603000576191
新兴,Xinxing,22.68,112.2,893.6526344837174
云浮,Yunfu,22.93,112.02,871.2141621171914
罗定,Luoding,22.77,111.56,901.1751297739156
郁南,Yunan,23.23,111.51,854.2121366714703
德庆,Deqing,23.15,111.75,855.2440003537482
封开,Fengkai,23.45,111.48,832.1248847399623
海口,Haikou,20.02,110.35,1229.3650057212242
琼山,Qiongshan,19.98,110.33,1234.2245046621972
文昌,Wenchang,19.61,110.72,1261.4164601111816
定安,Dingan,19.68,110.31,1266.46569914097
琼海,Qionghai,19.25,110.46,1307.3133954242426
万宁,Wanning,18.8,110.39,1357.1832724866747
屯昌,Tunchang,19.36,110.1,1306.9561244979202
澄迈,Chengmai,19.75,110.0,1269.3955930627387
儋县,Danxian,19.52,109.57,1308.63232832535
临高,Lingao,19.91,109.69,1263.7911880184124
保亭,Baoting,18.64,109.7,1395.8671277318488
白沙,Baisha,19.23,109.44,1343.4836586057468
琼中,Qiongzhong,19.05,109.83,1348.486403395468
陵水,Lingshui,18.48,110.02,1402.3324400790484
崖县,Yaxian,18.25,109.5,1443.5299507620293
乐东,Ledong,18.73,109.17,1405.2939560589791
东方,Dongfang,19.09,108.64,1389.209335430093
昌江,Changjiang,19.25,109.03,1357.0681199387775
成都,Chengdu,30.67,104.06,982.831167439096
金堂,Jintang,30.88,104.32,957.5735275893845
双流,Shuangliu,30.57,104.94,898.8533619832031
蒲江,Pujiang,30.2,103.29,1059.5930383734758
郫县,Pixian,30.8,103.86,1001.6601513900121
新都,Xindu,30.82,104.13,975.7953228342163
来易,Laiyi,26.9,102.15,1253.2148641625386
盐边,Yanbian,26.9,101.56,1307.867000738822
温江,Wenjiang,30.97,103.81,1006.3167620223123
灌县,Guanxian,31.04,103.61,1025.4578967336602
彭县,Pengxian,30.99,103.94,993.9080494480821
什邡,Shenfang,31.13,104.16,973.1430790542678
广汉,Guanghan,30.99,104.25,964.2994637315963
新津,Xinjin,30.42,103.78,1010.8725073773876
邛崃,Qionglai,30.42,103.47,1040.6061415006554
大邑,Dayi,30.58,103.53,1033.9648754910097
崇庆,Chongqing,30.63,103.69,1018.4199919706962
绵阳,Mianyang,31.48,104.73,920.7973136931913
江油,Jiangyou,31.8,104.7,926.8610890245012
青川,Qingchuan,32.59,105.21,893.642540608789
平武,Pingwu,32.42,104.52,953.5327460486234
光元,Guangyuan,32.44,105.86,830.4132514755586
旺苍,Wangcang,32.25,106.33,782.6856616132951
剑阁,Jiange,32.03,105.45,859.9067554123797
梓潼,Zitong,31.64,105.16,881.6453804698392
三台,Santai,31.1,105.06,887.2338833001173
盐亭,Yanting,31.23,105.35,860.1998410937234
射洪,Shehong,30.9,105.31,862.9226697372025
遂宁,Suining,30.52,105.58,837.6897415902415
蓬溪,Pengxi,30.78,105.74,821.7505091086422
中江,Zhongjiang,31.06,104.68,923.3662546779262
德阳,Deyang,31.13,104.37,953.1207412242688
绵竹,Mianzhu,31.32,104.19,971.0192323877366
安县,Anxian,31.64,104.41,952.4856885143321
北川,Beichuan,31.89,104.44,952.4349102388641
内江,Neijiang,29.59,105.04,899.5962665480496
乐至,Lezhi,30.3,105.02,892.7310952133864
安岳,Anyue,30.12,105.3,867.4413416214318
威远,Weiyuan,29.57,104.7,932.4860713371728
资中,Zizhong,29.81,104.85,914.3666447619318
资阳,Ziyang,30.19,104.6,933.9574978389326
简阳,Jianyang,30.38,104.53,939.1836404534987
隆昌,Longchang,29.64,105.25,878.6495142344809
宜宾,Yibin,29.77,104.56,942.7439521933651
富顺,Fushun,29.24,104.97,913.0702318013017
南溪,Nanxi,28.87,104.96,922.8888357403957
江安,Jiangan,28.71,105.06,917.8087345756575
纳溪,Naxi,28.77,105.38,885.8905240002365
泸县,Luxian,28.96,105.46,873.153026925176
合江,Hejiang,28.79,105.78,847.5890154361268
泸州,Luzhou,28.91,105.39,881.0986053113564
古蔺,Gulin,28.03,105.79,872.4668024661576
叙水,Xushui,28.19,105.44,898.8902707407127
长宁,Changning,28.6,104.91,935.1514964090695
兴文,Xingwen,28.36,105.06,928.5248298823927
琪县,Qixian,28.38,104.81,951.3184484251952
高县,Gaoxian,28.4,104.52,977.9388985548721
筠连,Yunlian,28.16,104.53,984.7865277548827
屏由,Pingyou,28.68,104.15,1004.7284009907067
乐由,Leyou,29.59,103.73,1025.0718561568945
夹江,Jiajiang,29.75,103.59,1036.0559494158665
洪雅,Hongya,29.95,103.38,1053.5836544448491
丹棱,Danleng,30.04,103.53,1038.1582939509024
青神,Qingshen,29.86,103.81,1013.4449960620145
眉由,Meiyou,30.05,103.81,1011.17570056917
彭由,Pengyou,30.22,103.83,1007.5909357323781
井研,Jingyan,29.67,104.06,992.1751928790214
仁寿,Renshou,30.0,104.09,984.8589574808062
犍为,Jianwei,29.21,103.93,1012.9586776177595
沐川,Muchuan,28.96,103.98,1013.7534024436585
娥眉,Emei,29.62,103.5,1046.6392111624548
马边,Mabian,28.87,103.53,1058.7553861333004
峨边,Ebian,29.23,103.25,1077.5458827960176
金口,Jinkou,29.24,103.13,1088.825480974175
涪陵,Fuling,29.7,107.36,675.8646485717557
垫江,Dianjiang,30.36,107.34,669.6512758506334
丰都,Fengdu,29.89,107.7,640.1843751458779
石柱,Shizhu,29.98,108.13,597.7125300420836
秀山,Xiushan,28.47,108.97,565.396847571653
西阳,Xiyang,28.85,108.75,569.0136128827711
黔江,Qianjiang,29.53,108.81,541.710170585623
彭水,Pengshui,29.29,108.19,606.4900440212697
武隆,Wulong,29.29,108.72,556.750916919594
南川,Nanchuan,29.15,107.13,710.1961244295146
万县,Wanxian,30.83,108.35,572.0914178885758
开县,Kaixian,31.23,108.39,571.494496061653
城口,Chengkou,31.98,108.67,561.0063683479718
巫溪,Wuxi,31.42,109.6,460.8544721264816
巫山,Wushan,31.1,109.86,430.6303508340595
奉节,Fengjie,31.06,109.52,462.318966338629
云阳,Yunyang,30.99,108.89,521.5078004196262
忠县,Zhongxian,30.33,108.03,603.6248143463881
梁平,Liangping,30.66,107.78,626.399215676221
南允,Nanyun,30.8,106.06,791.1215205106189
苍溪,Cangxi,31.75,105.96,807.7098656416227
阆中,Langzhong,31.75,105.97,806.7705845274103
仪陇,Yilong,31.52,106.38,765.0857072838951
南部,Nanbu,31.34,106.03,796.3623441831306
西允,Xiyun,31.01,105.84,812.5174692017149
营山,Yingshan,31.07,106.57,743.1317506509662
蓬安,Pengan,31.04,106.44,755.3810254895603
广安,Guangan,30.48,106.61,739.0615369843816
岳池,Yuechi,30.55,106.43,756.0538113328585
武胜,Wusheng,30.38,106.3,769.3394619903024
华云,Huayun,30.41,106.74,726.9379054805785
达县,Daxian,31.23,107.49,656.8109140103736
万源,Wanyuan,32.07,108.06,619.2623705794375
宜汉,Yihan,31.39,107.71,637.8541538182641
开江,Kaijiang,31.1,107.87,619.5190452794362
邻水,Linshui,30.36,106.91,710.9215709235144
大竹,Dazhu,30.75,107.21,681.0126014202873
渠县,Quxian,30.85,106.94,706.9877533258457
南江,Nanjiang,32.36,106.83,739.5643805483734
巴中,Bazhong,31.86,106.73,737.4280912675368
平昌,Pingchang,31.59,107.11,697.2604170362474
通江,Tongjiang,31.95,108.24,599.5247784223541
百沙,Baisha,32.0,108.18,606.3629970586127
雅安,Yaan,29.97,102.97,1092.6974332843336
芦山,Lushan,30.17,102.91,1096.3395689041445
名山,Mingshan,30.09,103.06,1082.7368525392046
荣经,Rongjing,29.79,102.81,1110.331019451276
汉源,Hanyuan,29.4,102.66,1130.8314303339785
石棉,Shimian,29.21,102.38,1161.1839516147772
天全,Tianquan,30.09,102.78,1109.6103980135688
宝兴,Baoxing,30.36,102.84,1101.4514348889143
马尔康,Maerkang,31.92,102.22,1161.7671766522428
红原,Hongyuan,31.79,102.55,1129.54363415792
阿坝,Aba,31.93,101.72,1209.0016444638345
若尔盖,Ruoergai,33.62,102.94,1126.5153776048226
黑水,Heishui,32.06,102.95,1094.4841739442238
松潘,Songpan,32.64,103.61,1041.989363667344
南坪,Nanping,33.23,104.19,1003.0928045803089
汶川,Wenchuan,31.46,103.61,1026.8857562150763
理县,Lixian,31.42,103.16,1069.4019833448094
小金,Xiaojin,30.97,102.34,1146.7499005971272
金川 ,Jinchuan ,31.48,102.03,1176.9886532173007
壤塘,Rangtang,32.3,100.97,1282.9253963779252
茂汶,Maowen,31.67,103.89,1001.9112323473468
康定,Kangding,30.04,101.95,1189.8035366171123
炉霍,Luhuo,31.38,100.65,1307.9020346906782
甘孜,Ganzi,31.64,99.96,1373.9598917981689
新龙,Xinlong,30.96,100.28,1343.5447348995222
白玉,Baiyu,32.23,98.83,1483.4191010898403
德格,Dege,31.81,98.57,1506.1118993218959
石渠,Shiqu,33.01,98.06,1562.3081706862606
色达,Seda,32.3,100.35,1341.0939098838967
泸定,Luding,29.92,102.25,1162.398467964313
丹巴,Danba,30.85,101.87,1191.9068485943228
九龙,Jiulong,29.01,101.53,1246.5733656921664
雅江,Yajiang,30.03,101.0,1281.0862738534083
道孚,Daofu,30.99,101.14,1261.3361363031747
理塘,Litang,30.03,100.28,1350.1784430438554
乡城,Xiangcheng,28.93,99.78,1415.7881775259725
稻城,Daocheng,29.04,100.31,1362.7792044017601
巴塘,Batang,30.0,99.0,1473.338131547528
得荣,Derong,28.71,99.25,1471.2531761955674
西昌,Xichang,27.92,102.29,1203.0461341566731
昭觉,Zhaojue,28.03,102.83,1148.656574630597
甘洛,Ganluo,28.96,102.74,1131.9927626161068
雷波,Leibo,28.21,103.62,1068.5707970764054
宁南,Ningnan,27.07,102.76,1189.9703947233963
会东,Huidong,26.74,102.55,1223.06522201371
会理,Huili,26.67,102.21,1257.2699922563568
德昌,Dechang,27.4,102.15,1233.9537403618406
美姑,Meigu,28.33,103.14,1110.228579240372
金阳,Jinyang,27.73,103.22,1122.1394170933158
布拖,Butuo,27.7,102.8,1162.4752425832955
普格,Puge,27.38,102.52,1200.171390618726
喜德,Xide,28.33,102.42,1178.4120924046229
越西,Yuexi,28.66,102.49,1162.9524282250711
盐源,Yanyuan,27.42,101.51,1293.155634387437
冕宁,Mianning,28.58,102.15,1197.34829299602
木里,Muli,27.9,101.25,1301.9005842365295
贵阳,Guiyang,26.57,106.71,862.6806576944718
六盘水,Liupanshui,26.58,104.82,1025.6774147060926
水城,Shuicheng,26.58,104.82,1025.6774147060926
盘县,Panxian,25.81,104.64,1083.0401833982262
六枝,Liuzhi,26.21,105.47,988.9908830170582
遵义,Zunyi,27.7,106.9,785.8318328960513
绥阳,Suiyang,27.95,107.19,748.3101601208601
道真,Daozhen,28.89,107.6,673.8690995056622
凤冈,Fenggang,27.97,107.72,700.0130086744188
余庆,Yuqing,27.22,107.88,725.9430203951429
赤水,Chishui,28.57,105.69,862.7241130577212
桐梓,Tongzi,28.16,106.8,774.6364456134424
正安,Zhengan,28.56,107.43,701.209507078802
务川,Wuchuan,28.54,107.87,661.6012139737036
湄潭,Meitan,27.76,107.5,729.6699620336547
仁怀,Renhuai,27.81,106.41,824.8905953513068
习水,Xishui,28.33,106.2,823.3215912433521
铜仁,Tongren,27.73,109.21,584.6779185853732
玉屏,Yuping,27.24,108.91,639.8896119665491
思南,Sinan,27.94,108.23,656.504200491266
德江,Dejiang,28.27,108.13,649.512306177532
万山,Wanshan,27.52,109.2,598.5283303252621
江口,Jiangkou,27.68,108.82,620.1047870539421
师阡,Shiqian,27.52,108.24,678.2438097161316
印江,Yinjiang,28.02,108.41,636.7018234042177
沿河,Yanhe,28.57,108.48,604.887390532109
松桃,Songtao,28.17,109.18,562.0827013314498
毕节,Bijie,27.32,105.29,947.989201560647
黔西,Qianxi,27.03,106.04,895.0540709326497
织金,Zhijin,26.66,105.76,939.0039520388846
赫章,Hezhang,27.13,104.71,1009.030012551938
大方,Dafang,27.16,105.61,926.7148306541061
金沙,Jinsha,27.46,106.22,857.9085943481289
钠雍,Nayong,26.77,105.38,966.5102176248196
威宁,Weining,26.87,104.28,1059.8070516232558
安顺,Anshun,26.25,105.92,948.2971308625063
息烽,Xifeng,27.1,106.73,831.0736372341238
清镇,Qingzhen,26.56,106.46,884.4099504776099
普定,Puding,26.32,105.75,958.7369996792263
开阳,Kaiyang,27.06,106.95,814.2309738980315
修文,Xiuwen,26.84,106.59,857.3785510644395
平坝,Pingba,26.42,106.26,909.525898889525
镇宁,Zhenning,26.08,105.75,972.7049530138837
紫云,Ziyun,25.75,106.06,967.133332655553
关岭,Guanling,25.94,105.62,992.0208500797213
兴义,Xingyi,25.1,104.91,1103.1952119722607
普安,Puan,25.79,104.96,1056.8154538778738
贞丰,Zhenfeng,25.39,105.63,1025.4440527243557
望谟,Wangmo,25.17,106.09,1002.9820846886727
册亭,Ceting,25.0,105.79,1038.4220105062702
安龙,Anlong,25.11,105.49,1055.1206714302475
兴仁,Xingren,25.44,105.18,1059.412713736728
晴龙,Qinglong,25.83,105.21,1033.2187472507658
凯里,Kaili,26.59,107.97,757.7721294735497
施秉,Shibing,27.03,108.11,718.2326742524042
镇远,Zhenyuan,27.06,108.41,691.829376142415
天柱,Tianzhu,26.89,109.2,641.0793922603068
剑河,Jianhe,26.64,108.58,706.3022275713064
黎平,Liping,26.24,109.14,693.9101595470677
从江,Congjiang,25.76,108.9,748.5711855155275
麻江,Majiang,26.49,107.58,795.6973160498754
黄平,Huangping,26.89,107.89,745.017632763534
三穗,Sansui,26.98,108.68,675.3372707924625
岑巩,Cengong,27.21,108.72,657.1322002271263
锦屏,Jinping,26.7,109.18,656.3197268137739
台江,Taijiang,26.68,108.32,723.9316858179316
榕江,Rongjiang,25.94,108.5,763.1809644197687
雷山,Leishan,26.38,108.07,764.0069706453678
丹寨,Danzhai,26.21,107.79,797.623897840105
都匀,Duyun,26.72,107.53,785.2169499676726
贵定,Guiding,26.58,107.22,819.4836846368286
瓮安,Wengan,27.08,107.48,767.8459656708303
平塘,Pingtang,25.83,107.55,842.7762902582399
长顺,Changshun,26.03,106.45,917.3356905924477
惠水,Huishui,26.14,106.66,893.1239034798097
荔波,Libo,25.42,107.88,847.9873298268441
福泉,Fuquan,26.7,107.51,788.1065989363847
独山,Dushan,25.84,107.54,842.8434074867938
罗甸,Luodian,25.43,106.74,933.8140573963424
龙里,Longli,26.46,106.98,846.7575298984407
三都,Sandu,26.0,107.86,806.8524413687571
昆明,Kunming,25.04,102.73,1291.7588111445125
富民,Fumin,25.21,102.48,1304.1484163874318
晋宁,Jinning,24.68,102.58,1325.4001600879408
呈贡,Chenggong,24.9,102.79,1294.5475622149963
安宁,Anning,24.95,102.44,1322.0378927848403
昭通,Zhaotong,29.32,103.7,1032.7397596761164
永善,Yongshan,28.22,103.63,1067.3158794339815
大关,Daguan,27.74,103.91,1057.4601681151094
彝良,Yiliang,27.61,104.06,1048.4455750679547
鲁甸,Ludian,27.21,103.54,1112.3726431829007
绥江,Suijiang,28.58,103.97,1024.5342555675904
盐津,Yanjin,28.08,104.28,1010.8848037542054
威信,Weixin,27.85,105.05,947.6747039349478
镇雄,Zhenxiong,27.42,104.86,982.6303328308703
巧家,Qiaojia,26.9,102.92,1182.2927679924137
永富,Yongfu,28.62,104.38,984.619246040835
曲靖,Qujing,25.51,103.79,1173.3607807488286
宣威,Xuanwei,26.24,104.09,1107.6723382931082
富源,Fuyuan,25.67,104.24,1125.4414155672268
师宗,Shizong,24.85,103.97,1197.0933902336742
嵩明,Songming,25.35,103.03,1248.3384567176981
会泽,Huize,26.41,103.27,1172.495046404483
沽益,Guyi,25.62,103.82,1164.594367561927
罗平,Luoping,24.88,104.3,1167.663592512203
陆良,Luliang,25.04,104.64,1129.341296998558
宜良,Yiliang,24.9,103.12,1266.1632289038205
马龙,Malong,25.41,103.61,1194.582117275579
路南,Lunan,24.77,103.24,1263.621659923419
寻甸,Xundian,25.56,103.25,1217.60770487956
玉溪,Yuxi,24.35,102.52,1350.133554787656
华宁,Huaning,24.26,102.93,1320.9812598179487
通海,Tonghai,24.09,102.75,1346.7039784926274
澄江,Chengjiang,24.68,102.91,1297.1200288995578
江川,Jiangchuan,24.27,102.73,1337.207903091338
易门,Yimen,24.67,102.15,1363.1027135747174
元江,Yuanjiang,23.59,102.0,1441.0462004209892
新平,Xinping,24.06,101.98,1413.6323601960182
峨山,Eshan,24.16,102.38,1373.5622170487334
思茅,Simao,22.79,101.0,1575.7982650636875
普洱,Puer,23.07,101.03,1555.3619278728765
镇沅,Zhenyuan,23.9,100.88,1517.5985607894906
景东,Jingdong,24.42,100.82,1493.2843470219043
景谷,Jinggu,23.5,100.71,1555.966756278006
黑江,Heijiang,23.4,101.71,1477.3803366912061
澜沦,Lanlun,22.55,99.97,1677.580138695445
西盟,Ximeng,22.73,99.47,1708.9441179790886
江城,Jiangcheng,22.58,101.88,1517.426179230153
孟连,Menglian,22.32,99.55,1727.6194993140828
临沦,Linlun,23.88,100.09,1587.518787165545
云县,Yunxian,24.44,100.12,1554.0724455545019
镇康,Zhenkang,23.92,99.02,1679.7523557031152
永德,Yongde,24.03,99.25,1653.374558207421
凤庆,Fengqing,24.58,99.92,1564.507087721106
双江,Shuangjiang,23.45,99.85,1633.1551299096714
沧源,Cangyuan,23.15,99.24,1703.6940183329825
耿马,Gengma,23.56,99.41,1665.2300581074485
保由,Baoyou,25.12,99.18,1604.4863683241747
施甸,Shidian,24.69,99.15,1628.1112740956662
腾冲,Tengchong,25.01,98.51,1670.8612999522422
昌宁,Changning,24.82,99.61,1580.0872111869453
龙陵,Longling,24.58,98.7,1674.291774806064
丽江,Lijiang,26.86,100.25,1431.4918801057727
华坪,Huaping,26.63,101.24,1348.3800240263154
永胜,Yongsheng,26.71,100.76,1389.6914898320128
宁蒗,Ninglang,27.29,100.82,1362.4771565982578
文山,Wenshan,23.37,104.24,1274.6696357988217
广南,Guangnan,24.05,105.09,1159.847360554022
西畴,Xichou,23.42,104.68,1237.122148992296
麻栗坡,Malipo,23.12,104.71,1257.1465236668212
马关,Maguan,23.01,104.4,1288.7893243860804
丘北,Qiubei,24.03,104.19,1232.3579960621298
砚山,Yanshan,23.62,104.35,1248.2023604291724
富宁,Funing,23.62,105.6,1152.8622566720692
个旧,Gejiu,23.35,102.43,1420.8806751392617
弥勒,Mile,24.41,103.43,1269.7245593946182
蒙自,Mengzi,23.36,103.41,1340.774026399459
元阳,Yuanyang,23.17,102.81,1401.999117545009
红河,Honghe,23.35,102.42,1421.7022855426185
石屏,Shiping,23.73,102.48,1392.0581726733435
泸西,Luxi,24.52,103.76,1235.2914654088265
金平,Jinping,22.77,103.24,1395.7575006253944
开远,Kaiyuan,23.7,103.23,1332.2265449818665
绿春,Lvchun,23.01,102.42,1444.4250732518137
建水,Jianshui,23.64,102.79,1372.2241764627922
河口,Hekou,22.52,103.98,1357.2755825980219
屏边,Pingbian,22.68,103.67,1368.936093409673
景淇,Jingqi,22.0,100.79,1645.5046951562647
勐海,Menghai,21.95,100.5,1672.6056473285955
勐腊,Mengla,21.48,101.56,1620.31885360079
楚雄,Chuxiong,25.01,101.54,1397.758091655266
元谋,Yuanmou,25.7,101.85,1334.684424760717
武定,Wuding,25.55,102.36,1296.6774672430856
禄丰,Lufeng,25.15,102.08,1342.5715989108394
南华,Nanhua,25.21,101.26,1412.2002524361585
大姚,Dayao,25.73,101.34,1379.2274028929705
永仁,Yongren,26.07,101.7,1330.5739585549038
禄劝,Luquan,25.58,102.45,1287.12895294625
牟定,Mouding,25.32,101.58,1377.9868925811613
双柏,Shuangbai,24.68,101.67,1404.3256063676542
姚安,Yaoan,25.4,101.24,1404.3795311501353
下关,Xiaguan,25.45,100.24,1492.3448495021019
剑川,Jianchuan,26.53,99.88,1478.6976196117062
洱源,Eryuan,26.1,99.94,1490.6858450617797
宾川,Binchuan,25.82,100.55,1446.9005859750932
弥渡,Midu,25.34,100.52,1472.2341575978376
永平,Yongping,25.45,99.52,1558.035388707459
鹤庆,Heqing,26.55,100.18,1449.9704816798676
大理,Dali,25.69,100.19,1485.7444960640096
漾濞,Yangpi,25.68,99.98,1505.4218570110068
云龙,Yunlong,25.9,99.39,1550.0371722158568
祥云,Xiangyun,25.48,100.56,1461.8562539021398
巍山,Weishan,25.23,100.33,1494.7819899275316
南涧,Nanjian,25.04,100.51,1488.0275762615706
潞西,Luxi,24.41,98.6,1691.8372130622301
陇川,Longchuan,24.33,97.96,1753.7750188675775
盈江,Yingjiang,24.69,97.93,1738.9985796082096
畹町,Wanting,24.08,98.08,1755.530062550034
瑞丽,Ruili,24.0,97.83,1782.1760302110647
梁河,Lianghe,24.78,98.3,1700.9209372833068
泸水,Lushui,25.97,98.82,1599.9161032723798
碧江,Bijiang,26.55,98.95,1564.8388909881219
福贡,Fugong,26.89,98.92,1555.2333020719118
兰坪,Lanping,26.49,99.29,1535.3152039039294
贡山,Gongshan,27.73,98.65,1553.7173628247517
中甸,Zhongdian,27.78,99.72,1450.5483319105804
德钦,Deqin,28.49,98.93,1506.9175323101724
维西,Weixi,27.15,99.27,1513.2328407762793
南昌,Nanchang,28.68,115.89,254.99010493281259
新建,Xinjian,28.69,115.8,248.94737828919355
景德镇,Jingdezhen,29.3,117.22,311.85890143374553
萍乡,Pingxiang,27.6,113.85,326.72784859047704
九江,Jiujiang,29.71,115.97,183.45468339149375
彭泽,Pengze,29.9,116.56,227.27173133278833
湖口,Hukou,29.75,116.23,203.74017221073612
都昌,Duchang,29.29,116.19,227.0541897482992
星子,Xingzi,29.47,116.03,202.706744890998
永修,Yongxiu,29.04,115.82,219.61792354793565
德安,Dean,29.33,115.75,191.6579828884072
瑞昌,Ruichang,29.68,115.65,159.22575650530007
武宁,Wuning,29.26,115.09,158.695204881754
修永,Xiuyong,29.04,114.55,165.68936669170918
上饶,Shangrao,28.47,117.97,421.3796981679112
婺源,Wuyuan,29.25,117.83,367.9891039896664
德兴,Dexing,28.96,117.58,360.48261241648623
玉山,Yushan,28.68,118.25,432.70363097807916
广丰,Guangfeng,28.45,118.2,441.501036871237
铅山,Qianshan,28.32,117.71,410.2367088738996
横峰,Hengfeng,28.42,117.62,396.51997751977234
鹰潭,Yingtan,28.23,117.02,365.55398550098363
贵溪,Guixi,28.3,117.2,373.0905345291695
余江,Yujiang,28.22,116.82,352.65045746101976
万年,Wannian,28.7,117.08,335.6658458258832
乐平,Leping,28.97,117.12,321.5465234594849
波阳,Boyang,29.0,116.68,284.4695813981285
于干,Yugan,28.7,116.69,306.3205190526202
弋阳,Yiyang,28.42,117.43,381.7568839518167
宜春,Yichun,27.81,114.38,300.4497689761233
万载,Wanzai,28.11,114.44,267.4252239172046
铜鼓,Tonggu,28.53,114.37,220.6572846517888
宜丰,Yifeng,28.4,114.78,239.36915196184466
上高,Shanggao,28.25,114.91,258.26375961787045
安义,Anyi,28.86,115.55,219.68021657343218
奉新,Fengxin,28.71,115.38,225.8132201756475
高安,Gaoan,28.42,115.38,254.85565898950276
丰城,Fengcheng,28.19,115.7,291.3965036456163
清江,Qingjiang,28.07,115.54,296.68589819661287
新余,Xinyu,27.81,114.92,306.176470762103
分宜,Fenyi,27.82,114.68,301.42040161195223
靖安,Jingan,28.88,115.37,208.73198122710957
抚州,Fuzhou,28.0,116.34,341.955840735824
临川,Linchuan,27.95,116.29,343.77906059164013
金溪,Jinxi,27.92,116.77,374.4865714531658
资溪,Zixi,27.7,117.06,411.47632173729494
黎川,Lichuan,27.3,116.91,437.7511862142052
南丰,Nanfeng,27.22,116.52,424.54144326631945
南城,Nancheng,27.56,116.62,397.7869254454184
宜黄,Yihuang,27.55,116.2,377.14569356346135
崇仁,Chongren,27.75,116.05,350.60117951540246
乐安,Lean,27.44,115.82,371.72838763915627
东乡,Dongxiang,28.23,116.61,338.04625465032797
进贤,Jinxian,28.37,116.26,304.2621598948425
吉安,Jian,27.12,114.97,382.29589591687665
新干,Xingan,27.77,115.4,322.7238451747025
峡江,Xiajiang,27.56,115.15,338.1200262682476
吉水,Jishui,27.22,115.14,374.6033454133834
永丰,Yongfeng,27.33,115.42,369.75060297440166
泰和,Taihe,26.81,114.88,414.93652391663534
万安,Wanan,26.47,114.77,451.1044667444001
遂川,Suichuan,26.33,114.5,464.73615343037187
宁冈,Ninggang,26.71,113.97,423.5672828462956
永新,Yongxin,26.96,114.23,394.63811928928067
莲花,Lianhua,27.14,113.94,376.3515043622815
安福,Anfu,27.39,114.62,348.22714348828407
井冈山,Jinggangshan,26.57,114.17,437.9869047724121
赣州,Ganzhou,25.85,114.92,520.9934792753673
广昌,Guangchang,26.84,116.32,452.67515476141847
石城,Shicheng,26.34,116.32,503.3376678964401
宁都,Ningdu,26.46,116.0,479.399327228333
兴国,Xingguo,26.32,115.33,476.0700427450285
于都,Yudu,25.96,115.39,516.3412421824888
瑞金,Ruijin,25.89,116.02,539.8493550477697
会昌,Huichang,25.58,115.79,566.4397568588956
安远,Anyuan,25.15,115.41,604.8612178450102
寻乌,Xunwu,24.96,115.64,629.9162163333485
定南,Dingnan,24.7,115.02,648.7271161145644
龙南,Longnan,24.91,114.79,623.4713020265128
全南,Quannan,24.76,114.53,638.6584229303388
信丰,Xinfeng,25.39,114.94,571.8682118577319
赣县,Ganxian,25.85,114.02,518.3244118182889
南康,Nankang,25.66,114.75,540.3226889474527
上犹,Shangyou,25.8,114.55,523.6119629832415
崇义,Chongyi,25.69,114.31,535.2679256394928
大余,Dayu,25.39,114.36,568.5234873267807
西安,Xian,34.27,108.95,653.450493300766
长安,Changan,34.18,108.97,645.8807177791488
铜川,Tongchuan,35.09,109.11,702.6563088481777
耀县,Yaoxian,34.91,108.98,697.4217035703126
宝鸡,Baoji,34.38,107.15,797.4587734532727
凤翔,Fengxiang,34.53,107.39,787.3383149745816
千阳,Qianyang,34.65,107.13,814.6122359862129
陇县,Longxian,34.91,106.86,850.956972744455
麟游,Linyou,34.69,107.8,766.0185533730834
岐山,Qishan,34.46,107.63,764.5972410287484
浮风,Fufeng,34.38,107.87,741.2805104867149
武功,Wugong,34.28,108.22,708.3646373485681
眉县,Meixian,34.29,107.76,744.3497524807949
太白,Taibai,34.09,107.3,769.491230565249
凤县,Fengxian,33.93,106.51,826.4259330189235
榆林,Yulin,38.3,109.77,958.3240239980091
神木,Shenmu,38.83,110.51,985.1911915948424
府谷,Fugu,39.05,111.07,991.4680370063182
佳县,Jiaxian,38.04,110.48,905.4207599309207
米脂,Mizhi,37.78,110.23,888.6205319127353
吴堡,Wubao,37.49,110.73,840.7014618455444
绥德,Suide,37.49,110.24,859.4576912860091
清涧,Qingjian,37.11,110.15,825.977966779442
子洲,Zizhou,37.45,110.05,863.3447212573947
横山,Hengshan,37.97,109.32,945.2489975693264
靖边,Jingbian,37.61,108.79,936.6553989924311
定边,Dingbian,37.6,107.59,1000.1713665874438
延安,Yanan,36.6,109.47,810.110533461922
安寨,Anzhai,36.88,109.34,842.2515593112614
子长,Zichang,37.16,109.65,853.2052713697982
延川,Yanchuan,36.87,110.18,801.449707982903
延长,Yanchang,36.59,110.02,782.0567550642186
宜川,Yichuan,36.04,110.15,724.3694159399972
黄龙,Huanglong,35.6,109.86,699.8923308063818
洛川,Luochuan,35.76,109.42,738.6117526586331
宜君,Yijun,35.43,109.11,729.6817143459577
黄陵,Huangling,35.6,109.27,733.8892197365806
富县,Fuxian,36.0,109.37,762.1465199440313
甘泉,Ganquan,36.29,109.37,787.5759800278361
志丹,Zhidan,36.84,108.78,868.1410890895767
吴旗,Wuqi,36.93,108.22,907.3084730795197
咸阳,Xianyang,34.36,108.72,676.3001952145033
礼泉,Liquan,34.5,108.43,706.9191343707254
永寿,Yongshou,34.71,108.14,742.1840361534955
彬县,Binxian,35.04,108.09,768.3353862583825
长武,Changwu,35.22,107.8,801.4465693556472
旬邑,Xunyi,35.13,108.33,757.9338158549679
淳化,Chunhua,34.81,108.57,718.2527210771253
泾阳,Jingyang,34.53,108.84,679.3815152244916
三原,Sanyuan,34.62,108.94,678.7624958093651
高陵,Gaoling,34.55,109.1,662.5741354354507
户县,Huxian,34.12,108.61,668.7119406600885
周至,Zhouzhi,34.18,108.22,702.1601416213966
兴平,Xingping,34.32,108.49,690.6066455762062
乾县,Ganxian,34.54,108.25,722.8219033859114
渭南,Weinan,34.52,109.5,633.0777093870845
蒲城,Pucheng,34.97,109.59,662.5560514210998
白水,Baishui,35.18,109.6,679.1259612521117
成城,Chengcheng,35.2,109.93,661.2300766244283
韩城,Hancheng,35.47,110.45,656.7489442292581
合阳,Heyang,35.24,110.15,652.1847570123439
人荔,Renli,34.82,109.96,627.4464743274247
潼关,Tongguan,34.56,110.25,588.2347926834665
华阴,Huayin,34.58,110.09,599.7106538521493
华县,Huaxian,34.53,109.77,616.0304025071117
蓝田,Lantian,34.17,109.32,619.9094658108235
临潼,Lintong,34.38,109.22,641.9183034485173
富平,Fuping,34.76,109.17,673.3633713082655
商县,Shangxian,33.88,109.96,554.0031773538668
洛南,Luonan,34.11,110.15,558.4071264644996
丹凤,Danfeng,33.71,110.35,514.4948036365612
商南,Shangnan,33.54,110.88,465.9000006800696
山阳,Shanyang,33.55,109.91,534.3317857515467
镇安,Zhenan,33.45,109.16,585.0615798636777
柞水,Zuoshui,33.69,109.14,601.2511417684016
安康,Ankang,32.7,109.02,557.0373014270414
旬阳,Xunyang,32.83,109.35,535.4577253210631
白河,Baihe,32.83,110.06,477.44271851729957
平利,Pingli,32.41,109.37,514.0548622156691
镇坪,Zhenping,31.91,109.51,482.59821680812286
岚皋,Langao,32.3,108.89,551.8101758977732
紫阳,Ziyang,32.56,108.55,591.7890442131611
汉阴,Hanyin,32.9,108.53,607.9923231020157
石泉,Shiquan,33.05,108.26,637.8435502232654
宁陕,Ningshan,33.34,108.33,646.023640398667
汉中,Hanzhong,33.07,108.04,657.5014373062378
留坝,Liuba,33.65,106.95,776.4022733321955
城固,Chenggu,33.16,107.32,723.296253968922
洋县,Yangxian,33.23,107.56,705.642166906357
佛坪,Foping,33.55,108.0,683.9981317314788
西乡,Xixiang,33.0,107.77,677.691373601837
镇巴,Zhenba,32.56,107.91,648.3379181734657
南郑,Nanzheng,33.0,106.93,751.0697195914943
宁强,Ningqiang,32.82,106.25,805.4841446365198
勉县,Mianxian,33.16,106.68,779.0366675580503
略阳,Lveyang,33.34,106.16,831.398566140582
西宁,Xining,36.56,101.74,1344.3384564527387
大通,Datong,36.92,101.67,1367.9968191192136
平安,Pingan,36.47,102.09,1311.8217720874911
湟中,Huangzhong,36.49,101.57,1354.6386046440018
乐都,Ledu,36.49,102.38,1289.6873159584934
民和,Minhe,36.3,102.8,1246.529472920535
湟源,Huangyuan,36.72,101.28,1389.0935402905664
互助,Huzhu,36.84,101.95,1341.7706611379535
化隆,Hualong,36.11,102.3,1277.2887517150048
循化,Xunhua,35.84,102.46,1251.485233736817
门源,Menyuan,37.37,101.62,1395.668366544456
海晏,Haiyan,36.89,100.99,1420.6152684743865
刚察,Gangcha,37.32,100.17,1507.0292762191166
祁连,Qilian,38.2,100.22,1548.2668060826422
同仁,Tongren,35.54,102.0,1276.350993467708
尖扎,Jianzha,35.92,102.0,1292.9784080938339
泽库,Zeku,35.03,101.5,1298.8931349762977
河南,Henan,34.75,101.62,1278.625189717265
共和,Gonghe,36.27,100.61,1423.2900663965504
贵德,Guide,36.02,101.47,1341.2076121074049
贵南,Guinan,35.57,100.75,1383.226823171173
同德,Tongde,35.24,100.63,1381.464998951674
兴海,Xinghai,35.6,99.99,1449.2972274054741
玛沁,Maqin,34.49,100.26,1390.3013807544803
甘德,Gande,33.95,99.89,1409.9074109900132
久治,Jiuzhi,33.46,101.47,1255.4841463974042
班玛,Banma,32.92,100.73,1313.3071084900819
达日,Dari,33.74,99.68,1424.4940398629578
玛多,Maduo,34.92,98.26,1579.6250752274966
玉树,Yushu,33.03,96.97,1663.9087713505546
称多,Chengduo,33.35,97.12,1653.4582164789642
囊谦,Nangqian,32.23,96.47,1705.6580743586471
杂多,Zaduo,32.92,95.3,1818.7407172091637
治多,Zhiduo,33.86,95.6,1800.0372535007589
曲麻菜,Qumacai,34.52,95.5,1819.1134579399084
格尔木,Geermu,36.41,94.9,1914.7541585606727
乌兰,Wulan,36.9,98.46,1627.8844360756405
都兰,Dulan,36.3,98.13,1633.1250407418852
天峻,Tianjun,37.28,99.03,1597.0179871551145
兰州,Lanzhou,36.03,103.73,1158.6308698140697
永登,Yongdeng,36.73,103.25,1234.5841723278047
榆中,Yuzhong,35.87,104.09,1121.6165301304168
永昌,Yongchang,38.23,101.94,1421.1453891301558
皋兰,Gaolan,36.32,103.97,1155.9011247259757
定西,Dingxi,35.57,104.57,1067.4996124464658
会宁,Huining,35.72,105.08,1035.8457509122961
陇西,Longxi,34.98,104.61,1034.1616265925159
临洮,Lintao,35.39,103.88,1113.8549784125798
靖远,Jingyuan,36.54,104.71,1113.0040782393648
通渭,Tongwei,35.24,105.27,994.135574842425
渭源,Weiyuan,35.17,104.19,1077.8233748990806
平凉,Pingliang,35.51,106.68,901.9880384004011
灵台,Lingtai,35.1,107.61,806.9154776683004
华亭,Huating,35.21,106.65,885.249717612138
静宁,Jingning,35.51,105.73,973.4997495234221
泾川,Jingchuan,35.31,107.38,837.6911797869516
崇信,Chongxin,35.27,107.05,859.1501085259158
庄浪,Zhuanglang,35.2,106.06,929.8563174405622
庆阳,Qingyang,36.03,107.88,855.3075711169894
华池,Huachi,36.44,108.0,879.9279303845392
庄宁,Zhuangning,35.5,108.43,778.7298400739905
镇源,Zhenyuan,35.7,107.22,875.857408045096
环县,Huanxian,36.57,107.33,932.4515426583432
合水,Heshui,35.81,108.02,829.3384262633658
宁县,Ningxian,35.17,107.94,788.0413388759905
天水,Tianshui,34.6,105.69,926.877386470684
徽县,Huixian,33.78,106.11,853.5016383335809
礼县,Lixian,34.22,105.15,954.1904382163252
武山,Wushan,34.69,104.88,998.0448099819052
秦安,Qinan,34.89,105.69,941.8302296060045
清水,Qingshui,34.73,106.12,898.8005998008492
两当,Liangdang,33.9,106.28,844.375078918024
西和,Xihe,34.02,105.28,934.6193277075635
甘谷,Gangu,34.7,105.35,959.7144950146073
漳县,Zhangxian,34.87,104.48,1039.6634972776576
张家川,Zhangjiachuan,35.0,106.23,905.0803263838449
武都,Wudu,33.43,104.94,942.1384565555941
宕昌,Dangchang,34.06,104.38,1013.7779347418943
康县,Kangxian,33.33,105.58,882.0605228103012
成县,Chengxian,33.75,105.7,887.4309734381224
文县,Wenxian,32.95,104.7,949.2808324495084
临潭,Lintan,34.69,103.35,1127.0647254613782
舟曲,Zhouqu,33.81,104.38,1004.6038076950972
玛曲,Maqu,33.97,102.04,1217.018077799498
下河,Xiahe,35.21,102.46,1223.848477593162
卓尼,Zhuoni,34.61,103.54,1107.6167407889448
迭部,Diebu,34.08,103.23,1114.9549774670022
碌曲,Luqu,34.6,102.5,1196.8551505614703
临夏,Linxia,35.62,103.22,1178.8707027307098
永靖,Yongjing,35.97,103.34,1186.4966989776494
和政,Hezheng,35.43,103.31,1162.515915875799
康乐,Kangle,35.39,103.68,1130.2141461470635
广河,Guanghe,35.46,103.54,1145.0341603178197
东乡,Dongxiang,35.68,103.39,1167.925122540961
岷县,Minxian,34.41,104.04,1056.7853614502899
积石山,Jishishan,35.74,102.85,1214.8403018910806
武威,Wuwei,37.94,102.61,1354.375165683852
民勤,Minqin,38.62,103.08,1365.2643146100654
古浪,Gulang,37.43,102.86,1304.8803677405322
景泰,Jingtai,37.14,104.05,1199.2084103819413
天祝,Tianzhu,37.24,102.84,1295.1482040743037
张掖,Zhangye,38.93,100.46,1571.6404053193971
民乐,Minle,38.43,100.85,1513.5498935993703
临泽,Linze,39.14,100.17,1605.3139005713529
山丹,Shandan,38.79,101.19,1509.9691528928042
高台,Gaotai,39.14,99.84,1629.540199681851
肃南,Sunan,38.86,99.57,1633.7359745423666
玉门,Yumen,39.81,97.58,1834.9933152282854
酒泉,Jiuquan,39.71,98.5,1761.0323829138927
敦煌,Dunhuang,40.13,94.71,2069.7047189066298
金塔,Jinta,39.97,98.92,1745.3264860434208
安西,Anxi,40.51,95.77,2007.6051118999935
阿克塞,Akesai,38.46,94.25,2036.2606675214024
肃北,Subei,39.49,94.89,2026.5555098201337
南宁,Nanning,22.84,108.33,1037.9705324287695
柳州,Liuzhou,24.33,109.4,840.0872460164306
桂林,Guilin,25.29,110.28,702.2139681472665
梧州,Wuzhou,23.51,111.34,830.6651567301714
凭祥,Pingxiang,22.11,106.75,1198.3683292140765
邕宁,Yongning,22.74,108.49,1038.255305698898
武鸣,Wuming,23.17,108.27,1011.2762410851652
马山,Mashan,23.73,108.2,965.5004401803931
上林,Shanglin,23.44,108.59,968.0312704869151
宾阳,Binyang,23.22,108.8,976.3530379991602
横县,Hengxian,22.69,109.2,1005.4535783187972
扶绥,Fusui,22.65,107.92,1079.0490347548268
崇左,Chongzuo,22.42,107.37,1132.613571785637
宁明,Ningming,22.12,107.08,1177.0732935346646
龙州,Longzhou,22.36,106.84,1170.780623983752
大新,Daxin,22.85,107.21,1104.602867997409
天等,Tiandeng,23.08,107.12,1090.52774972347
隆安,Longan,23.18,107.68,1046.1722366621948
河池,Hechi,24.7,108.06,892.135581600024
环江,Huanjiang,24.83,108.26,867.8811464057727
罗城,Luocheng,24.79,108.9,829.2591830625408
宜山,Yishan,24.47,108.64,873.3809637637953
东兰,Donglan,24.53,107.36,954.5090646754497
凤山,Fengshan,24.55,107.05,975.1720126008576
天峨,Tiane,25.01,107.16,932.0625159799836
南丹,Nandan,24.98,107.54,906.4363216374045
都安,Duan,23.94,108.09,954.1318525050028
巴马,Bama,24.15,107.25,992.6279353653291
合山,Heshan,23.82,108.89,916.0044610414437
柳城,Liucheng,24.67,109.24,818.7524718164859
融安,Rongan,24.24,109.37,850.05063226118
鹿寨,Luzhai,24.49,109.74,806.2389684680415
象州,Xiangzhou,23.98,109.7,856.2568728686266
武宜,Wuyi,23.6,109.66,894.5630533963914
柳江,Liujiang,24.27,109.34,849.0078315429834
来宾,Laibin,23.76,109.24,901.734236657662
忻城,Xincheng,24.07,108.66,907.1995717747926
融水,Rongshui,25.07,109.24,783.5886502372314
三江,Sanjiang,25.8,109.58,699.4130233591302
金秀,Jinxiu,24.14,110.18,816.4088521028144
临桂,Lingui,25.22,110.22,712.0162068406992
灵川,Lingchuan,25.42,110.33,687.4360346733856
兴安,Xingan,25.6,110.66,652.5961473855399
资源,Ziyuan,26.03,110.66,612.9547618974873
全州,Quanzhou,25.96,111.06,597.5089683456437
灌阳,Guanyang,25.49,111.14,638.6044532331325
恭城,Gongcheng,24.85,110.81,716.8034868948683
平乐,Pingle,24.64,110.66,744.4682031764358
荔浦,Lipu,24.51,110.38,770.7326925010751
永福,Yongfu,24.99,109.98,746.6432951849619
龙胜,Longsheng,25.78,110.02,673.2735738349805
苍悟,Cangwu,23.51,111.22,834.9551745488757
钟山,Zhongshan,24.53,111.3,727.2253544271651
富川,Fuchuan,24.83,110.26,746.3011865154696
贺县,Hexian,24.44,111.54,727.1401171971814
岑溪,Cenxi,22.95,111.0,900.9276578968052
藤县,Tengxian,23.36,110.9,862.4457437234739
蒙山,Mengshan,24.22,110.54,791.3169905029114
昭平,Zhaoping,24.18,110.8,783.5436328917206
玉林,Yulin,22.64,110.14,966.6255110652224
桂平,Guiping,23.38,110.07,895.95662874499
平南,Pingnan,23.55,110.4,864.082170245834
容县,Rongxian,22.87,110.53,927.143630247622
北流,Beiliu,22.71,110.33,951.566045266741
陆川,Luchuan,22.33,110.25,993.4453273728276
博白,Bobai,22.27,109.98,1010.740104386664
贵县,Guixian,23.11,109.6,944.881825820262
北海,Beihai,21.49,109.12,1126.8706925930517
钦州,Qinzhou,21.96,108.61,1105.7490762223335
灵山,Lingshan,22.44,109.29,1025.29118148643
浦北,Pubei,22.27,109.56,1029.292161017634
合浦,Hepu,21.33,109.2,1139.16337213467
上思,Shangsi,22.16,107.98,1120.6798204371912
防城,Fangcheng,21.78,108.35,1136.4587583571338
百色,Baise,23.91,106.62,1056.1667478658567
凌云,Lingyun,24.35,106.55,1027.0715808935709
乐业,Leye,24.78,106.56,994.1598778821736
田阳,Tianyang,23.75,106.9,1049.330459668924
田东,Tiandong,23.62,107.12,1044.9724495423409
平果,Pingguo,23.33,107.59,1038.75806772931
德保,Debao,23.34,106.6,1103.505476363737
靖西,Jingxi,23.15,106.41,1132.1543165739292
那坡,Napo,23.42,105.85,1150.001834239156
西林,Xilin,24.51,105.08,1128.4270028745957
田林,Tianlin,24.31,106.24,1053.1018960378917
隆林,Longlin,24.8,105.34,1087.9225300584524
乌鲁木齐,Wulumuqi,43.77,87.68,2766.643857707664
克拉玛依,Kelamayi,45.59,84.77,3058.072502131101
石河子,Shihezi,44.27,85.94,2916.7914741714712
吐鲁番,Tulufan,42.91,89.19,2616.4064036525647
托克逊,Tuokexun,42.77,88.63,2652.538537244086
鄯善,Shanshan,42.82,90.25,2533.2226492645777
哈密,Hami,42.78,93.44,2298.7405198296087
伊吾,Yiwu,43.28,94.65,2242.858225359579
巴里坤,Balikun,43.6,93.0,2375.26470781236
库尔勒,Kuerle,41.68,86.06,2811.660649767144
和静,Hejing,42.31,86.35,2810.1573924490035
和硕,Heshuo,42.23,86.84,2769.0254442953674
博湖,Bohu,41.95,86.53,2783.4533165718854
尉梨,Weili,41.36,86.24,2787.0243785124135
轮台,Luntai,41.77,84.25,2959.1364072877323
焉耆,Yanqi,42.05,86.55,2785.345627428002
和田,Hetian,37.12,79.94,3246.2607545420838
民丰,Minfeng,37.07,82.63,3007.262401140153
策勒,Cele,37.04,80.78,3171.207315263599
于田,Yutian,36.86,81.63,3094.463355439843
洛浦,Luopu,37.12,80.17,3225.8458331961756
皮山,Pishan,37.06,78.29,3392.5928760550946
墨玉,Moyu,37.31,79.74,3265.052852828458
阿克苏,Akesu,41.15,80.29,3266.827186165191
温宿,Wensu,41.29,80.24,3273.731977629046
拜城,Baicheng,41.82,81.84,3154.8290713253896
库车,Kuche,41.68,82.97,3059.7828166382537
新和,Xinhe,41.55,82.63,3084.0009997381003
沙雅,Shaya,41.25,82.9,3054.5194803841346
阿瓦提,Awati,40.64,80.34,3253.0598618524405
柯平,Keping,40.55,79.06,3358.6393802129737
乌什,Wushen,41.22,79.25,3354.1321710578854
咯什,Geshen,39.52,75.94,3611.4391534015867
巴楚,Bachu,39.78,78.59,3387.5559899462705
枷师,Jiashi,39.46,76.78,3538.8826474201032
乐普湖,Lepuhu,39.23,76.67,3546.4276157128675
麦盖提,Maigaiti,38.95,77.62,3462.1879485073237
莎车,Shache,38.45,77.25,3490.6682582391995
泽普,Zepu,38.2,77.26,3488.3349541581083
叶城,Yecheng,37.89,77.42,3472.734938922603
疏勒,Shule,39.41,76.05,3601.153417087815
英吉沙,Yingjisha,38.91,76.17,3587.3587238296473
疏附,Shufu,39.42,75.83,3620.1312223764353
阿图什,Atushen,39.73,76.12,3597.746426540449
阿合奇,Aheqi,41.91,78.42,3435.1939050846804
阿克陶,Aketao,39.14,75.94,3608.714689749096
乌恰,Wuqia,39.7,75.18,3677.9051890460087
昌吉,Changji,44.05,87.31,2806.213746282843
阜康,Fukang,44.14,87.94,2764.050519894207
奇台,Qitai,44.02,89.52,2643.8552849755088
吉木萨尔,Jimusaer,44.0,89.14,2670.305063189843
米泉,Miquan,43.97,87.68,2775.4515609760183
玛纳斯,Manasi,44.28,86.22,2896.496051590875
呼图壁,Hutubi,44.18,86.92,2840.5976408883876
木垒,Mulei,43.8,90.34,2574.003375096773
博乐,Bole,44.93,82.1,3228.179171957373
精河,Jinghe,44.67,82.92,3157.4492745638677
温泉,Wenquan,44.95,81.08,3305.41991609784
伊宁,Yining,43.91,81.33,3253.0564988189335
尼勒克,Nileke,43.82,82.53,3157.7425300378695
新源,Xinyuan,43.41,83.27,3087.22704756853
巩留,Gongliu,43.35,82.23,3166.0983495756436
奎屯,Kuitun,44.45,84.89,3002.0175637074663
特克斯,Tekesi,43.23,81.81,3195.3268848726716
昭苏,Zhaosu,43.15,81.08,3250.39845703921
霍城,Huocheng,44.07,80.87,3293.415319376364
察布察尔,Chabuchaer,43.82,81.12,3266.5747591598542
塔城,Tacheng,46.74,82.96,3236.4138275916343
额敏,Emin,46.52,83.62,3180.341858186613
乌苏,Wusu,44.45,84.62,3022.109179873564
托里,Tuoli,45.92,83.59,3156.9296231319076
裕民,Yumin,46.21,82.94,3215.6064465885697
沙湾,Shawan,44.29,85.56,2945.800084021416
和布克赛尔,Hebukesaier,46.78,85.13,3086.777833438618
阿勒泰,Aletai,47.86,88.14,2943.5233985511004
青河,Qinghe,46.71,90.37,2732.717707664625
富蕴,Fuyun,47.05,89.44,2812.840659755536
福海,Fuhai,47.15,87.51,2944.6837848461173
吉木乃,Jimunai,47.42,85.84,3070.136731359361
布尔津,Buerjin,47.7,86.92,3013.42775335491
哈巴河,Habahe,48.05,86.41,3065.743206878063
呼和浩特,Huhehaote,40.82,111.65,1167.752530838233
上默特左旗,Shangmotezuoqi,40.72,111.13,1167.570272535368
托克托,Tuoketuo,40.28,111.15,1120.0360602422534
包头,Baotou,40.58,110.0,1182.1793956844467
上默特右旗,Shangmoteyouqi,40.55,110.52,1164.3785896193071
固阳,Guyang,41.03,110.03,1228.2343436534456
乌海,Wuhai,39.67,106.82,1222.388360670944
集宁,Jining,41.03,113.08,1171.3992369866019
兴和,Xinghe,40.88,113.97,1149.8969335467054
清水河,Qingshuihe,39.92,111.65,1070.4812837834697
武川,Wuchuan,41.12,111.42,1204.578402337258
卓资,Zhuozi,40.93,112.52,1166.259712415864
商都,Shangdu,41.58,113.53,1229.2235500782863
丰镇,Fengzhen,40.45,113.15,1106.7232173748976
凉城,Liangcheng,40.52,112.48,1121.7797106268938
和林格尔,Helingeer,40.4,111.8,1119.4673955971882
化德,Huade,41.9,114.0,1263.0757047480913
察哈尔右翼后旗,Chahaeryouyihouqi,41.85,113.15,1261.5030682907584
察哈尔右翼中旗,Chahaeryouyizhongqi,41.28,112.62,1203.5454739639495
察哈尔右翼前旗,Chahaeryouyiqianqi,40.78,113.18,1142.9419672337947
四子王旗,Siziwangqi,41.37,111.68,1226.8900718886737
达尔罕茂明安联合旗,Daerhanmaominganlianheqi,41.72,110.42,1290.7775766746959
二连浩特,Erlianhaote,43.65,111.96,1471.9017362376578
阿巴哈纳尔旗,Abahanaerqi,43.95,116.08,1498.6567632895399
多伦,Duolun,42.18,116.48,1308.3190696882489
阿巴嘎旗,Abagaqi,44.03,114.97,1500.5243973407037
西乌珠穆沁旗,Xiwuzhumuqinqi,44.6,117.58,1588.8466553230928
东乌珠穆沁旗,Dongwuzhumuqinqi,45.53,116.97,1682.1130984723259
苏尼特左旗,Sunitezuoqi,43.85,113.7,1480.3758030617166
苏尼特右旗,Suniteyouqi,42.47,112.95,1331.6174470715202
太仆寺旗,Taipusiqi,41.9,115.3,1265.8779535906174
正镶白旗,Zhengxiangbaiqi,42.32,115.0,1310.870119959744
正蓝旗,Zhenglanqi,42.25,116.02,1310.5750156918084
镶黄旗,Xianghuangqi,42.25,113.83,1302.3525723740654
海拉尔,Hailaer,29.22,119.73,543.0347681750982
满洲里,Manzhouli,49.58,117.47,2132.986202459284
陈巴尔虎旗,Chenbaerhuqi,49.33,119.45,2133.0076878644136
额尔古纳右旗,Eergunayouqi,50.45,120.08,2264.838678951216
额尔古纳左旗,Eergunazuoqi,50.8,121.52,2330.4112641417883
喜桂图旗,Xiguituqi,49.3,120.73,2154.2934285426145
阿荣旗,Arongqi,48.13,123.5,2105.9266734392736
布特哈旗,Butehaqi,47.98,122.78,2068.629935901629
新巴尔虎左旗,Xinbaerhuzuoqi,48.67,116.82,2026.3753031370898
新巴尔虎右旗,Xinbaerhuyouqi,48.22,118.23,1993.256219325318
鄂伦春自治旗,Elunchunzizhiqi,50.58,123.7,2360.805903364528
莫力达瓦达斡尔族自治旗,Molidawadawoerzuzizhiqi,48.47,124.5,2172.5650656052635
鄂温克族自治旗,Ewenkezuzizhiqi,49.13,119.75,2116.744164252312
通辽,Tongliao,43.63,122.28,1616.4515056827984
开鲁,Kailu,43.62,121.32,1580.3468520824438
科尔沁左翼后旗,Keerqinzuoyihouqi,42.97,122.35,1555.2257820626373
科尔沁左翼中旗,Keerqinzuoyizhongqi,44.13,123.28,1704.4145177795826
库伦旗,Kulunqi,42.72,121.75,1507.039249386604
奈曼旗,Naimanqi,42.85,120.65,1479.831514823121
扎鲁特旗,Zhaluteqi,44.55,120.87,1660.168265717682
赤峰,Chifeng,42.28,118.87,1367.0109713597287
宁城,Ningcheng,41.62,119.32,1311.1077029875244
林西,Linxi,43.62,118.02,1490.371000757482
喀喇沁旗,Kalaqinqi,41.95,118.67,1326.9913331650666
敖汉旗,Aohanqi,42.3,119.87,1398.247194531965
翁牛特旗,Wengniuteqi,42.97,119.0,1443.0692037669594
巴林右旗,Balinyouqi,43.52,118.65,1492.9394247271723
巴林左旗,Balinzuoqi,43.98,119.35,1558.5017774067
阿鲁科尔沁旗,Alukeerqinqi,43.97,120.05,1576.1541097771246
克什克腾旗,Keshenketengqi,43.28,117.48,1443.6673576142675
伊克昭盟,Yikezhaomeng,39.83,110.0,1104.6016703967339
东胜县,Dongshengxian,39.83,110.0,1104.6016703967339
准格尔旗,Zhungeerqi,39.68,111.13,1056.5784113006298
乌审旗,Wushenqi,38.38,109.03,997.3568909593363
伊金霍洛旗,Yijinhuoluoqi,39.25,109.77,1053.2750977500061
鄂托克旗,Etuokeqi,39.12,107.97,1115.80316776788
鄂托克前旗,Etuokeqianqi,38.18,107.43,1058.823572709199
杭锦旗,Hangjinqi,39.83,108.7,1151.7478061482939
达拉特旗,Dalateqi,40.42,110.02,1164.9593535212273
临河,Linhe,40.78,107.37,1299.2528337358215
五原,Wuyuan,41.12,108.28,1295.3664316795423
磴口,Dengkou,40.33,106.98,1274.6820174168429
杭锦后旗,Hangjinhouqi,40.88,107.12,1319.7062833775149
乌拉特中旗,Wulatezhongqi,41.55,108.52,1329.6440701861447
乌拉特前旗,Wulateqianqi,40.75,108.65,1244.7159220023466
乌拉特后旗,Wulatehouqi,40.88,108.52,1262.5074818439741
阿拉善左旗,Alashanzuoqi,38.85,105.68,1215.0212932285638
阿拉善右旗,Alashanyouqi,39.2,101.68,1501.0271537894405
额济纳旗,Ejinaqi,41.9,100.88,1743.0407038856886
乌兰浩特,Wulanhaote,46.07,122.08,1852.835942696732
突泉,Tuquan,45.4,121.5,1766.5177567344938
科尔沁右翼前旗,Keerqinyouyiqianqi,46.12,122.03,1856.349585615877
科尔沁右翼中旗,Keerqinyouyizhongqi,45.05,121.47,1729.8940914460013
拉萨,Lasa,29.97,91.11,2229.8627215502765
林周,Linzhou,30.2,91.24,2214.2664698142494
当雄,Dangxiong,30.51,91.05,2228.592930541261
墨竹工卡,Mozhugongqia,29.77,91.77,2169.6230565942788
尼木,Nimu,29.44,90.14,2331.173001696298
米林,Milin,29.18,94.13,1953.0631423349794
墨脱,Motuo,29.22,95.26,1843.8958910558497
达孜,Dazi,29.63,91.39,2208.2176678506935
曲水,Qushui,29.39,90.7,2278.3699513173683
堆龙德庆,Duilongdeqing,29.67,90.96,2248.7752389830266
林芝,Linzhi,29.59,94.25,1934.6523228116569
工布江达,Gongbujiangda,29.92,93.25,2025.6578677723953
那曲,Naqu,31.47,92.1,2120.2675551993884
巴青,Baqing,31.96,94.1,1929.0933180525747
比如,Biru,31.53,93.68,1970.0178512196385
班戈,Bange,31.35,90.05,2315.6547907054105
嘉黎,Jiali,30.63,93.46,1997.1943557022444
聂荣,Nierong,31.08,92.3,2103.890332977764
索县,Suoxian,31.92,93.71,1966.0244942991385
安多,Anduo,32.29,91.68,2156.9976497819466
申扎,Shenzha,30.94,88.7,2447.751874883069
吕都,Lvdu,31.18,97.14,1642.3550230970627
贡觉,Gongjue,30.86,98.29,1534.054068084927
左贡,Zuogong,29.68,97.9,1583.0946064017035
察隅,Chayu,28.62,97.49,1641.8324182783967
洛隆,Luolong,30.81,95.76,1776.0192875382377
丁青,Dingqing,31.42,95.63,1785.2216249734956
波密,Bomi,29.92,95.75,1786.050475813373
江达,Jiangda,31.53,89.19,2395.8213077745613
察雅,Chaya,30.69,97.56,1604.8699824407443
芒康,Mangkang,29.64,98.68,1508.8164931858853
八宿,Basu,30.04,96.95,1669.4828388382125
边坝,Bianba,30.94,94.69,1877.2038301186594
类乌齐,Leiwuqi,31.2,96.57,1696.575565393451
乃东,Naidong,29.18,91.76,2180.472834119286
加查,Jiacha,29.09,92.6,2101.543935424374
曲松,Qusong,29.08,92.11,2148.749659111614
错那,Cuona,27.98,91.91,2191.8194799945986
穷结,Qiongjie,29.04,91.65,2193.6443236706737
贡嘎,Gongga,29.25,90.96,2255.930120494492
浪卡子,Langqiazi,29.96,90.33,2304.6437207500094
桑日,Sangri,29.26,92.0,2156.0026822575583
朗县,Langxian,29.06,93.11,2053.164953213413
隆子,Longzi,28.46,92.42,2131.677947248655
措美,Cuomei,28.49,91.4,2228.9147108850084
洛扎,Luozha,28.42,90.83,2285.1695655574076
扎囊,Zhanang,29.22,91.26,2227.7031729409105
日喀则,Rikaze,29.28,88.82,2460.525301859609
定结,Dingjie,28.38,87.77,2579.729461393707
拉孜,Lazi,29.1,87.62,2578.929390688887
聂拉木,Nielamu,28.19,85.94,2759.6955296946253
谢通门,Xietongmen,29.43,88.25,2512.3998695774576
仲巴,Zhongba,29.66,84.15,2900.299946281241
康马,Kangma,28.57,89.67,2393.2096486021933
亚东,Yadong,27.55,88.93,2488.666656713414
岗巴,Gangba,28.29,88.5,2511.7310514631995
南木林,Nanmulin,29.71,89.02,2433.8838931757646
萨迦,Sajia,28.87,88.0,2547.1056135310287
定日,Dingri,28.57,87.11,2638.8120061659906
吉隆,Jilong,28.94,85.29,2805.3552284820425
昂仁,Angren,29.3,87.22,2613.4125919357402
江孜,Jiangzi,28.94,89.63,2389.376468749238
仁布,Renbu,29.21,89.77,2370.765632548075
白朗,Bailang,29.11,89.16,2431.1319833342877
萨嘎,Saga,29.38,85.3,2795.63753371464
噶尔,Geer,32.08,80.0,3257.318626294723
革吉,Geji,32.45,81.13,3147.3410404199244
扎达,Zhada,31.47,79.76,3287.8466060284936
措勤,Cuoqin,31.06,85.16,2782.6222246102966
日上,Rishang,33.44,79.61,3280.4426138983144
改则,Gaize,32.33,84.1,2869.8561092142068
普兰,Pulan,30.37,81.18,3170.6138847034335
银川,Yinchuan,38.47,106.27,1149.1947541388265
永宁,Yongning,38.28,106.24,1135.4738517080007
贺兰,Helan,38.55,106.35,1151.1264202398395
石嘴山,Shizuishan,39.04,106.39,1190.0650868729927
平罗,Pingluo,38.91,106.54,1170.657323431411
陶乐,Taole,38.82,106.69,1154.6633960509114
吴忠,Wuzhong,37.99,106.21,1114.0325230161052
同心,Tongxin,36.97,105.94,1054.2816966309542
灵武,Lingwu,38.1,106.34,1114.9209542315348
中宁,Zhongning,37.48,105.66,1110.1289223346278
盐池,Yanchi,37.78,107.41,1025.6770578819119
中卫,Zhongwei,37.51,105.18,1144.467669999748
青铜峡,Qingtongxia,38.02,106.07,1125.0324425847625
固原,Guyuan,36.01,106.28,963.982776372569
西吉,Xiji,35.97,105.7,1003.8604185767514
泾源,Jingyuan,35.5,106.33,927.3665445525861
海原,Haiyuan,36.56,105.64,1046.6524269322028
隆德,Longde,35.63,106.11,951.9700679246655
台湾,Taiwan,25.14,121.5,925.3966404565247
香港,Xianggang,22.2,114.1,922.049691200692
澳门,Aomen,22.13,113.33,934.6827574417473
合肥,Hefei,31.86,117.27,318.83880435658267
长丰,Changfeng,32.47,117.16,346.475817811
淮南,Huainan,32.62,116.98,344.1577799979574
凤台,Fengtai,32.68,116.71,330.4861517556725
淮北,Huaibei,33.97,116.77,447.29407162849026
濉溪,Suixi,33.92,116.76,442.10141584210857
芜湖,Wuhu,31.33,118.38,399.2097471850715
铜陵,Tongling,30.93,117.82,339.22204438928617
蚌埠,Bangbu,32.93,117.34,392.22726075728144
马鞍山,Maanshan,31.56,118.48,414.4156910922436
安庆,Anqing,30.52,117.03,261.0573205533629
宿州,Suzhou,33.63,116.97,426.57700412251216
宿县,Suxian,33.63,116.97,426.57700412251216
砀山,Dangshan,34.42,116.34,472.6891699702333
萧县,Xiaoxian,34.19,116.93,475.81552838791174
吴壁,Wubi,33.55,117.55,454.4178729018403
泗县,Sixian,33.49,117.89,472.03775612597383
五河,Wuhe,33.14,117.87,444.8882837790948
固镇,Guzhen,33.33,117.32,421.99035199598114
怀远,Huaiyuan,32.95,117.19,383.4801640839828
滁州,Chuzhou,32.33,118.31,429.9665878015955
嘉山,Jiashan,32.78,117.98,428.86439419035213
天长,Tianchang,32.68,119.0,505.35289940522114
来安,Laian,32.44,118.44,446.4111678073344
全椒,Quanjiao,32.1,118.27,415.64327128555084
定远,Dingyuan,32.52,117.68,389.3627169283331
凤阳,Fengyang,32.86,117.4,391.3006854115377
巢湖,Chaohu,31.62,117.87,360.94891426572167
巢县,Chaoxian,31.62,117.87,360.94891426572167
肥东,Feidong,31.89,117.47,337.2625458654679
含山,Hanshan,31.7,118.11,385.3555792080063
和县,Hexian,31.7,118.37,408.76719207009967
无为,Wuwei,31.3,117.75,340.0056198124293
卢江,Lujiang,31.23,117.29,295.63315565150225
宣城,Xuancheng,31.95,118.73,449.90186747226653
当涂,Dangtu,31.55,118.49,415.04634384817774
郎溪,Langxi,31.14,119.17,469.9844833730209
广德,Guangde,30.89,119.41,490.2399999649584
泾县,Jingxian,30.68,118.41,393.5702874433564
南陵,Nanling,30.91,118.32,386.5103357419202
繁昌,Fanchang,31.07,118.21,378.18724182595366
宁国,Ningguo,30.62,118.95,445.22218135095693
青阳,Qingyang,30.64,117.84,338.8458225809464
屯溪,Tunxi,29.72,118.31,395.5243415537561
休宁,Xiuning,29.81,118.19,381.921125240371
旌得,Jingde,30.28,118.53,406.3771013261323
绩溪,Jixi,30.07,118.57,412.80955997522517
歙县,Xixian,29.88,118.44,403.9403083252377
祁门,Qimen,29.86,117.7,334.5464499392304
黟县,Yixian,29.93,117.92,353.61080509620797
太平,Taiping,30.28,118.13,368.0354923619347
石台,Shitai,30.19,117.48,306.94412661809787
桐城,Tongcheng,31.04,116.94,258.26012836371996
纵阳,Zongyang,30.69,117.21,278.7273943609744
怀宁,Huaining,30.41,116.63,223.1267161827706
望江,Wangjiang,30.12,116.69,233.14761149385578
宿松,Susong,30.15,116.13,179.75216797689987
太湖,Taihu,30.42,116.27,188.5394158747758
岳西,Yuexi,30.84,116.36,199.60911742683936
潜山,Qianshan,30.62,116.53,213.2497149200744
东至,Dongzhi,30.08,116.99,262.36865615811325
贵池,Guichi,30.66,117.48,304.4217663610964
六安,Liuan,31.73,116.49,247.43978402931103
霍丘,Huoqiu,32.32,116.27,273.0487125266281
寿县,Shouxian,32.57,116.78,326.5912155384481
肥西,Feixi,31.7,117.15,300.83944168252947
舒城,Shucheng,31.45,116.94,271.5414345308567
霍山,Huoshan,31.38,116.32,214.42261719371004
金寨,Jinzhai,31.67,115.87,195.9789692342359
阜阳,Fuyang,32.89,115.81,298.78150800035183
毫县,Haoxian,33.86,116.76,436.48113383147677
涡阳,Woyang,33.49,116.21,375.0662200856913
蒙城,Mengcheng,33.25,116.55,369.50035190506776
利辛,Lixin,33.12,116.19,338.79889384384194
颖上,Yingshang,32.62,116.26,297.450086018378
阜南,Funan,32.63,115.6,264.0581389747122
临泉,Linquan,33.06,115.24,295.0898275756981
界首,Jieshou,33.24,115.34,316.95430864316046
太和,Taihe,33.16,115.61,317.5366414427772
南京,Nanjing,32.04,118.78,457.74895464522103
江宁,Jiangning,31.95,118.83,458.8275705199975
六合,Liuhe,32.36,118.83,475.59507265803586
江浦,Jiangpu,32.07,118.62,444.835931362558
徐州,Xuzhou,34.26,117.2,495.8742575758563
连云港,Lianyungang,34.59,119.16,641.0739163937761
南通,Nantong,32.01,120.86,645.1962466785778
苏州,Suzhou,31.32,120.62,609.5312843811396
无锡,Wuxi,31.59,120.29,582.9006463063648
常州,Changzhou,31.79,119.95,555.8209027988707
丰县,Fengxian,34.79,116.57,518.7894124742777
沛县,Peixian,34.73,116.93,527.6075854188792
赣榆,Ganyu,34.83,119.11,656.4318094480026
东海,Donghai,34.54,118.75,610.3641046440919
新沂,Xinyi,34.38,118.33,570.9417628618982
邳县,Peixian,34.3,117.97,542.3520327166518
睢宁,Suining,33.89,117.94,506.6545731076415
铜山,Tongshan,34.26,117.2,495.8742575758563
清江,Qingjiang,33.59,119.02,559.9995303487298
灌云,Guanyun,34.3,119.23,624.267410147964
灌南,Guannan,34.09,119.36,618.6449760299644
沭阳,Shuyang,34.12,118.79,580.6684542397002
宿迁,Suqian,33.96,118.3,535.550440588024
泗阳,Siyang,33.73,118.68,544.6421056552354
盱眙,Xuyi,33.0,118.05,448.45114255124025
涟水,Lianshui,33.77,119.26,589.7520726572827
淮阴,Huaiyin,33.62,119.02,561.9692282559216
淮安,Huaian,33.5,119.15,564.0711027890596
洪泽,Hongze,33.28,118.85,527.2545794199582
泗洪,Sihong,33.46,118.23,493.39215222539525
金湖,Jinhu,33.01,119.02,524.61496967749
盐城,Yancheng,33.38,120.13,634.9314692400071
滨海,Binhai,34.01,119.84,648.8564646639163
阜宁,Funing,33.78,119.79,630.6605453954185
射阳,Sheyang,33.77,120.26,666.8790843470778
建湖,Jianhu,33.46,119.77,610.1977568129747
响水,Xiangshui,34.2,119.56,640.6842533860735
大丰,Dafeng,33.19,120.45,652.0018297703275
东台,Dongtai,32.84,120.31,624.2333547137027
海安,Haian,32.57,120.45,625.6430041426204
如皋,Rugao,32.39,120.56,629.0644926888775
如东,Rudong,32.33,121.18,683.1642586365923
启东,Qidong,31.8,121.66,714.8508530001657
海门,Haimen,31.89,121.15,669.1781968768918
南通,Nantong,32.08,121.05,664.440559424218
扬州,Yangzhou,32.39,119.42,528.0170109788912
宝应,Baoying,33.23,119.32,561.1536265309605
兴化,Xinghua,32.93,119.82,586.4839441157773
高邮,Gaoyou,32.78,119.45,548.0619371120043
泰兴,Taixing,32.16,120.02,572.9071363422437
泰县,Taixian,32.51,120.15,596.8807604943008
泰州,Taizhou,32.49,119.9,574.0987243608907
靖江,Jingjiang,32.03,120.26,590.7308308256569
江都,Jiangdu,32.43,119.55,541.019516617316
邗江,Hanjiang,32.39,119.42,528.0170109788912
仪征,Yizheng,32.27,119.16,500.35436309283
镇江,Zhenjiang,32.2,119.44,522.3469233496182
丹徒,Dantu,32.2,119.44,522.3469233496182
扬中,Yangzhong,32.24,119.81,556.7627742632216
丹阳,Danyang,32.0,119.55,525.2913125773999
武进,Wujin,31.78,119.95,555.5687251766377
宜兴,Yixing,31.36,119.82,534.6674197270198
金坛,Jintan,31.74,119.56,518.5999104238297
溧阳,Liyang,31.43,119.48,504.0313585898961
句容,Jurong,31.95,119.16,488.44228098477333
溧水,Lishui,31.65,119.02,466.51415144399317
高淳,Gaochun,31.32,118.87,444.7583614899486
江阴,Jiangyin,31.91,120.26,587.4494557090278
沙洲,Shazhou,31.86,120.55,612.9328680915811
常熟,Changshu,31.64,120.74,625.914083270603
太仓,Taicang,31.45,121.1,656.6061129322176
昆山,Kunshan,31.39,120.95,641.6306793710671
吴县,Wuxian,31.32,120.62,609.5312843811396
吴江,Wujiang,31.16,120.63,608.6551968134526