2020-01-23,2020-01-24,2020-01-25,2020-01-26,2020-01-27,2020-01-28,2020-01-29,2020-01-30,2020-01-31,2020-02-01,2020-02-02,2020-02-03,2020-02-04,2020-02-05,2020-02-06,2020-02-07,2020-02-08,2020-02-09,2020-02-10,2020-02-11,2020-02-12,2020-02-13,2020-02-14,2020-02-15,2020-02-16,2020-02-17,2020-02-18,2020-02-19,2020-02-20,2020-02-21,2020-02-22,2020-02-23,2020-02-24,2020-02-25,2020-02-26,2020-02-27,2020-02-28,2020-02-29,cityName,cityName-en,distance-Wuhan,distance-Xiaogan,distance-Huanggang,distance-Suizhou,distance-Jingzhou,provinceName
,,,1.0,2.0,2.0,2.0,3.0,5.0,6.0,7.0,8.0,9.0,9.0,10.0,11.0,13.0,14.0,15.0,15.0,16.0,16.0,16.0,16.0,16.0,17.0,17.0,17.0,17.0,17.0,17.0,17.0,17.0,17.0,17.0,17.0,17.0,17.0,七台河,Qitaihe,2222.302032448614,2121.2717876192482,2198.653465930539,2170.1639416399016,2357.979149743697,黑龙江省
2.0,5.0,5.0,7.0,7.0,8.0,8.0,8.0,8.0,8.0,9.0,11.0,11.0,11.0,12.0,12.0,12.0,12.0,13.0,13.0,13.0,13.0,13.0,13.0,13.0,13.0,13.0,13.0,13.0,13.0,13.0,13.0,13.0,13.0,13.0,13.0,13.0,13.0,万宁,Wanning,1357.1832724866747,1495.7021032281011,1366.4054909863603,1462.1587473866143,1291.0788083669572,海南省
2.0,6.0,8.0,11.0,14.0,14.0,14.0,14.0,15.0,17.0,18.0,18.0,22.0,30.0,34.0,37.0,41.0,43.0,46.0,54.0,54.0,54.0,54.0,54.0,54.0,54.0,54.0,54.0,54.0,54.0,54.0,54.0,54.0,54.0,54.0,54.0,54.0,54.0,三亚,Sanya,1441.9405479889708,1576.3562319653802,1453.7603151383312,1540.6756667265363,1365.4908219107522,海南省
0.0,1.0,4.0,4.0,8.0,9.0,10.0,10.0,10.0,11.0,11.0,11.0,11.0,11.0,12.0,12.0,13.0,13.0,13.0,13.0,13.0,13.0,13.0,13.0,14.0,14.0,14.0,14.0,14.0,14.0,14.0,14.0,14.0,14.0,14.0,14.0,14.0,14.0,三明,Sanming,574.9576156611971,726.1626182201387,538.3425557998443,734.6561637916934,695.5621608864578,福建省
1.0,1.0,2.0,3.0,3.0,4.0,5.0,6.0,7.0,7.0,7.0,7.0,7.0,7.0,7.0,7.0,7.0,7.0,7.0,7.0,7.0,7.0,7.0,7.0,7.0,7.0,7.0,7.0,7.0,7.0,7.0,7.0,7.0,7.0,7.0,7.0,7.0,7.0,三门峡,Sanmenxia,553.8110916444379,404.1032329452993,590.5200935485453,394.2730731514627,500.8161055446079,河南省
20.0,33.0,40.0,53.0,66.0,96.0,112.0,135.0,169.0,182.0,203.0,219.0,243.0,257.0,277.0,286.0,293.0,299.0,303.0,311.0,315.0,318.0,326.0,328.0,332.0,333.0,333.0,334.0,334.0,335.0,335.0,335.0,336.0,336.0,337.0,337.0,337.0,337.0,上海,Shanghai,689.9446181928546,722.6584113096238,638.1840077916015,771.6310572025357,889.5220036056145,上海市
,2.0,6.0,6.0,7.0,9.0,11.0,12.0,16.0,19.0,32.0,50.0,69.0,78.0,86.0,92.0,98.0,103.0,111.0,116.0,119.0,122.0,123.0,123.0,123.0,123.0,123.0,123.0,123.0,123.0,123.0,123.0,123.0,123.0,123.0,123.0,123.0,123.0,上饶,Shangrao,421.3796981679112,546.823033187774,371.6133037632992,570.3654419008544,592.9711627578155,江西省
,,,,1.0,1.0,1.0,1.0,1.0,1.0,1.0,2.0,2.0,3.0,3.0,3.0,3.0,3.0,3.0,3.0,3.0,3.0,3.0,3.0,3.0,3.0,3.0,3.0,3.0,3.0,3.0,3.0,3.0,3.0,3.0,3.0,3.0,3.0,东方,Dongfang,1389.209335430093,1516.2210763629203,1405.5400912000453,1477.4481662949322,1297.3141739039017,海南省
,1.0,2.0,2.0,7.0,7.0,11.0,16.0,21.0,27.0,31.0,37.0,44.0,47.0,53.0,56.0,58.0,60.0,62.0,67.0,70.0,73.0,81.0,89.0,89.0,91.0,91.0,92.0,93.0,93.0,94.0,96.0,97.0,97.0,97.0,98.0,99.0,99.0,东莞,Dongguan,830.6558723863212,984.1407795094728,827.4401892784821,962.2962052337776,821.806605875955,广东省
1.0,1.0,1.0,1.0,1.0,1.0,1.0,2.0,2.0,2.0,2.0,3.0,,3.0,3.0,3.0,3.0,3.0,3.0,3.0,3.0,3.0,3.0,,3.0,3.0,3.0,3.0,3.0,,3.0,3.0,3.0,3.0,4.0,,4.0,,中卫,Zhongwei,1144.467669999748,1011.1571934258836,1189.0609468787782,988.3768376195281,1028.9601871185807,宁夏回族自治区
2.0,2.0,2.0,5.0,6.0,13.0,18.0,18.0,18.0,21.0,25.0,31.0,36.0,44.0,46.0,46.0,51.0,56.0,58.0,62.0,64.0,64.0,65.0,65.0,66.0,66.0,66.0,66.0,66.0,66.0,66.0,66.0,66.0,66.0,66.0,66.0,66.0,66.0,中山,Zhongshan,891.1969916200428,1042.9165312641535,889.9607126154524,1019.185206479323,872.9945825560179,广东省
,1.0,1.0,2.0,2.0,2.0,2.0,2.0,2.0,2.0,3.0,3.0,3.0,3.0,3.0,3.0,3.0,3.0,3.0,3.0,3.0,,3.0,3.0,3.0,3.0,3.0,3.0,3.0,,3.0,3.0,,3.0,,3.0,,3.0,临夏,Linxia,1178.8707027307098,1071.137825075041,1229.4390084770084,1036.1187241205337,1026.4097178175443,甘肃省
,,,1.0,1.0,1.0,1.0,1.0,1.0,1.0,1.0,1.0,1.0,1.0,2.0,2.0,2.0,2.0,2.0,2.0,2.0,2.0,2.0,2.0,2.0,2.0,2.0,2.0,2.0,2.0,2.0,2.0,2.0,2.0,2.0,2.0,2.0,2.0,临汾,Linfen,669.8024534057378,512.29184868301,699.7844956650894,514.0956993874037,641.1711823170051,山西省
2.0,3.0,7.0,7.0,8.0,16.0,16.0,23.0,23.0,24.0,25.0,28.0,30.0,32.0,35.0,40.0,40.0,42.0,44.0,45.0,45.0,47.0,47.0,47.0,47.0,48.0,48.0,49.0,49.0,49.0,49.0,49.0,49.0,49.0,49.0,49.0,49.0,49.0,临沂,Linyi,628.8375456610705,539.1407372474619,606.3098366924448,591.8705717592959,775.4306620604978,山东省
,,,,,,,,1.0,1.0,1.0,1.0,1.0,1.0,1.0,1.0,1.0,1.0,1.0,1.0,1.0,1.0,1.0,1.0,1.0,1.0,1.0,1.0,1.0,1.0,1.0,1.0,1.0,1.0,1.0,1.0,1.0,1.0,临沧,Lincang,1586.8485939410539,1623.3263531889975,1632.6286719545858,1568.6135634190564,1399.0674786932454,云南省
1.0,1.0,1.0,1.0,1.0,1.0,1.0,1.5,3.0,4.0,4.0,4.0,5.0,5.0,5.0,5.0,5.0,6.0,6.0,6.0,6.0,6.0,6.0,6.0,6.0,6.0,6.0,6.0,6.0,6.0,6.0,6.0,6.0,6.0,6.0,6.0,6.0,6.0,临高,Lingao,1263.7911880184124,1395.7309107561446,1277.5179706688714,1359.1625282833231,1182.785891400984,海南省
,,1.0,4.0,5.0,5.0,5.0,5.0,6.0,6.0,6.0,6.0,7.0,7.0,7.0,7.0,7.0,7.0,7.0,7.0,7.0,7.0,7.0,7.0,7.0,7.0,7.0,7.0,7.0,7.0,7.0,7.0,7.0,7.0,7.0,,7.0,8.0,丹东,Dandong,1402.797916966952,1309.1938091849124,1377.5414758114669,1359.9657799529243,1546.4335313604113,辽宁省
,,3.0,3.0,5.0,6.0,6.0,7.0,8.0,14.0,16.0,16.0,16.0,16.0,16.0,17.0,17.0,17.0,17.0,17.0,17.0,17.0,17.0,17.0,17.0,17.0,17.0,17.0,17.0,17.0,17.0,17.0,17.0,17.0,17.0,17.0,17.0,17.0,丽水,Lishui,590.362441421838,694.7664681428619,537.2290925757525,726.9784787474132,773.7817954356489,浙江省
1.0,2.0,2.0,5.0,6.0,6.0,6.0,6.0,6.0,7.0,7.0,7.0,7.0,7.0,7.0,7.0,7.0,7.0,7.0,7.0,7.0,7.0,7.0,7.0,7.0,7.0,7.0,7.0,7.0,7.0,7.0,7.0,7.0,7.0,7.0,7.0,7.0,7.0,丽江,Lijiang,1431.4918801057727,1438.2512682078516,1482.0893977537542,1383.4100154883201,1233.7198379192168,云南省
,,,,,,,2.0,2.0,2.0,3.0,3.0,3.0,3.0,3.0,3.0,3.0,3.0,,3.0,3.0,3.0,3.0,3.0,3.0,3.0,3.0,3.0,3.0,3.0,3.0,3.0,,3.0,3.0,3.0,3.0,3.0,乌兰察布,Wulanchabu,1170.2790162861277,1012.5847402651117,1184.8010127231976,1032.7648979903547,1188.6726274547684,内蒙古自治区
,,,,,,,,,1.0,1.0,1.0,2.0,2.0,2.0,2.0,2.0,2.0,,2.0,2.0,2.0,2.0,2.0,2.0,2.0,2.0,2.0,2.0,2.0,2.0,2.0,,2.0,2.0,2.0,2.0,2.0,乌海,Wuhai,1222.388360670944,1071.6440187135483,1258.846507648183,1062.7257482976775,1147.4614295835127,内蒙古自治区
,3.0,3.0,4.0,5.0,6.0,7.0,8.0,8.0,8.0,10.0,12.0,12.0,15.0,18.0,19.0,20.0,20.0,20.0,20.0,21.0,23.0,23.0,23.0,23.0,23.0,23.0,23.0,23.0,23.0,23.0,23.0,,23.0,23.0,23.0,23.0,23.0,乌鲁木齐,Wulumuqi,2766.643857707664,2640.25231831751,2813.8202748960807,2614.2323394699642,2628.8717104057346,新疆维吾尔自治区
,,,,,,,1.0,1.0,1.0,1.0,1.0,1.0,1.0,1.0,1.0,2.0,2.0,2.0,2.0,2.0,2.0,2.0,2.0,2.0,2.0,2.0,2.0,2.0,2.0,2.0,2.0,2.0,2.0,2.0,2.0,2.0,2.0,乐东,Ledong,1405.2939560589791,1536.6042096631895,1419.1075039033174,1499.5724352680818,1322.1533058594437,海南省
,,1.0,1.0,2.0,2.0,2.0,2.0,2.0,2.0,2.0,2.0,2.0,2.0,3.0,3.0,3.0,3.0,3.0,3.0,3.0,3.0,3.0,3.0,3.0,3.0,3.0,3.0,3.0,3.0,3.0,3.0,3.0,3.0,3.0,3.0,3.0,3.0,乐山,Leshan,1021.940622693212,1004.6871508326957,1075.2526611483943,950.8862981681086,822.3876553076,四川省
1.0,2.0,2.0,4.0,9.0,16.0,31.0,42.0,43.0,55.0,64.0,78.0,86.0,92.0,95.0,97.0,100.0,101.0,101.0,105.0,109.0,114.0,115.0,117.0,117.0,118.0,118.0,118.0,118.0,118.0,118.0,118.0,118.0,118.0,118.0,118.0,118.0,118.0,九江,Jiujiang,183.45468339149375,314.4462633083283,133.4010466647042,333.33921920502013,366.18024933245243,江西省
,,,,,,,,,,,,,1.0,1.0,,,,,,,,,,,,,,,,,,,,,,,,五家渠,Wujiaqu,2801.760889127516,2673.252590520129,2848.350113933785,2648.337326577861,2667.1105165274216,新疆维吾尔自治区
1.0,4.0,6.0,6.0,8.0,15.0,20.0,20.0,25.0,30.0,39.0,48.0,58.0,66.0,72.0,81.0,87.0,92.0,92.0,97.0,100.0,106.0,107.0,108.0,108.0,108.0,108.0,108.0,108.0,108.0,108.0,108.0,108.0,108.0,108.0,108.0,108.0,108.0,亳州,Bozhou,396.87161536025815,278.7313721454005,390.2083531175086,328.5015903763386,515.6681790817445,安徽省
2.0,10.0,11.0,12.0,27.0,32.0,55.0,90.0,97.0,140.0,169.0,188.0,225.0,265.0,307.0,359.0,379.0,416.0,438.0,460.0,480.0,500.0,514.0,523.0,531.0,544.0,562.0,567.0,568.0,571.0,571.0,573.0,575.0,575.0,575.0,575.0,575.0,575.0,仙桃,Xiantao,92.12128078753062,187.04481915365034,143.43212484181285,157.86817296041,110.266851445973,湖北省
,,,,,,,,,,,,,,,,,,,,,,,,,,,,200.0,,,,,,,,,,任城监狱,Renchengjianyu,816.4875071545798,659.2988190711181,830.932596563691,681.4888226608773,844.2394970906346,山东省
,,,,,,,,,,,,,,,,,,,,,1.0,1.0,1.0,1.0,1.0,1.0,1.0,1.0,1.0,1.0,1.0,1.0,1.0,1.0,1.0,1.0,1.0,伊春,Yichun,2281.925211400575,2167.116098798084,2264.0086811161727,2212.6551644234223,2400.434981017166,黑龙江省
,,1.0,1.0,2.0,4.0,4.0,5.0,5.0,5.0,6.0,7.0,9.0,9.0,9.0,9.0,10.0,10.0,10.0,12.0,14.0,14.0,16.0,16.0,18.0,18.0,18.0,18.0,18.0,18.0,18.0,18.0,,18.0,18.0,18.0,18.0,18.0,伊犁,Yili,3255.913471412269,3134.7499419974515,3304.4592083334464,3106.275964875001,3109.8159755300844,新疆维吾尔自治区
7.0,9.0,11.0,14.0,18.0,21.0,25.0,33.0,39.0,43.0,45.0,49.0,50.0,57.0,59.0,64.0,67.0,70.0,70.0,78.0,81.0,82.0,84.0,84.0,84.0,84.0,84.0,84.0,84.0,84.0,84.0,84.0,84.0,84.0,84.0,84.0,84.0,84.0,佛山,Foshan,836.2208943678581,986.0697612553982,837.2792124192141,960.8606642807634,811.5096408745352,广东省
,,,1.0,1.0,5.0,5.0,8.0,11.0,11.0,11.0,11.0,11.0,12.0,13.0,13.0,13.0,14.0,15.0,15.0,15.0,15.0,15.0,15.0,15.0,15.0,15.0,15.0,15.0,15.0,15.0,15.0,15.0,15.0,15.0,15.0,15.0,15.0,佳木斯,Jiamusi,2276.5916076286235,2169.56287149362,2255.3065959568416,2217.1099510338645,2405.2075499882335,黑龙江省
,,,,,,,,,,,,2.0,2.0,2.0,2.0,3.0,3.0,3.0,3.0,3.0,3.0,3.0,3.0,3.0,3.0,3.0,3.0,3.0,3.0,3.0,3.0,3.0,3.0,3.0,3.0,3.0,3.0,保亭,Baoting,1395.8671277318488,1530.6076401685473,1407.5616616583975,1495.1344849520306,1320.4011724272818,海南省
,1.0,3.0,3.0,3.0,6.0,7.0,11.0,11.0,13.0,13.0,13.0,17.0,17.0,18.0,18.0,21.0,26.0,30.0,31.0,31.0,31.0,32.0,32.0,32.0,32.0,32.0,32.0,32.0,32.0,32.0,32.0,32.0,32.0,32.0,32.0,32.0,32.0,保定,Baoding,930.2651171337097,781.9508429710809,934.6291212693924,813.9598263199442,990.2639942356884,河北省
,,2.0,3.0,4.0,4.0,5.0,6.0,8.0,8.0,8.0,8.0,8.0,8.0,9.0,9.0,9.0,9.0,9.0,9.0,9.0,9.0,9.0,9.0,9.0,9.0,9.0,9.0,9.0,9.0,9.0,9.0,9.0,9.0,9.0,9.0,9.0,9.0,保山,Baoshan,1604.6459705006191,1624.8548820809076,1653.2078060170354,1569.8414671320934,1410.4765720272565,云南省
1.0,5.0,22.0,23.0,29.0,32.0,42.0,49.0,70.0,88.0,99.0,112.0,138.0,164.0,176.0,192.0,205.0,220.0,228.0,231.0,240.0,243.0,252.0,261.0,262.0,266.0,268.0,269.0,270.0,273.0,274.0,274.0,274.0,274.0,274.0,274.0,274.0,274.0,信阳,Xinyang,179.84600853598218,28.28707854091331,201.91097529778386,80.49182677981187,265.28688471167095,河南省
,3.0,3.0,5.0,5.0,5.0,5.0,5.0,6.0,6.0,7.0,8.0,10.0,10.0,11.0,11.0,11.0,11.0,11.0,15.0,15.0,15.0,15.0,15.0,15.0,15.0,15.0,15.0,15.0,15.0,15.0,15.0,15.0,15.0,15.0,15.0,15.0,15.0,儋州,Danzhou,1309.1585138303333,1440.0689021275214,1323.4062355106548,1402.9901238681955,1225.6595831616642,海南省
,,,,1.0,1.0,1.0,1.0,1.0,1.0,1.0,3.0,4.0,4.0,4.0,6.0,6.0,6.0,6.0,6.0,6.0,6.0,6.0,6.0,6.0,6.0,6.0,6.0,6.0,6.0,6.0,6.0,6.0,6.0,6.0,6.0,6.0,6.0,公主岭,Gongzhuling,1734.3005964168308,1620.3671084857774,1716.6062059542533,1666.4830214082538,1854.4508785979558,吉林省
2.0,2.0,3.0,3.0,4.0,6.0,8.0,9.0,13.0,13.0,20.0,30.0,34.0,36.0,41.0,51.0,54.0,57.0,59.0,59.0,60.0,61.0,63.0,65.0,68.0,68.0,69.0,69.0,69.0,69.0,69.0,69.0,69.0,69.0,69.0,69.0,69.0,69.0,六安,Luan,247.43978402931103,245.15516807351673,210.5896850273211,294.8046638698161,434.12391153311955,安徽省
,,,1.0,1.0,1.0,1.0,8.0,,8.0,9.0,9.0,9.0,9.0,9.0,9.0,10.0,10.0,10.0,10.0,10.0,10.0,10.0,10.0,10.0,10.0,10.0,10.0,10.0,10.0,10.0,,10.0,,10.0,,,,六盘水,Liupanshui,1025.6774147060926,1062.8052605165062,1072.2408430938628,1008.3039963460552,837.1784319844232,贵州省
1.0,2.0,4.0,8.0,11.0,14.0,14.0,15.0,23.0,23.0,26.0,30.0,30.0,30.0,32.0,33.0,33.0,33.0,35.0,35.0,35.0,,35.0,35.0,36.0,36.0,36.0,36.0,36.0,,36.0,36.0,,36.0,,36.0,,36.0,兰州,Lanzhou,1158.6308698140697,1044.6170764717845,1208.081916174934,1012.096151439749,1013.8615935624808,甘肃省
,,,1.0,1.0,1.0,1.0,1.0,1.0,1.0,1.0,1.0,1.0,1.0,1.0,1.0,1.0,1.0,,1.0,1.0,1.0,1.0,1.0,1.0,1.0,1.0,1.0,1.0,1.0,1.0,1.0,,1.0,1.0,1.0,1.0,1.0,兴安,Xingan,652.5961473855399,768.8893333209522,677.4252980926649,728.207316317292,547.0464325657297,内蒙古自治区
,1.0,1.0,1.0,3.0,4.0,4.0,6.0,10.0,11.0,12.0,15.0,15.0,16.0,17.0,17.0,17.0,17.0,18.0,20.0,21.0,21.0,22.0,22.0,22.0,22.0,22.0,22.0,22.0,22.0,22.0,22.0,22.0,22.0,22.0,22.0,22.0,22.0,内江,Neijiang,899.5962665480496,887.3684948089231,952.679501593545,833.1238037793244,699.8845237609879,四川省
,,,1.0,2.0,2.0,2.0,3.0,5.0,5.0,6.0,6.0,7.0,7.0,7.0,9.0,9.0,10.0,10.0,10.0,10.0,10.0,11.0,13.0,13.0,13.0,13.0,13.0,13.0,13.0,13.0,13.0,13.0,13.0,13.0,13.0,13.0,13.0,凉山,Liangshan,1206.7963024486792,1209.623700231278,1258.086206956647,1154.851546060079,1008.1319203314711,四川省
,,,2.0,3.0,3.0,3.0,3.0,3.0,5.0,6.0,6.0,7.0,9.0,9.0,10.0,10.0,11.0,,11.0,11.0,11.0,11.0,11.0,11.0,11.0,11.0,11.0,11.0,11.0,11.0,11.0,,11.0,11.0,11.0,11.0,11.0,包头,Baotou,1182.1793956844467,1022.8845144182293,1208.1283602367778,1029.0805125725826,1154.8986959114288,内蒙古自治区
36.0,41.0,68.0,80.0,91.0,111.0,114.0,139.0,168.0,191.0,212.0,228.0,253.0,274.0,297.0,315.0,326.0,337.0,342.0,352.0,366.0,372.0,375.0,380.0,381.0,387.0,393.0,395.0,396.0,399.0,399.0,399.0,400.0,400.0,410.0,410.0,411.0,413.0,北京,Beijing,1060.99616510963,916.8928465632677,1061.6246178240585,951.5259760977859,1130.627449819951,北京市
6.0,6.0,9.0,9.0,11.0,13.0,15.0,17.0,23.0,23.0,13.5,27.0,29.0,31.0,31.0,32.0,33.0,35.0,36.0,39.0,39.0,40.0,43.0,43.0,43.0,44.0,44.0,44.0,44.0,44.0,44.0,44.0,44.0,44.0,44.0,44.0,44.0,44.0,北海,Beihai,1126.8706925930517,1249.6436383457728,1146.117037318195,1209.6884369755596,1028.2121713893393,广西壮族自治区
6.0,6.0,9.0,9.0,11.0,13.0,15.0,17.0,23.0,23.0,13.5,27.0,29.0,31.0,31.0,32.0,33.0,35.0,36.0,39.0,39.0,40.0,43.0,43.0,43.0,44.0,44.0,44.0,44.0,44.0,44.0,44.0,44.0,44.0,44.0,44.0,44.0,44.0,北海,Beihai,1126.8706925930517,1249.6436383457728,1146.117037318195,1209.6884369755596,1028.2121713893393,青海省
1.0,5.0,20.0,40.0,65.0,88.0,119.0,150.0,177.0,212.0,256.0,291.0,318.0,353.0,395.0,438.0,467.0,481.0,505.0,536.0,562.0,586.0,597.0,602.0,612.0,626.0,638.0,643.0,656.0,659.0,667.0,669.0,671.0,671.0,671.0,671.0,671.0,672.0,十堰,Shiyan,409.1054019780315,304.83338304433346,458.3512927577738,265.152551001871,291.62607894972734,湖北省
3.0,4.0,7.0,7.0,10.0,14.0,19.0,25.0,28.0,35.0,40.0,44.0,47.0,52.0,57.0,65.0,71.0,78.0,84.0,87.0,90.0,91.0,91.0,92.0,92.0,92.0,93.0,93.0,93.0,93.0,93.0,93.0,93.0,93.0,93.0,93.0,93.0,93.0,南京,Nanjing,457.74895464522103,460.4347111330135,412.52906594027246,512.1859157695535,651.1868372528969,江苏省
,,2.0,2.0,4.0,5.0,9.0,11.0,16.0,23.0,26.0,27.0,28.0,29.0,30.0,31.0,32.0,33.0,34.0,34.0,35.0,35.0,35.0,35.0,35.0,38.0,38.0,38.0,38.0,38.0,38.0,39.0,39.0,39.0,39.0,39.0,39.0,39.0,南充,Nanchong,786.7621927037735,752.6557126971985,841.0753470044706,700.0711588656727,590.8862840640912,四川省
,,1.0,5.0,5.0,7.0,15.0,16.0,16.0,16.0,22.0,27.0,28.0,30.0,31.0,32.0,35.0,37.0,41.0,44.0,44.0,47.0,49.0,50.0,51.0,54.0,54.0,54.0,54.0,55.0,55.0,55.0,55.0,55.0,55.0,55.0,55.0,55.0,南宁,Nanning,1037.9705324287695,1147.096457493304,1063.9253731516314,1103.0678608924609,916.8609762922385,广西壮族自治区
,,1.0,2.0,3.0,3.0,3.0,3.0,8.0,8.0,11.0,11.0,12.0,12.0,12.0,14.0,16.0,18.0,19.0,19.0,20.0,20.0,20.0,20.0,20.0,20.0,20.0,20.0,20.0,20.0,20.0,20.0,20.0,20.0,20.0,20.0,20.0,20.0,南平,Nanping,511.3000801980555,650.3687318932955,466.77284064370855,667.4937425170019,661.6399934800262,福建省
2.0,3.0,4.0,8.0,17.0,25.0,46.0,67.0,83.0,89.0,103.0,121.0,134.0,149.0,162.0,168.0,179.0,189.0,195.0,204.0,210.0,217.0,222.0,227.0,228.0,229.0,230.0,229.0,229.0,229.0,229.0,229.0,229.0,229.0,229.0,230.0,230.0,230.0,南昌,Nanchang,254.99010493281259,406.5293088427225,218.6968130797863,414.52050079956985,398.30697435319905,江西省
1.0,1.0,2.0,4.0,6.0,6.0,9.0,10.0,12.0,17.0,19.0,22.0,25.0,27.0,29.0,31.0,32.0,33.0,35.0,37.0,38.0,39.0,40.0,40.0,40.0,40.0,40.0,40.0,40.0,40.0,40.0,40.0,40.0,40.0,40.0,40.0,40.0,40.0,南通,Nantong,664.440559424218,674.7911133594496,615.941111050702,726.5734147878861,861.1832023975588,江苏省
,8.0,15.0,19.0,26.0,31.0,51.0,61.0,66.0,75.0,84.0,99.0,107.0,111.0,118.0,128.0,133.0,134.0,136.0,138.0,145.0,146.0,150.0,151.0,154.0,155.0,155.0,155.0,155.0,155.0,155.0,155.0,155.0,155.0,156.0,156.0,156.0,156.0,南阳,Nanyang,323.50337802415186,177.31757183161005,361.0666356061285,164.07843670773676,298.12852425923893,河南省
3.0,3.0,4.0,4.0,5.0,6.0,7.0,13.0,17.0,18.0,19.0,20.0,21.0,21.0,23.0,25.0,25.0,28.0,31.0,32.0,34.0,34.0,34.0,34.0,35.0,35.0,35.0,35.0,35.0,35.0,35.0,35.0,35.0,35.0,35.0,35.0,35.0,35.0,厦门,Xiamen,768.742671714351,923.2010179219279,735.4525644614646,928.2413433122445,870.9620761000995,福建省
,,,1.0,1.0,1.0,1.0,1.0,2.0,4.0,7.0,12.0,16.0,20.0,36.0,36.0,38.0,38.0,38.0,39.0,39.0,48.0,48.0,49.0,50.0,52.0,52.0,52.0,52.0,52.0,52.0,52.0,52.0,52.0,52.0,52.0,52.0,52.0,双鸭山,Shuangyashan,2305.722873452036,2201.8811432089087,2283.112396049806,2250.141236233347,2438.148187173714,黑龙江省
18.0,20.0,21.0,22.0,22.0,40.0,64.0,81.0,95.0,100.0,109.0,115.0,122.0,124.0,129.0,133.0,138.0,141.0,143.0,143.0,144.0,144.0,145.0,146.0,146.0,146.0,146.0,146.0,146.0,146.0,146.0,146.0,146.0,146.0,146.0,146.0,146.0,146.0,台州,Taizhou,720.4764649135013,808.8830739617821,666.2549463903197,846.3893109188674,910.5538073887333,浙江省
6.0,10.0,13.0,13.0,16.0,29.0,39.0,50.0,59.0,59.0,75.0,81.0,93.0,104.0,115.0,128.0,136.0,147.0,150.0,157.0,161.0,166.0,168.0,169.0,171.0,173.0,173.0,173.0,174.0,174.0,174.0,174.0,174.0,174.0,174.0,174.0,174.0,174.0,合肥,Hefei,318.83880435658267,317.9322954869974,277.7621065627943,368.7957476396796,508.67092809949,安徽省
1.0,1.0,2.0,3.0,3.0,4.0,5.0,8.0,11.0,12.0,13.0,15.0,15.0,15.0,16.0,17.0,17.0,18.0,19.0,21.0,21.0,20.0,20.0,21.0,21.0,22.0,22.0,22.0,22.0,22.0,22.0,22.0,22.0,22.0,22.0,22.0,22.0,22.0,吉安,Jian,382.29589591687665,541.8768112876456,368.09274364538123,532.4804417134026,444.7159142884519,江西省
1.0,2.0,,2.0,3.0,3.0,3.0,3.0,3.0,3.0,4.0,5.0,5.0,5.0,5.0,5.0,5.0,5.0,5.0,5.0,5.0,5.0,5.0,5.0,5.0,5.0,5.0,5.0,5.0,5.0,5.0,5.0,5.0,5.0,5.0,5.0,5.0,5.0,吉林,Jilin,1834.028322100284,1727.6228949306987,1812.9635708483504,1775.5502087004704,1963.6094508963258,吉林省
,,,,1.0,1.0,1.0,1.0,1.0,1.0,1.0,1.0,1.0,1.0,1.0,1.0,1.0,1.0,1.0,1.0,1.0,1.0,2.0,3.0,3.0,3.0,3.0,3.0,3.0,3.0,3.0,3.0,,3.0,3.0,3.0,3.0,3.0,吐鲁番,Tulufan,2616.4064036525647,2491.651525227823,2663.993140439954,2464.7828318671604,2476.6535296773595,新疆维吾尔自治区
,,,1.0,3.0,3.0,4.0,5.0,5.0,5.0,5.0,5.0,5.0,6.0,6.0,6.0,6.0,6.0,6.0,6.0,6.0,6.0,6.0,6.0,6.0,6.0,6.0,6.0,6.0,6.0,6.0,6.0,6.0,6.0,6.0,6.0,6.0,6.0,吕梁,Lvliang,830.3284427364604,671.5985757072782,858.0451280644229,676.2412335714014,804.4708657960567,山西省
,,,,2.0,3.0,5.0,5.0,6.0,7.0,7.0,7.0,,8.0,9.0,9.0,10.0,13.0,15.0,19.0,22.0,25.0,27.0,,27.0,27.0,28.0,28.0,28.0,,28.0,28.0,28.0,28.0,28.0,,28.0,,吴忠,Wuzhong,1114.0325230161052,972.9978527004281,1155.711163452915,955.4001901402252,1014.7195699426424,宁夏回族自治区
1.0,4.0,5.0,11.0,15.0,19.0,25.0,36.0,38.0,40.0,47.0,52.0,56.0,59.0,60.0,62.0,62.0,65.0,65.0,66.0,68.0,69.0,70.0,71.0,75.0,76.0,76.0,76.0,76.0,76.0,76.0,76.0,76.0,76.0,76.0,76.0,76.0,76.0,周口,Zhoukou,346.18268016656293,201.27813188526943,354.4565552612326,242.33094446261924,429.6546660014408,河南省
,1.0,1.0,2.0,2.0,2.0,2.0,2.0,2.0,2.0,2.0,3.0,3.0,5.0,5.0,5.0,5.0,5.0,,6.0,6.0,6.0,6.0,6.0,6.0,6.0,7.0,7.0,7.0,7.0,7.0,7.0,,7.0,7.0,7.0,7.0,7.0,呼伦贝尔,Hulunbeier,2124.6544838973673,1980.4743890000047,2123.672728272974,2013.682405148636,2189.175151689703,内蒙古自治区
,,,,2.0,2.0,2.0,2.0,2.0,2.0,4.0,4.0,5.0,5.0,7.0,7.0,7.0,7.0,,7.0,7.0,7.0,7.0,7.0,7.0,7.0,7.0,7.0,7.0,7.0,7.0,7.0,,7.0,7.0,7.0,7.0,7.0,呼和浩特,Huhehaote,1167.752530838233,1008.103256727039,1187.802010026407,1021.8352110617246,1164.828429104171,内蒙古自治区
,,43.0,64.0,91.0,112.0,130.0,166.0,206.0,246.0,296.0,348.0,384.0,399.0,443.0,476.0,493.0,507.0,515.0,525.0,534.0,732.0,840.0,852.0,861.0,868.0,868.0,834.0,834.0,836.0,836.0,836.0,836.0,836.0,836.0,836.0,836.0,836.0,咸宁,Xianning,72.1141192083877,230.01476588099806,84.989231469911,222.25765764702842,203.03097236057883,湖北省
1.0,3.0,3.0,4.0,4.0,5.0,5.0,6.0,8.0,9.0,9.0,11.0,15.0,15.0,15.0,16.0,16.0,17.0,17.0,17.0,17.0,17.0,17.0,17.0,17.0,17.0,17.0,17.0,17.0,17.0,17.0,17.0,17.0,17.0,17.0,17.0,17.0,17.0,咸阳,Xianyang,676.3001952145033,554.6218016613485,723.4363515268116,524.5877062085528,556.1187997492701,陕西省
1.0,6.0,8.0,8.0,10.0,11.0,13.0,18.0,25.0,34.0,45.0,63.0,73.0,82.0,94.0,100.0,114.0,128.0,146.0,150.0,159.0,164.0,167.0,182.0,188.0,190.0,192.0,194.0,197.0,197.0,198.0,198.0,198.0,198.0,198.0,198.0,198.0,198.0,哈尔滨,Haerbin,2000.7898546100346,1886.1316996174407,1983.0794568142699,1931.863055642507,2119.7179316407214,黑龙江省
,,,,1.0,3.0,3.0,7.0,8.0,11.0,11.0,11.0,12.0,17.0,19.0,23.0,27.0,28.0,31.0,33.0,35.0,43.0,46.0,51.0,51.0,51.0,55.0,56.0,57.0,57.0,58.0,58.0,58.0,58.0,58.0,58.0,58.0,58.0,唐山,Tangshan,1065.538801385571,932.4006886099424,1059.0892959906748,972.8499552239671,1157.8804247649787,河北省
,,,6.0,7.0,14.0,18.0,27.0,29.0,36.0,50.0,60.0,61.0,65.0,72.0,76.0,82.0,83.0,86.0,86.0,87.0,88.0,90.0,91.0,91.0,91.0,91.0,91.0,91.0,91.0,91.0,91.0,91.0,91.0,91.0,91.0,91.0,91.0,商丘,Shangqiu,452.57488610208736,323.1671088739811,449.59727197041747,368.87909171735055,556.9581591941557,河南省
,1.0,1.0,1.0,2.0,2.0,2.0,2.0,2.0,2.0,2.0,5.0,6.0,6.0,7.0,7.0,7.0,7.0,7.0,7.0,7.0,7.0,7.0,7.0,7.0,7.0,7.0,7.0,7.0,7.0,7.0,7.0,7.0,7.0,7.0,7.0,7.0,7.0,商洛,Shangluo,555.3621179201094,430.44155709930203,601.3341096536011,401.5853732028364,449.01560847983853,陕西省
3.0,4.0,8.0,8.0,11.0,14.0,16.0,16.0,18.0,19.0,19.0,23.0,27.0,30.0,35.0,37.0,38.0,40.0,40.0,42.0,42.0,42.0,43.0,43.0,43.0,43.0,44.0,45.0,45.0,45.0,45.0,45.0,45.0,45.0,45.0,45.0,45.0,45.0,嘉兴,Jiaxing,618.8077464829801,664.0650066163496,565.943006217135,710.7468037211964,818.5411254267106,浙江省
,,,1.0,1.0,1.0,1.0,1.0,1.0,1.0,4.0,7.0,8.0,9.0,10.0,10.0,12.0,12.0,12.0,12.0,13.0,14.0,14.0,14.0,14.0,14.0,15.0,15.0,15.0,15.0,15.0,15.0,15.0,15.0,15.0,15.0,15.0,15.0,四平,Siping,1663.226453348997,1550.809797404074,1644.9696413300176,1597.3892695014758,1785.4427651258798,吉林省
,1.0,1.0,1.0,1.0,1.0,1.0,2.0,2.0,2.0,2.0,2.0,,2.0,2.0,2.0,2.0,3.0,3.0,3.0,5.0,5.0,5.0,,5.0,5.0,5.0,5.0,5.0,,5.0,5.0,5.0,5.0,5.0,,5.0,,固原,Guyuan,963.982776372569,838.0775665603192,1010.5761173714193,810.8944529552191,839.668374658222,宁夏回族自治区
,1.0,1.0,,,,,,,,,,,,,,,,,,,,,,,,,,,,,,,,,,,,固始,Gushi,224.63670349602515,169.4519568550791,206.73051125065487,223.22487062076152,385.64913600957215,河南省
,,,,,,,,,,,,,4.0,4.0,,,,,,,,,,,,,,,,,,,,,,,,塔城,Tacheng,3236.4138275916343,3104.4595674027564,3281.9997694345097,3081.48940418595,3106.3543078176144,新疆维吾尔自治区
,,,,,1.0,2.0,2.0,2.0,2.0,2.0,2.0,2.0,2.0,2.0,2.0,2.0,2.0,2.0,2.0,2.0,2.0,2.0,2.0,2.0,2.0,2.0,2.0,2.0,2.0,2.0,2.0,2.0,2.0,2.0,2.0,2.0,2.0,大兴安岭,Daxinganling,2519.036384628509,2381.4122247873834,2513.1745157262876,2418.1898448445445,2598.3297167181277,黑龙江省
,1.0,1.0,1.0,1.0,3.0,4.0,5.0,6.0,8.0,9.0,9.0,9.0,9.0,9.0,10.0,11.0,11.0,11.0,11.0,12.0,12.0,12.0,12.0,12.0,12.0,12.0,12.0,12.0,12.0,12.0,12.0,12.0,12.0,12.0,12.0,12.0,12.0,大同,Datong,1069.0234214246634,911.5243971461446,1083.3632722509526,932.3134512487261,1090.1088991478862,山西省
1.0,1.0,3.0,5.0,5.0,5.0,5.0,7.0,8.0,8.0,11.0,11.0,11.0,13.0,13.0,13.0,13.0,13.0,14.0,15.0,15.0,18.0,19.0,19.0,20.0,20.0,23.0,26.0,26.0,26.0,26.0,26.0,26.0,26.0,26.0,26.0,26.0,26.0,大庆,Daqing,2008.46570976873,1885.2184767353376,1994.8445465505051,1928.2892382268142,2114.8325614715063,黑龙江省
,1.0,1.0,2.0,3.0,3.0,4.0,6.0,6.0,7.0,7.0,7.0,7.0,10.0,11.0,11.0,11.0,13.0,13.0,13.0,13.0,13.0,13.0,13.0,13.0,13.0,13.0,13.0,13.0,13.0,13.0,13.0,13.0,13.0,13.0,13.0,13.0,13.0,大理,Dali,1485.7444960640096,1505.0906061748426,1534.5501361758897,1450.0772422398957,1291.169139328814,云南省
1.0,4.0,4.0,5.0,5.0,5.0,5.0,7.0,10.0,12.0,12.0,13.0,14.0,14.0,14.0,16.0,16.0,16.0,16.0,16.0,17.0,18.0,18.0,19.0,19.0,19.0,19.0,19.0,19.0,19.0,19.0,19.0,19.0,19.0,19.0,,19.0,19.0,大连,Dalian,1146.5375296862612,1044.8386702138291,1125.0670585204928,1094.4512705634404,1281.8710498284647,辽宁省
,,,,1.0,1.0,2.0,2.0,3.0,3.0,8.0,10.0,10.0,10.0,10.0,12.0,12.0,12.0,12.0,12.0,12.0,,12.0,12.0,12.0,12.0,12.0,12.0,12.0,,12.0,12.0,,12.0,,12.0,,12.0,天水,Tianshui,926.877386470684,821.2439002806242,977.5326274140875,784.9987171377811,776.428617572643,甘肃省
,,14.0,22.0,24.0,27.0,31.0,32.0,41.0,48.0,60.0,67.0,69.0,78.0,81.0,88.0,90.0,95.0,105.0,112.0,117.0,120.0,122.0,124.0,125.0,128.0,130.0,131.0,132.0,135.0,135.0,135.0,135.0,135.0,135.0,136.0,136.0,136.0,天津,Tianjin,990.9258191546812,853.620655018117,987.2422014131135,892.3233493452377,1075.9427649335314,天津市
,3.0,5.0,13.0,23.0,34.0,44.0,67.0,82.0,99.0,115.0,117.0,128.0,138.0,163.0,179.0,197.0,217.0,261.0,293.0,362.0,416.0,422.0,447.0,485.0,500.0,486.0,488.0,492.0,493.0,494.0,494.0,495.0,496.0,496.0,496.0,496.0,496.0,天门,Tianmen,114.43942441965125,159.45689825585683,168.9192055423413,120.93313370641494,91.86812355749487,湖北省
1.0,2.0,2.0,2.0,3.0,3.0,3.0,4.0,4.0,6.0,6.0,6.0,9.0,9.0,11.0,12.0,15.0,17.0,18.0,18.0,18.0,18.0,19.0,19.0,19.0,19.0,19.0,19.0,20.0,20.0,20.0,20.0,20.0,20.0,20.0,20.0,20.0,20.0,太原,Taiyuan,831.600494638813,672.0047560978984,851.8665376555881,686.9030875806102,836.5070193497761,山西省
2.0,3.0,4.0,9.0,10.0,12.0,14.0,19.0,24.0,24.0,25.0,25.0,27.0,29.0,31.0,33.0,34.0,35.0,37.0,38.0,38.0,38.0,38.0,38.0,38.0,38.0,38.0,38.0,38.0,38.0,38.0,38.0,38.0,38.0,38.0,38.0,38.0,38.0,威海,Weihai,1056.1719546875531,971.9597828476382,1028.6899465660244,1024.4489211949644,1208.277385696784,山东省
3.0,5.0,5.0,7.0,9.0,13.0,16.0,20.0,26.0,29.0,35.0,40.0,45.0,51.0,53.0,59.0,64.0,66.0,69.0,69.0,72.0,73.0,75.0,75.0,76.0,76.0,76.0,76.0,76.0,76.0,76.0,76.0,76.0,76.0,76.0,76.0,76.0,76.0,娄底,Loudi,386.3909948499275,503.27472035891844,414.4965452883546,464.99020684249643,291.9716741465219,湖南省
22.0,26.0,55.0,100.0,173.0,274.0,399.0,541.0,628.0,749.0,918.0,1120.0,1462.0,1886.0,2141.0,2313.0,2436.0,2541.0,2642.0,2751.0,2874.0,3009.0,3114.0,3201.0,3279.0,3320.0,3344.0,3410.0,3427.0,3429.0,3443.0,3465.0,3482.0,3501.0,3516.0,3517.0,3518.0,3518.0,孝感,Xiaogan,159.83289681782037,0.0,187.88110693565335,55.01341513624139,237.24593753539753,湖北省
,,,,,,1.0,1.0,1.0,1.0,1.0,1.0,,1.0,1.0,1.0,1.0,1.0,1.0,1.0,1.0,1.0,1.0,,1.0,1.0,1.0,1.0,1.0,,1.0,1.0,1.0,1.0,1.0,,1.0,,宁东,Ningdong,1105.3811043774256,961.7442008440788,1145.877631977428,946.1702024868823,1012.346707330773,宁夏回族自治区
1.0,2.0,3.0,6.0,6.0,7.0,8.0,9.0,9.0,9.0,12.0,12.0,14.0,16.0,16.0,21.0,23.0,24.0,24.0,24.0,25.0,25.0,25.0,25.0,25.0,25.0,26.0,26.0,26.0,26.0,26.0,26.0,26.0,26.0,26.0,26.0,26.0,26.0,宁德,Ningde,665.9578118075201,798.6913400225156,619.1490562969101,819.5926680363818,820.9211187758955,福建省
5.0,6.0,13.0,13.0,17.0,20.0,41.0,46.0,55.0,66.0,75.0,102.0,120.0,126.0,136.0,141.0,146.0,149.0,151.0,153.0,153.0,153.0,154.0,155.0,156.0,156.0,156.0,156.0,157.0,157.0,157.0,157.0,157.0,157.0,157.0,157.0,157.0,157.0,宁波,Ningbo,701.8871904399996,766.0568692129614,647.6218059799903,809.4024279826023,899.4752678101177,浙江省
1.0,4.0,5.0,8.0,8.0,14.0,18.0,18.0,31.0,43.0,47.0,55.0,56.0,60.0,66.0,71.0,75.0,78.0,80.0,80.0,80.0,81.0,82.0,82.0,83.0,83.0,83.0,83.0,83.0,83.0,83.0,83.0,83.0,83.0,83.0,83.0,83.0,83.0,安庆,Anqing,261.0573205533629,335.34834591029573,207.58644054827832,372.6578641010204,460.4361451591462,安徽省
1.0,3.0,3.0,7.0,8.0,10.0,10.0,13.0,14.0,16.0,17.0,17.0,19.0,21.0,21.0,21.0,21.0,22.0,22.0,22.0,22.0,23.0,24.0,24.0,25.0,25.0,25.0,25.0,26.0,26.0,26.0,26.0,26.0,26.0,26.0,26.0,26.0,26.0,安康,Ankang,557.0373014270414,468.51578588566866,609.1369803062224,425.1401762364783,403.1423045727173,陕西省
,,3.0,7.0,11.0,14.0,16.0,20.0,24.0,24.0,29.0,33.0,35.0,37.0,40.0,43.0,44.0,45.0,46.0,49.0,50.0,50.0,51.0,51.0,51.0,52.0,52.0,53.0,53.0,53.0,53.0,53.0,53.0,53.0,53.0,53.0,53.0,53.0,安阳,Anyang,618.8908984293345,465.4333076103969,629.6117749638244,494.28170017034205,669.1095795517574,河南省
,,,,,,,,,2.0,2.0,2.0,3.0,3.0,4.0,4.0,4.0,4.0,4.0,4.0,4.0,4.0,4.0,4.0,4.0,4.0,4.0,4.0,4.0,4.0,4.0,,4.0,,4.0,,,,安顺,Anshun,948.2971308625063,999.445294109669,992.3061298932076,945.9282920264945,767.4022614423983,贵州省
,,,,,,,1.0,1.0,1.0,1.0,3.0,3.0,3.0,3.0,3.0,3.0,3.0,3.0,3.0,3.0,3.0,3.0,3.0,3.0,3.0,3.0,3.0,3.0,3.0,3.0,3.0,3.0,3.0,3.0,3.0,3.0,3.0,定安,Dingan,1266.46569914097,1402.9740707218934,1277.258988382178,1368.5291343045203,1195.9704815809112,海南省
,,1.0,1.0,1.0,1.0,2.0,2.0,3.0,3.0,3.0,3.0,3.0,5.0,5.0,8.0,8.0,8.0,8.0,8.0,9.0,,9.0,9.0,9.0,9.0,9.0,9.0,9.0,,9.0,9.0,,9.0,,9.0,,9.0,定西,Dingxi,1067.4996124464658,954.877446390675,1117.131063986603,921.6454022091704,922.4663372087332,甘肃省
,,,1.0,1.0,2.0,5.0,7.0,7.0,7.0,7.0,7.0,7.0,8.0,9.0,9.0,9.0,9.0,9.0,10.0,11.0,11.0,11.0,11.0,11.0,12.0,12.0,12.0,12.0,12.0,12.0,12.0,12.0,12.0,12.0,12.0,12.0,12.0,宜宾,Yibin,942.7439521933651,925.2660894785661,996.1478951458851,871.408362256292,743.2888436013125,四川省
1.0,1.0,20.0,31.0,51.0,63.0,117.0,167.0,276.0,353.0,392.0,452.0,496.0,563.0,610.0,633.0,711.0,749.0,772.0,784.0,810.0,877.0,906.0,901.0,901.0,904.0,907.0,910.0,914.0,914.0,917.0,924.0,926.0,927.0,929.0,931.0,931.0,931.0,宜昌,Yichang,289.31126892204736,282.8778450164825,343.66647932084686,228.02895152289037,99.1547004520888,湖北省
,1.0,5.0,6.0,10.0,14.0,14.0,26.0,29.0,31.0,36.0,45.0,48.0,54.0,62.0,67.0,74.0,77.0,83.0,88.0,95.0,101.0,102.0,104.0,106.0,106.0,106.0,106.0,106.0,106.0,106.0,106.0,106.0,106.0,106.0,106.0,106.0,106.0,宜春,Yichun,300.4497689761233,457.85071523437625,295.3773349756772,443.8513563781695,348.5747885707798,江西省
,,,,3.0,4.0,4.0,4.0,6.0,7.0,8.0,10.0,10.0,10.0,12.0,12.0,13.0,13.0,13.0,13.0,13.0,13.0,13.0,13.0,13.0,13.0,13.0,13.0,13.0,13.0,13.0,13.0,13.0,13.0,13.0,13.0,13.0,13.0,宝鸡,Baoji,797.4587734532727,686.9552691773335,847.1195651865369,652.27379473872,656.4302693330806,陕西省
,,1.0,1.0,2.0,2.0,4.0,4.0,4.0,4.0,4.0,4.0,4.0,5.0,5.0,5.0,5.0,6.0,6.0,6.0,6.0,6.0,6.0,6.0,6.0,6.0,6.0,6.0,6.0,6.0,6.0,6.0,6.0,6.0,6.0,6.0,6.0,6.0,宣城,Xuancheng,449.90186747226653,455.7524697277068,404.1592659642636,507.1098634125828,644.065435988384,安徽省
,,2.0,3.0,3.0,9.0,10.0,10.0,12.0,14.0,21.0,23.0,24.0,25.0,27.0,28.0,28.0,31.0,33.0,36.0,38.0,39.0,39.0,39.0,40.0,41.0,41.0,41.0,41.0,41.0,41.0,41.0,41.0,41.0,41.0,41.0,41.0,41.0,宿州,Suzhou,426.57700412251216,343.70812123548694,405.52340174804846,397.94134431580943,577.2609212400546,安徽省
,,,,,4.0,6.0,6.0,6.0,,,,,,,,,,,,,,,,,,,,,,,,,,,,,,宿松,Susong,179.75216797689987,288.8262985319899,125.40158406108023,315.1321699219847,374.7691839582998,安徽省
,1.0,1.0,1.0,3.0,4.0,4.0,7.0,8.0,8.0,9.0,10.0,11.0,11.0,12.0,12.0,12.0,12.0,12.0,12.0,12.0,12.0,12.0,13.0,13.0,13.0,13.0,13.0,13.0,13.0,13.0,13.0,13.0,13.0,13.0,13.0,13.0,13.0,宿迁,Suqian,535.550440588024,468.68107075014456,506.8248673610188,523.4122709981391,698.6652560129556,江苏省
3.0,5.0,6.0,7.0,17.0,26.0,29.0,37.0,45.0,53.0,70.0,83.0,89.0,93.0,107.0,111.0,115.0,124.0,134.0,146.0,148.0,149.0,153.0,154.0,154.0,155.0,155.0,156.0,156.0,156.0,156.0,156.0,156.0,156.0,156.0,156.0,156.0,156.0,岳阳,Yueyang,173.5557210646198,293.42206615519297,208.85116250963867,261.76387666563863,134.5430766285841,湖南省
2.0,2.0,2.0,,,,,,,,,,,,,,,,,,,,,,,,,,,,,,,,,,,,巩义,Gongyi,479.0365804979749,319.2090037016162,503.08219651507807,332.676462931878,490.5043578929858,河南省
,,,,,2.0,4.0,5.0,8.0,8.0,12.0,12.0,15.0,19.0,20.0,21.0,21.0,22.0,22.0,22.0,22.0,24.0,24.0,24.0,24.0,24.0,24.0,24.0,24.0,24.0,24.0,24.0,24.0,24.0,24.0,24.0,24.0,24.0,巴中,Bazhong,737.4280912675368,679.177845068294,791.7790502130043,629.8525929279035,552.3887576300526,四川省
,,,,,,,,,,,,,1.0,1.0,2.0,3.0,3.0,3.0,3.0,3.0,3.0,3.0,3.0,3.0,3.0,3.0,3.0,3.0,3.0,3.0,3.0,,3.0,3.0,3.0,3.0,3.0,巴州,Bazhou,735.2196064869702,678.7070503397811,789.6096041975765,629.0757419427973,549.2604464727101,新疆维吾尔自治区
,,,,,1.0,2.0,2.0,3.0,3.0,3.0,3.0,4.0,4.0,4.0,4.0,6.0,6.0,,6.0,6.0,6.0,8.0,8.0,8.0,8.0,8.0,8.0,8.0,8.0,8.0,8.0,,8.0,8.0,8.0,8.0,8.0,巴彦淖尔,Bayannaoer,1295.8886703486917,1140.7780884761542,1328.6500674509498,1137.40077935944,1237.068099252792,内蒙古自治区
,5.0,5.0,6.0,8.0,8.0,10.0,13.0,14.0,15.0,15.0,19.0,24.0,27.0,29.0,31.0,31.0,31.0,31.0,36.0,38.0,43.0,43.0,46.0,49.0,50.0,51.0,51.0,51.0,51.0,51.0,51.0,51.0,51.0,51.0,51.0,51.0,51.0,常州,Changzhou,555.8209027988707,571.7426416918024,507.105000270033,622.489776110767,753.0392840651728,江苏省
,3.0,7.0,12.0,19.0,26.0,30.0,37.0,39.0,42.0,45.0,50.0,56.0,62.0,64.0,66.0,66.0,72.0,73.0,75.0,77.0,78.0,78.0,79.0,79.0,79.0,79.0,79.0,80.0,80.0,82.0,82.0,82.0,82.0,82.0,82.0,82.0,82.0,常德,Changde,301.200905610802,382.9420632479992,344.01701109760563,337.37983716153036,151.87275193041842,湖南省
,,,,,1.0,1.0,1.0,1.0,1.0,1.0,1.0,1.0,1.0,1.0,4.0,4.0,7.0,8.0,8.0,9.0,,9.0,9.0,9.0,9.0,9.0,9.0,9.0,,9.0,9.0,,9.0,,9.0,,9.0,平凉,Pingliang,901.9880384004011,779.1989458178346,949.2847176478094,750.3092984882165,774.5077984629272,甘肃省
,1.0,2.0,5.0,5.0,5.0,8.0,10.0,11.0,14.0,19.0,28.0,34.0,41.0,46.0,48.0,50.0,52.0,54.0,55.0,56.0,57.0,58.0,58.0,58.0,58.0,58.0,58.0,58.0,58.0,58.0,58.0,58.0,58.0,58.0,58.0,58.0,58.0,平顶山,Pingdingshan,370.86993382492983,211.08678997383922,396.16872776831065,225.5197051361796,391.65809922547436,河南省
,,,,,1.0,3.0,2.0,2.0,5.0,5.0,6.0,6.0,6.0,6.0,6.0,6.0,6.0,6.0,6.0,6.0,6.0,6.0,6.0,6.0,6.0,6.0,6.0,6.0,6.0,6.0,6.0,6.0,6.0,6.0,6.0,6.0,6.0,广元,Guangyuan,834.1383704440178,764.9767865356478,888.1665396424248,718.0559127331984,653.9121328702049,四川省
2.0,2.0,2.0,6.0,7.0,7.0,9.0,13.0,16.0,20.0,21.0,24.0,24.0,24.0,27.0,28.0,28.0,28.0,30.0,30.0,30.0,30.0,30.0,30.0,30.0,30.0,30.0,30.0,30.0,30.0,30.0,30.0,30.0,30.0,30.0,30.0,30.0,30.0,广安,Guangan,739.0615369843816,713.6454063734399,793.1109736629617,660.1317042780033,541.361155304382,四川省
7.0,14.0,17.0,41.0,51.0,63.0,98.0,112.0,150.0,179.0,200.0,224.0,249.0,270.0,285.0,301.0,307.0,314.0,317.0,323.0,327.0,328.0,335.0,338.0,339.0,339.0,339.0,339.0,339.0,343.0,345.0,345.0,346.0,346.0,346.0,346.0,346.0,346.0,广州,Guangzhou,822.5198871943453,973.0375576495925,822.9118805175428,948.4250352746878,800.7679456664212,广东省
,,,,,,,,,,1.0,1.0,1.0,2.0,2.0,2.0,2.0,3.0,3.0,3.0,3.0,,3.0,3.0,3.0,3.0,3.0,3.0,3.0,,3.0,3.0,,3.0,,3.0,,3.0,庆阳,Qingyang,855.3075711169894,719.6883757414537,898.8328275373476,698.0754448046439,751.2852807517683,甘肃省
,,,2.0,6.0,9.0,9.0,9.0,11.0,11.0,12.0,12.0,13.0,14.0,15.0,20.0,22.0,24.0,26.0,28.0,29.0,29.0,29.0,30.0,30.0,30.0,30.0,30.0,30.0,30.0,30.0,30.0,30.0,30.0,30.0,30.0,30.0,30.0,廊坊,Langfang,1022.9856716279005,881.1498659037851,1022.131915493757,917.2940908682629,1098.2426795271717,河北省
1.0,1.0,1.0,2.0,2.0,3.0,3.0,7.0,7.0,7.0,7.0,7.0,7.0,7.0,7.0,8.0,8.0,8.0,8.0,8.0,8.0,8.0,8.0,8.0,8.0,8.0,8.0,8.0,8.0,8.0,8.0,8.0,8.0,8.0,8.0,8.0,8.0,8.0,延安,Yanan,810.110533461922,660.6697031050244,847.263241376445,650.4086968435821,741.25142223088,陕西省
,,,,,,2.0,2.0,2.0,2.0,2.0,3.0,3.0,4.0,5.0,5.0,5.0,5.0,5.0,5.0,5.0,5.0,5.0,5.0,5.0,5.0,5.0,5.0,5.0,5.0,5.0,5.0,5.0,5.0,5.0,5.0,5.0,5.0,延边,Yanbian,1924.0677683933384,1834.470082652395,1896.5140182532452,1885.5494164095894,2071.649328694509,吉林省
,,,1.0,2.0,3.0,4.0,6.0,8.0,11.0,11.0,12.0,17.0,18.0,20.0,21.0,24.0,24.0,25.0,25.0,25.0,25.0,25.0,26.0,26.0,26.0,26.0,26.0,26.0,26.0,26.0,26.0,26.0,26.0,26.0,26.0,26.0,26.0,开封,Kaifeng,473.5516832816824,320.936709480596,484.8656193046455,352.5228664873258,532.443969503498,河南省
,,,,,1.0,6.0,6.0,8.0,9.0,9.0,9.0,10.0,12.0,13.0,14.0,14.0,17.0,21.0,21.0,25.0,31.0,33.0,34.0,34.0,34.0,34.0,34.0,34.0,34.0,34.0,34.0,34.0,35.0,40.0,41.0,41.0,41.0,张家口,Zhangjiakou,1143.9413398141835,991.3329646272558,1151.6937919715542,1018.8107401575122,1187.565450092266,河北省
,,,,,,1.0,1.0,2.0,3.0,3.0,3.0,3.0,3.0,5.0,5.0,5.0,5.0,5.0,5.0,5.0,5.0,5.0,5.0,5.0,5.0,5.0,5.0,5.0,5.0,5.0,5.0,5.0,5.0,5.0,5.0,5.0,5.0,张家界,Zhangjiajie,401.02465417516225,451.9268497555064,448.63961687783774,400.13489326658316,216.61194852575414,湖南省
,,,1.0,1.0,2.0,2.0,2.0,2.0,2.0,2.0,2.0,2.0,2.0,2.0,2.0,2.0,2.0,2.0,2.0,2.0,,2.0,2.0,2.0,2.0,2.0,2.0,2.0,,2.0,2.0,,2.0,,2.0,,2.0,张掖,Zhangye,1571.6404053193971,1445.6196391970313,1618.629859533449,1419.0452063212729,1438.7913550468625,甘肃省
,,,3.0,8.0,8.0,15.0,20.0,23.0,30.0,36.0,39.0,45.0,45.0,49.0,52.0,56.0,60.0,63.0,66.0,71.0,76.0,77.0,78.0,79.0,79.0,79.0,79.0,79.0,79.0,79.0,79.0,79.0,79.0,79.0,79.0,79.0,79.0,徐州,Xuzhou,495.8742575758563,402.0615129157888,476.98087283737937,454.91004611352935,638.385536219642,江苏省
,,2.0,2.0,2.0,2.0,2.0,3.0,3.0,4.0,4.0,5.0,5.0,5.0,5.0,5.0,5.0,5.0,5.0,5.0,5.0,5.0,5.0,5.0,5.0,5.0,5.0,5.0,5.0,5.0,5.0,5.0,5.0,5.0,5.0,5.0,5.0,5.0,德宏,Dehong,1691.2207064622887,1715.0122776677326,1739.1382554568288,1660.010166511486,1498.340967808852,云南省
,1.0,3.0,6.0,8.0,11.0,15.0,16.0,17.0,19.0,19.0,19.0,24.0,26.0,27.0,29.0,30.0,32.0,32.0,33.0,35.0,35.0,36.0,37.0,37.0,37.0,37.0,37.0,37.0,37.0,37.0,37.0,37.0,37.0,37.0,37.0,37.0,37.0,德州,Dezhou,790.1042966461729,651.0147375386515,788.5332849327023,689.5752916229528,873.5223239633666,山东省
1.0,1.0,1.0,1.0,1.0,2.0,3.0,7.0,7.0,10.0,10.0,12.0,12.0,12.0,12.0,13.0,16.0,16.0,16.0,16.0,17.0,17.0,17.0,17.0,17.0,17.0,17.0,17.0,18.0,18.0,18.0,18.0,18.0,18.0,18.0,18.0,18.0,18.0,德阳,Deyang,953.1207412242688,910.0044763266789,1007.5638631615857,858.8308559517784,758.8956993381048,四川省
,,,,,,,,1.0,3.0,3.0,3.0,3.0,3.0,3.0,6.0,6.0,7.0,7.0,7.0,7.0,7.0,7.0,7.0,7.0,7.0,7.0,7.0,7.0,7.0,7.0,7.0,7.0,7.0,7.0,7.0,7.0,7.0,忻州,Xinzhou,892.7725382251526,733.6118746271154,911.211318099587,750.453450100643,902.7926077113062,山西省
3.0,5.0,8.0,11.0,16.0,18.0,23.0,26.0,28.0,31.0,32.0,35.0,35.0,36.0,38.0,38.0,39.0,39.0,39.0,39.0,39.0,39.0,40.0,40.0,40.0,40.0,40.0,40.0,40.0,40.0,40.0,40.0,40.0,40.0,40.0,40.0,40.0,40.0,怀化,Huaihua,539.3295655978027,620.1060309321264,578.382473263767,571.6061077688224,383.5329744070553,湖南省
,11.0,17.0,25.0,38.0,51.0,66.0,75.0,87.0,105.0,111.0,123.0,138.0,144.0,157.0,160.0,171.0,187.0,195.0,203.0,229.0,237.0,244.0,247.0,249.0,250.0,249.0,249.0,250.0,251.0,251.0,251.0,251.0,251.0,251.0,251.0,252.0,252.0,恩施,Enshi,461.04220297124687,455.43754194006567,514.6561332227386,400.46080175041186,262.0276441487951,湖北省
5.0,7.0,8.0,8.0,11.0,12.0,17.0,20.0,20.0,23.0,28.0,29.0,34.0,35.0,39.0,47.0,48.0,52.0,53.0,54.0,55.0,56.0,58.0,58.0,58.0,59.0,62.0,62.0,62.0,62.0,62.0,62.0,62.0,62.0,62.0,62.0,62.0,62.0,惠州,Huizhou,823.3028681007346,979.6697431808587,815.7228089090315,961.3582524462831,830.6500726287868,广东省
7.0,16.0,22.0,33.0,37.0,46.0,59.0,69.0,72.0,73.0,77.0,87.0,92.0,97.0,102.0,109.0,120.0,123.0,124.0,125.0,131.0,135.0,139.0,140.0,140.0,140.0,141.0,141.0,143.0,143.0,143.0,143.0,143.0,143.0,143.0,143.0,143.0,143.0,成都,Chengdu,982.831167439096,947.646490720864,1037.0775759432975,895.5112061785956,786.155830028779,四川省
1.0,1.0,1.0,4.0,5.0,8.0,8.0,8.0,13.0,13.0,14.0,15.0,15.0,15.0,17.0,17.0,18.0,18.0,18.0,18.0,20.0,20.0,21.0,22.0,23.0,23.0,23.0,23.0,23.0,23.0,23.0,23.0,23.0,23.0,23.0,23.0,23.0,23.0,扬州,Yangzhou,528.0170109788912,522.3261525594357,483.59955013883115,575.232247586185,719.8462027027646,江苏省
,1.0,1.0,1.0,1.0,1.0,2.0,2.0,2.0,2.0,2.0,3.0,4.0,5.0,6.0,7.0,7.0,7.0,7.0,7.0,7.0,7.0,7.0,7.0,7.0,7.0,7.0,7.0,7.0,7.0,7.0,7.0,7.0,7.0,7.0,7.0,7.0,7.0,承德,Chengde,1204.5097334771915,1066.6310739259497,1200.4893109834736,1104.5175235740953,1286.9857708842474,河北省
1.0,4.0,6.0,7.0,8.0,9.0,13.0,15.0,18.0,24.0,29.0,34.0,44.0,46.0,56.0,59.0,63.0,64.0,67.0,68.0,69.0,71.0,72.0,72.0,72.0,72.0,72.0,72.0,72.0,72.0,72.0,72.0,72.0,72.0,72.0,72.0,72.0,72.0,抚州,Fuzhou,341.955840735824,493.75729080811504,305.884439357841,501.61607714267274,475.1086040007138,江西省
,,,,,,,,,,,1.0,,,,,,,,1.0,1.0,,,,,,,,,,1.0,,,,,,,,拉萨,Lasa,2229.8627215502765,2185.4022956501103,2284.167859627732,2135.350892781022,2033.2857808740011,西藏自治区
,,3.0,3.0,4.0,6.0,6.0,6.0,6.0,6.0,6.0,6.0,6.0,7.0,7.0,7.0,7.0,7.0,8.0,8.0,8.0,8.0,8.0,8.0,8.0,8.0,8.0,8.0,8.0,8.0,8.0,8.0,8.0,8.0,8.0,8.0,8.0,8.0,揭阳,Jieyang,798.3386809831264,958.1277799899461,777.4166649439964,951.2748446334243,854.9141071112047,广东省
,,,,,,,1.0,7.0,9.0,10.0,10.0,11.0,11.0,11.0,12.0,13.0,13.0,13.0,13.0,13.0,13.0,13.0,13.0,13.0,16.0,16.0,16.0,16.0,16.0,16.0,16.0,16.0,16.0,16.0,16.0,16.0,16.0,攀枝花,Panzhihua,1305.6140736697162,1322.6695754784312,1354.9576092781604,1267.658108661327,1110.1177235940988,四川省
,,,,,,,,,,,1.0,1.0,1.0,1.0,1.0,1.0,2.0,2.0,2.0,2.0,2.0,2.0,2.0,2.0,2.0,2.0,2.0,2.0,2.0,2.0,2.0,2.0,2.0,2.0,2.0,2.0,2.0,文山,Wenshan,1274.6696357988217,1343.411154239077,1313.6109348996524,1291.3706370974417,1107.260470432579,云南省
,,,,,,,,,,1.0,1.0,1.0,1.0,3.0,3.0,3.0,3.0,3.0,3.0,3.0,3.0,3.0,3.0,3.0,3.0,3.0,3.0,3.0,3.0,3.0,3.0,3.0,3.0,3.0,3.0,3.0,3.0,文昌,Wenchang,1261.4164601111816,1400.589440026055,1270.369370753971,1367.5248685304612,1197.641683783029,海南省
,1.0,3.0,4.0,6.0,7.0,11.0,15.0,21.0,21.0,27.0,33.0,39.0,41.0,41.0,43.0,44.0,46.0,48.0,53.0,54.0,55.0,55.0,56.0,57.0,57.0,57.0,57.0,57.0,57.0,57.0,57.0,57.0,57.0,57.0,57.0,57.0,57.0,新乡,Xinxiang,532.9639824111722,376.04501109702665,548.4545337926301,400.80857023832806,572.145877244411,河南省
1.0,1.0,1.0,3.0,3.0,11.0,11.0,28.0,40.0,43.0,50.0,59.0,69.0,78.0,87.0,95.0,100.0,105.0,110.0,117.0,121.0,124.0,127.0,129.0,129.0,129.0,129.0,130.0,130.0,130.0,130.0,130.0,130.0,130.0,130.0,130.0,130.0,130.0,新余,Xinyu,306.176470762103,465.9197373870558,291.544364570095,458.0717487422893,382.3006597114531,江西省
1.0,1.0,2.0,4.0,6.0,9.0,10.0,12.0,13.0,19.0,23.0,25.0,26.0,28.0,31.0,34.0,38.0,41.0,45.0,48.0,49.0,51.0,52.0,53.0,55.0,55.0,55.0,55.0,55.0,55.0,55.0,55.0,55.0,55.0,55.0,55.0,55.0,55.0,无锡,Wuxi,582.9006463063648,605.4821049067264,532.9583685004958,655.4925485002946,781.2799104240678,江苏省
1.0,3.0,4.0,5.0,6.0,8.0,9.0,9.0,10.0,11.0,14.0,14.0,14.0,14.0,14.0,15.0,15.0,15.0,15.0,15.0,15.0,15.0,16.0,16.0,16.0,16.0,16.0,16.0,16.0,16.0,16.0,16.0,16.0,16.0,16.0,16.0,16.0,16.0,日照,Rizhao,725.7697569962708,644.4964406002409,699.308238811123,697.8628577095159,879.6431140387306,山东省
3.0,4.0,4.0,7.0,12.0,15.0,21.0,25.0,30.0,31.0,32.0,34.0,35.0,40.0,41.0,41.0,42.0,45.0,46.0,46.0,48.0,48.0,48.0,51.0,51.0,52.0,53.0,53.0,53.0,53.0,53.0,53.0,53.0,53.0,53.0,53.0,53.0,53.0,昆明,Kunming,1291.7588111445125,1332.7978437644394,1337.0532369329992,1278.3669747985791,1105.805680210679,云南省
,,,,,,,,,,,1.0,2.0,2.0,2.0,2.0,2.0,3.0,4.0,4.0,4.0,4.0,4.0,4.0,4.0,4.0,4.0,4.0,4.0,4.0,4.0,4.0,,4.0,4.0,4.0,4.0,4.0,昌吉,Changji,2806.213746282843,2679.1720246761097,2853.2177509071653,2653.4915286712844,2669.3113577350578,新疆维吾尔自治区
,,,,,,,1.0,1.0,1.0,3.0,3.0,3.0,3.0,4.0,5.0,5.0,6.0,6.0,7.0,7.0,7.0,7.0,7.0,7.0,7.0,7.0,7.0,7.0,7.0,7.0,7.0,7.0,7.0,7.0,7.0,7.0,7.0,昌江,Changjiang,1357.0681199387775,1486.2354190068602,1372.2404797167385,1448.363544919838,1269.662602514634,海南省
,,1.0,1.0,2.0,2.0,4.0,6.0,6.0,8.0,8.0,9.0,10.0,10.0,10.0,10.0,12.0,12.0,14.0,14.0,14.0,19.0,25.0,25.0,25.0,25.0,25.0,25.0,25.0,25.0,25.0,25.0,25.0,25.0,25.0,25.0,25.0,25.0,昭通,Zhaotong,1032.7397596761164,1020.0091017567142,1085.7084223346853,965.9040773402209,832.9907613040666,云南省
,,2.0,2.0,5.0,9.0,9.0,9.0,11.0,13.0,15.0,19.0,21.0,26.0,27.0,30.0,32.0,32.0,33.0,34.0,35.0,35.0,35.0,35.0,36.0,36.0,36.0,36.0,36.0,36.0,36.0,36.0,37.0,37.0,37.0,37.0,37.0,37.0,晋中,Jinzhong,808.7671095602573,649.3713489896913,828.2083749382695,665.4849105025514,817.7639190294586,山西省
,,,,,,,,2.0,3.0,6.0,7.0,7.0,7.0,8.0,8.0,8.0,8.0,8.0,8.0,8.0,8.0,8.0,9.0,9.0,9.0,10.0,10.0,10.0,10.0,10.0,10.0,10.0,10.0,10.0,10.0,10.0,10.0,晋城,Jincheng,571.4822303661609,411.64960116627753,594.7435268143798,424.78456987536083,577.9215309081354,山西省
,,,,,1.0,3.0,4.0,4.0,4.0,4.0,4.0,4.0,4.0,4.0,4.0,4.0,4.0,4.0,4.0,4.0,4.0,4.0,4.0,4.0,4.0,4.0,4.0,4.0,4.0,4.0,4.0,4.0,4.0,4.0,4.0,4.0,4.0,普洱,Puer,1555.3619278728765,1604.482148146268,1598.5996607351858,1550.4352986243964,1374.302704697969,云南省
,1.0,1.0,2.0,2.0,2.0,2.0,3.0,3.0,3.0,3.0,4.0,4.0,4.0,4.0,4.0,5.0,5.0,5.0,5.0,5.0,5.0,5.0,5.0,6.0,6.0,6.0,6.0,6.0,6.0,6.0,6.0,6.0,6.0,6.0,6.0,6.0,6.0,景德镇,Jingdezhen,311.85890143374553,430.1928265551008,259.82714860462823,455.74948341427506,494.5808510671749,江西省
,1.0,1.0,2.0,2.0,5.0,5.0,5.0,5.0,5.0,6.0,9.0,10.0,10.0,10.0,11.0,11.0,12.0,13.0,13.0,13.0,13.0,13.0,13.0,13.0,13.0,13.0,13.0,13.0,13.0,13.0,13.0,13.0,13.0,13.0,13.0,13.0,13.0,曲靖,Qujing,1173.3607807488286,1216.494963231042,1218.456270922207,1162.2332049361873,988.2920233692588,云南省
,,,2.0,2.0,2.0,3.0,3.0,3.0,3.0,3.0,3.0,4.0,4.0,4.0,4.0,6.0,7.0,7.0,7.0,7.0,7.0,7.0,7.0,7.0,8.0,8.0,8.0,8.0,8.0,8.0,8.0,8.0,8.0,8.0,8.0,8.0,8.0,朔州,Shuozhou,992.3514243940674,833.1069630640616,1010.8732762218087,849.3365991499844,999.2451829384463,山西省
1.0,2.0,2.0,2.0,2.0,4.0,4.0,5.0,6.0,6.0,6.0,6.0,6.0,6.0,6.0,6.0,6.0,6.0,6.0,6.0,6.0,6.0,6.0,6.0,6.0,6.0,6.0,6.0,6.0,6.0,6.0,6.0,6.0,6.0,6.0,,6.0,6.0,朝阳,Zhaoyang,1344.1182268644325,1218.5638677359261,1332.7303487386569,1261.4769622290758,1448.098998224276,辽宁省
,1.0,2.0,2.0,2.0,2.0,3.0,3.0,3.0,3.0,3.0,3.0,3.0,3.0,3.0,3.0,3.0,3.0,3.0,3.0,3.0,3.0,3.0,3.0,3.0,3.0,3.0,3.0,3.0,3.0,3.0,3.0,3.0,3.0,3.0,,3.0,3.0,本溪,Benxi,1465.497681049579,1360.167924839408,1444.6115200575543,1408.633647774408,1596.571826934001,辽宁省
,,,,,,,,,,,,,1.0,1.0,3.0,7.0,11.0,11.0,11.0,11.0,11.0,11.0,11.0,11.0,11.0,11.0,11.0,11.0,11.0,11.0,11.0,11.0,11.0,11.0,11.0,11.0,11.0,来宾,Laibin,901.734236657662,1014.2257133275285,926.7675967076306,971.464495785622,786.7079198067834,广西壮族自治区
,,,,,,,,,,,1.0,1.0,1.0,1.0,1.0,1.0,1.0,1.0,1.0,1.0,1.0,1.0,1.0,1.0,1.0,1.0,1.0,1.0,1.0,1.0,1.0,1.0,1.0,1.0,1.0,1.0,1.0,杨凌,Yangling,722.6984909865087,607.6686179574582,771.3680786380984,574.6660865488216,590.5577915408181,陕西省
6.0,12.0,27.0,27.0,32.0,51.0,69.0,85.0,98.0,110.0,118.0,132.0,141.0,151.0,156.0,162.0,165.0,155.0,157.0,159.0,162.0,165.0,166.0,166.0,168.0,168.0,169.0,169.0,169.0,169.0,169.0,169.0,169.0,169.0,169.0,169.0,169.0,169.0,杭州,Hangzhou,565.7780053418998,626.712353890821,511.8379558092646,670.1655513446211,764.4835233693566,浙江省
1.0,1.0,,2.0,2.0,2.0,2.0,2.0,2.0,2.0,2.0,2.0,2.0,2.0,2.0,2.0,2.0,2.0,2.0,2.0,2.0,2.0,2.0,2.0,2.0,2.0,2.0,2.0,2.0,2.0,2.0,2.0,2.0,2.0,2.0,2.0,2.0,2.0,松原,Songyuan,1864.421559956567,1745.4919138152954,1848.8530806514216,1790.0629519495315,1977.482561987981,吉林省
,,,2.0,5.0,8.0,9.0,9.0,12.0,15.0,16.0,16.0,17.0,17.0,19.0,20.0,21.0,21.0,23.0,23.0,23.0,23.0,24.0,24.0,24.0,24.0,24.0,24.0,24.0,24.0,24.0,24.0,24.0,24.0,24.0,24.0,24.0,24.0,枣庄,Zaozhuang,570.0951263698182,471.39734618257177,551.690089520226,523.1741707135251,708.4680598395161,山东省
2.0,3.0,5.0,6.0,6.0,6.0,10.0,11.0,12.0,12.0,14.0,15.0,17.0,20.0,20.0,20.0,20.0,22.0,22.0,22.0,22.0,22.0,24.0,24.0,24.0,24.0,24.0,24.0,24.0,24.0,24.0,24.0,24.0,24.0,24.0,24.0,24.0,24.0,柳州,Liuzhou,840.0872460164306,950.4211887816301,866.3709730752219,907.220087534461,722.0639617151204,广西壮族自治区
1.0,1.0,3.0,5.0,7.0,13.0,18.0,19.0,22.0,25.0,26.0,34.0,38.0,41.0,46.0,48.0,58.0,61.0,68.0,71.0,75.0,77.0,78.0,78.0,78.0,78.0,78.0,78.0,78.0,79.0,80.0,80.0,80.0,80.0,80.0,80.0,80.0,80.0,株洲,Zhuzhou,318.4438826972858,459.12711325049617,333.71789124080055,431.4859427209074,291.4243635959963,湖南省
2.0,6.0,11.0,14.0,15.0,16.0,18.0,18.0,21.0,23.0,24.0,24.0,26.0,27.0,28.0,29.0,29.0,30.0,30.0,31.0,31.0,31.0,31.0,31.0,31.0,31.0,31.0,31.0,31.0,32.0,32.0,32.0,32.0,32.0,32.0,32.0,32.0,32.0,桂林,Guilin,702.2139681472665,815.9117855688974,727.8576321547145,774.1956679044104,591.256853876185,广西壮族自治区
,,1.0,3.0,4.0,4.0,5.0,5.0,6.0,7.0,8.0,9.0,10.0,12.0,12.0,13.0,13.0,13.0,13.0,13.0,13.0,14.0,15.0,16.0,16.0,16.0,16.0,16.0,16.0,16.0,16.0,16.0,16.0,16.0,16.0,16.0,16.0,16.0,梅州,Meizhou,684.7353199251909,844.5115548712909,663.8851166714696,838.0137582066873,745.5523033157732,广东省
,,,,,,,,,,,,,,,,1.0,1.0,1.0,1.0,1.0,1.0,1.0,1.0,1.0,1.0,1.0,1.0,1.0,1.0,1.0,1.0,1.0,1.0,1.0,1.0,1.0,1.0,梅河口,Meihekou,1677.296109303561,1574.43703701651,1655.0273433049583,1623.2524296552308,1811.0845034752795,吉林省
1.0,1.0,2.0,2.0,4.0,4.0,4.0,4.0,5.0,5.0,5.0,5.0,5.0,5.0,5.0,5.0,5.0,5.0,5.0,5.0,5.0,5.0,5.0,5.0,5.0,5.0,5.0,5.0,5.0,5.0,5.0,5.0,5.0,5.0,5.0,5.0,5.0,5.0,梧州,Wuzhou,830.6651567301714,965.7013471319661,843.8989412841034,931.4907591996608,761.2415233503034,广西壮族自治区
,,,,,,,,,2.0,2.0,4.0,4.0,4.0,4.0,4.0,4.0,4.0,4.0,4.0,4.0,4.0,4.0,4.0,4.0,4.0,4.0,4.0,4.0,4.0,4.0,4.0,4.0,4.0,4.0,4.0,4.0,4.0,楚雄,Chuxiong,1397.758091655266,1431.6061741571275,1444.253000713456,1376.8386813103405,1208.5140832533727,云南省
,,,,,,1.0,1.0,1.0,1.0,1.0,1.0,1.0,2.0,2.0,3.0,3.0,3.0,3.0,3.0,3.0,3.0,3.0,3.0,3.0,3.0,3.0,3.0,3.0,3.0,3.0,3.0,3.0,3.0,3.0,3.0,3.0,3.0,榆林,Yulin,958.3240239980091,801.9152804221226,989.6512970955766,800.9185369723538,912.5174989486227,陕西省
,,,,,3.0,,,,,,,,,,,,,,,,,,,,,,,,,,,,,,,,,歙县,Shexian,403.9403083252377,488.51697521940804,349.4436965297386,525.3614645964253,599.4234393812831,安徽省
495.0,572.0,618.0,698.0,1590.0,1905.0,2261.0,2639.0,3215.0,4109.0,5142.0,6384.0,8351.0,10117.0,11618.0,13603.0,14982.0,16902.0,18454.0,19558.0,32994.0,35991.0,37914.0,39462.0,41152.0,42752.0,44412.0,45027.0,45346.0,45660.0,46201.0,46607.0,47071.0,47441.0,47824.0,48137.0,48557.0,49122.0,武汉,Wuhan,0.0,159.83289681782037,54.49683381572735,159.7418746402554,199.76855351313824,湖北省
,,,,,,1.0,3.0,,4.0,4.0,9.0,11.0,13.0,17.0,21.0,21.0,21.0,21.0,22.0,22.0,23.0,23.0,23.0,23.0,23.0,23.0,23.0,23.0,23.0,23.0,,23.0,,23.0,,,,毕节,Bijie,947.989201560647,977.7149204429942,996.0205892904007,922.952558660355,755.9958272656752,贵州省
,,,,,,,4.0,7.0,8.0,8.0,,,,,,,,,,,,,,,,,,,,,,,,,,,,永城,Yongcheng,426.0329463352996,321.1032753177784,413.0705150977933,372.9849212157597,558.2137177636063,河南省
4.0,4.0,4.0,4.0,7.0,11.0,14.0,16.0,18.0,22.0,26.0,26.0,30.0,32.0,38.0,40.0,40.0,41.0,42.0,43.0,43.0,43.0,43.0,43.0,43.0,43.0,43.0,43.0,43.0,43.0,43.0,43.0,43.0,43.0,44.0,44.0,44.0,44.0,永州,Yongzhou,544.1050453609896,669.5867067372329,565.3126975222194,632.7301607854682,459.70763150548777,湖南省
,,1.0,3.0,4.0,6.0,6.0,11.0,13.0,15.0,15.0,16.0,19.0,20.0,21.0,21.0,21.0,21.0,21.0,21.0,21.0,21.0,21.0,25.0,25.0,25.0,26.0,26.0,26.0,26.0,26.0,26.0,26.0,26.0,26.0,26.0,26.0,26.0,汉中,Hanzhong,657.5014373062378,566.1348187530957,709.5658671968963,524.189110635136,500.7109444115388,陕西省
,1.0,2.0,2.0,5.0,8.0,12.0,12.0,14.0,15.0,18.0,18.0,20.0,21.0,22.0,25.0,25.0,25.0,25.0,25.0,25.0,25.0,25.0,25.0,25.0,25.0,25.0,25.0,25.0,25.0,25.0,25.0,25.0,25.0,25.0,25.0,25.0,25.0,汕头,Shantou,824.539515582552,984.1204076003057,801.7608957988346,978.8733383227682,886.9653066906036,广东省
,,,1.0,1.0,1.0,1.0,3.0,4.0,4.0,5.0,5.0,5.0,5.0,5.0,5.0,5.0,5.0,5.0,5.0,5.0,5.0,5.0,5.0,5.0,5.0,5.0,5.0,5.0,5.0,5.0,5.0,5.0,5.0,5.0,5.0,5.0,5.0,汕尾,Shanwei,864.2116635489349,1023.1988471905281,850.329138773281,1009.9477336548281,893.0660821106928,广东省
,,,,,1.0,1.0,2.0,3.0,3.0,4.0,6.0,7.0,9.0,14.0,15.0,19.0,20.0,20.0,21.0,22.0,22.0,22.0,23.0,23.0,23.0,23.0,23.0,23.0,23.0,23.0,23.0,23.0,23.0,23.0,23.0,23.0,23.0,江门,Jiangmen,885.190888989206,1035.0473397096457,886.0494361246493,1009.7131357861031,859.5044104907976,广东省
1.0,1.0,1.0,1.0,1.0,1.0,2.0,4.0,4.0,6.0,6.0,10.0,11.0,11.0,11.0,11.0,12.0,15.0,15.0,16.0,16.0,17.0,17.0,17.0,17.0,17.0,17.0,17.0,17.0,17.0,17.0,17.0,17.0,17.0,17.0,17.0,17.0,17.0,池州,Chizhou,305.8083814443863,368.74973933569936,252.99055504818168,409.3613658358201,505.52208256059026,安徽省
2.0,5.0,6.0,7.0,8.0,9.0,9.0,10.0,13.0,17.0,18.0,18.0,23.0,23.0,25.0,26.0,26.0,26.0,27.0,28.0,28.0,28.0,28.0,28.0,28.0,28.0,28.0,28.0,28.0,28.0,28.0,28.0,28.0,28.0,28.0,,28.0,28.0,沈阳,Shenyang,1492.1885717975142,1382.0234858789013,1473.2645230302583,1429.3350358110351,1617.4364813244506,辽宁省
1.0,2.0,2.0,2.0,5.0,8.0,12.0,18.0,19.0,19.0,19.0,20.0,20.0,21.0,23.0,28.0,28.0,28.0,32.0,37.0,42.0,45.0,46.0,47.0,47.0,48.0,48.0,48.0,48.0,48.0,48.0,48.0,48.0,48.0,48.0,48.0,48.0,48.0,沧州,Cangzhou,896.6887415075076,759.1962202352389,893.5366050579551,798.1212929447289,982.1257785110912,河北省
1.0,3.0,3.0,3.0,3.0,3.0,5.0,6.0,6.0,6.0,6.0,8.0,9.0,11.0,11.0,15.0,19.0,21.0,21.0,21.0,21.0,21.0,22.0,22.0,22.0,22.0,23.0,23.0,24.0,25.0,25.0,27.0,28.0,28.0,28.0,28.0,28.0,28.0,河池,Hechi,892.135581600024,984.162934235199,925.2107208215496,936.4344705881631,748.3379230608997,广西壮族自治区
,,,,1.0,1.0,1.0,1.0,1.0,1.0,1.0,1.0,1.0,1.0,3.0,3.0,3.0,3.0,3.0,3.0,3.0,3.0,3.0,3.0,4.0,4.0,4.0,4.0,4.0,4.0,4.0,4.0,4.0,4.0,4.0,4.0,4.0,4.0,河源,Heyuan,753.2663888510565,910.7520475155914,743.7439284475671,894.3991484960079,770.4861770588985,广东省
1.0,3.0,5.0,10.0,13.0,13.0,18.0,22.0,24.0,29.0,31.0,35.0,55.0,39.0,40.0,40.0,42.0,42.0,43.0,43.0,44.0,44.0,46.0,46.0,46.0,46.0,46.0,46.0,46.0,46.0,46.0,46.0,47.0,47.0,47.0,47.0,47.0,47.0,泉州,Quanzhou,748.8333549450601,899.4194501695821,711.7314180803211,908.5169986140222,865.5095444075753,福建省
,,,,1.0,3.0,3.0,4.0,6.0,9.0,12.0,12.0,14.0,18.0,20.0,20.0,24.0,31.0,32.0,32.0,32.0,32.0,32.0,32.0,32.0,32.0,32.0,33.0,34.0,35.0,35.0,35.0,35.0,35.0,35.0,35.0,35.0,35.0,泰安,Taian,680.3290227757924,558.1886340941471,670.4473391115375,604.172483184725,792.2196639260118,山东省
,,1.0,2.0,4.0,8.0,9.0,12.0,17.0,17.0,21.0,23.0,26.0,28.0,29.0,30.0,30.0,31.0,34.0,36.0,37.0,37.0,37.0,37.0,37.0,37.0,37.0,37.0,37.0,37.0,37.0,37.0,37.0,37.0,37.0,37.0,37.0,37.0,泰州,Taizhou,574.0987243608907,568.1993376820769,529.2399073678449,621.284065198044,766.2806213706906,江苏省
,1.0,2.0,3.0,4.0,5.0,5.0,5.0,5.0,6.0,7.0,9.0,10.0,12.0,13.0,13.0,16.0,17.0,18.0,19.0,19.0,19.0,19.0,19.0,19.0,19.0,20.0,24.0,24.0,24.0,24.0,24.0,24.0,24.0,24.0,24.0,24.0,24.0,泸州,Luzhou,881.0986053113564,883.6612699900386,932.8902146035916,828.7854895893446,681.9580014290347,四川省
1.0,1.0,1.0,2.0,2.0,2.0,2.0,3.0,5.0,7.0,7.0,12.0,17.0,21.0,24.0,25.0,25.0,27.0,28.0,29.0,30.0,30.0,31.0,31.0,31.0,31.0,31.0,31.0,31.0,31.0,31.0,31.0,31.0,31.0,31.0,31.0,31.0,31.0,洛阳,Luoyang,495.63880850586077,337.34040821015526,524.590724504189,342.1370800281844,484.6860255215109,河南省
2.0,3.0,5.0,7.0,10.0,11.0,14.0,16.0,18.0,19.0,22.0,25.0,29.0,34.0,41.0,42.0,43.0,44.0,46.0,47.0,47.0,47.0,47.0,47.0,47.0,47.0,47.0,47.0,47.0,47.0,47.0,47.0,47.0,47.0,47.0,47.0,47.0,47.0,济南,Jinan,724.2207704377764,596.7651251932978,716.5620028445614,640.7398612569814,828.2478162833087,山东省
1.0,2.0,5.0,5.0,5.0,5.0,8.0,8.0,11.0,14.0,18.0,21.0,25.0,32.0,35.0,38.0,39.0,39.0,41.0,42.0,43.0,46.0,49.0,51.0,52.0,52.0,52.0,52.0,253.0,253.0,257.0,257.0,258.0,258.0,258.0,258.0,258.0,260.0,济宁,Jining,579.5697781856027,457.2036981023468,570.9685516167764,503.8010995331716,691.9024773303046,山东省
,,,,,,,,,,2.0,2.0,2.0,3.0,4.0,4.0,4.0,4.0,4.0,4.0,4.0,4.0,4.0,4.0,5.0,5.0,5.0,5.0,5.0,5.0,5.0,5.0,5.0,5.0,5.0,5.0,5.0,5.0,济源,Jiyuan,531.2912687172724,371.93530073863053,557.8366651284657,380.42168837031784,527.382438518154,河南省
,,,,,,,,,,1.0,3.0,3.0,3.0,,,,,3.0,3.0,3.0,,3.0,,,3.0,3.0,,3.0,,3.0,,,,,,,,海北,Haibei,1432.8754638257465,1320.0609413535603,1482.7280894323487,1287.3235195258233,1283.505174197048,青海省
3.0,3.0,3.0,6.0,7.0,9.0,9.0,9.0,11.0,11.0,13.0,14.0,16.0,16.0,21.0,23.0,23.0,28.0,29.0,29.0,29.0,31.0,33.0,33.0,34.0,34.0,34.0,39.0,39.0,39.0,39.0,39.0,39.0,39.0,39.0,39.0,39.0,39.0,海口,Haikou,1229.3650057212242,1365.4632980145211,1240.5181649636406,1330.8724339697524,1158.1407506659584,海南省
,,1.0,2.0,2.0,4.0,8.0,9.0,10.0,12.0,12.0,12.0,14.0,14.0,15.0,15.0,16.0,17.0,20.0,21.0,23.0,28.0,29.0,29.0,29.0,29.0,29.0,29.0,30.0,30.0,30.0,30.0,30.0,30.0,30.0,30.0,30.0,30.0,淄博,Zibo,775.9975909720271,659.9228971442849,762.4832479365303,707.1740127142921,895.2675683026216,山东省
,,1.0,1.0,2.0,2.0,2.0,2.0,6.0,6.0,8.0,11.0,14.0,17.0,22.0,22.0,23.0,23.0,24.0,24.0,25.0,25.0,26.0,26.0,27.0,27.0,27.0,27.0,27.0,27.0,27.0,27.0,27.0,27.0,27.0,27.0,27.0,27.0,淮北,Huaibei,447.29407162849026,350.98797872558106,430.45894306546217,403.8599422797459,587.374078994189,安徽省
,,1.0,2.0,2.0,2.0,6.0,6.0,6.0,6.0,7.0,8.0,12.0,12.0,14.0,21.0,22.0,23.0,24.0,24.0,24.0,23.0,23.0,24.0,25.0,27.0,27.0,27.0,27.0,27.0,27.0,27.0,27.0,27.0,27.0,27.0,27.0,27.0,淮南,Huainan,344.1577799979574,299.4622610501923,313.9607194396641,354.01567291415034,516.6801807738466,安徽省
,,1.0,2.0,2.0,3.0,7.0,10.0,12.0,13.0,18.0,22.0,26.0,34.0,37.0,40.0,44.0,46.0,46.0,47.0,51.0,56.0,60.0,63.0,65.0,66.0,66.0,66.0,66.0,66.0,66.0,66.0,66.0,66.0,66.0,66.0,66.0,66.0,淮安,Huaian,564.0711027890596,521.5222015414736,527.9183394178705,576.4731287791501,741.5249424992256,江苏省
15.0,20.0,31.0,36.0,57.0,80.0,98.0,134.0,170.0,207.0,245.0,271.0,291.0,316.0,339.0,354.0,366.0,369.0,375.0,386.0,391.0,400.0,406.0,414.0,415.0,416.0,416.0,416.0,416.0,417.0,417.0,417.0,417.0,417.0,417.0,417.0,417.0,417.0,深圳,Shenzhen,875.6287243987058,1030.6469755151059,870.085127030614,1010.4236337918131,873.7023336337857,广东省
1.0,2.0,3.0,3.0,6.0,6.0,6.0,6.0,6.0,6.0,7.0,8.0,10.0,10.0,10.0,10.0,10.0,10.0,10.0,12.0,12.0,12.0,12.0,12.0,12.0,12.0,12.0,12.0,12.0,12.0,12.0,12.0,12.0,12.0,12.0,12.0,12.0,12.0,清远,Qingyuan,766.5895821486583,915.2126246167159,769.2346574790627,889.2496402424152,738.8560664611078,广东省
6.0,10.0,18.0,32.0,60.0,114.0,172.0,227.0,241.0,265.0,291.0,340.0,364.0,396.0,421.0,438.0,448.0,464.0,474.0,481.0,490.0,496.0,499.0,502.0,503.0,504.0,504.0,504.0,504.0,504.0,504.0,504.0,504.0,504.0,504.0,504.0,504.0,504.0,温州,Wenzhou,675.9200852982112,781.42339321076,623.0585610287067,813.5695451781843,857.2106175717996,浙江省
,,,1.0,3.0,3.0,4.0,5.0,5.0,5.0,6.0,6.0,9.0,9.0,9.0,9.0,13.0,14.0,14.0,14.0,14.0,14.0,15.0,15.0,15.0,15.0,15.0,15.0,15.0,15.0,15.0,15.0,15.0,15.0,15.0,15.0,15.0,15.0,渭南,Weinan,633.0777093870845,502.06249611084587,677.651176030974,477.06245121880676,531.0976124278684,陕西省
,,1.0,3.0,3.0,5.0,5.0,6.0,6.0,6.0,9.0,9.0,9.0,9.0,9.0,10.0,10.0,10.0,10.0,10.0,10.0,10.0,10.0,10.0,10.0,10.0,10.0,10.0,10.0,10.0,10.0,10.0,10.0,10.0,10.0,10.0,10.0,10.0,湖州,Huzhou,555.9664612337048,600.2742564316112,503.41271311204366,646.8263092263643,755.7348610597229,浙江省
1.0,2.0,3.0,4.0,6.0,8.0,9.0,10.0,13.0,16.0,19.0,21.0,23.0,24.0,25.0,28.0,28.0,31.0,32.0,32.0,32.0,34.0,35.0,35.0,35.0,35.0,35.0,35.0,35.0,36.0,36.0,36.0,36.0,36.0,36.0,36.0,36.0,36.0,湘潭,Xiangtan,323.73730075809897,459.21026528260677,342.77404959949297,428.93736656991837,280.5870165789714,湖南省
,,3.0,3.0,3.0,3.0,4.0,5.0,6.0,6.0,6.0,6.0,7.0,7.0,8.0,8.0,8.0,8.0,8.0,8.0,8.0,8.0,8.0,8.0,8.0,8.0,8.0,8.0,8.0,8.0,8.0,8.0,8.0,8.0,8.0,8.0,8.0,8.0,湘西自治州,Xiangxizizhizhou,505.65895405596586,566.0136076450751,550.1871917360712,514.6213212658794,329.5982702775631,湖南省
2.0,2.0,4.0,5.0,7.0,9.0,11.0,11.0,13.0,14.0,14.0,18.0,18.0,19.0,20.0,20.0,21.0,21.0,21.0,21.0,21.0,22.0,22.0,22.0,22.0,22.0,22.0,22.0,22.0,22.0,22.0,22.0,22.0,22.0,22.0,22.0,22.0,22.0,湛江,Zhanjiang,1099.4223724965734,1232.785369460021,1112.6959076367905,1197.1295434019414,1022.8056369590332,广东省
1.0,2.0,2.0,2.0,4.0,4.0,4.0,4.0,6.0,6.0,8.0,11.0,11.0,11.0,11.0,11.0,11.0,12.0,12.0,12.0,13.0,13.0,13.0,13.0,13.0,13.0,13.0,13.0,13.0,13.0,13.0,13.0,13.0,13.0,13.0,13.0,13.0,13.0,滁州,Chuzhou,429.9665878015955,417.65589486062646,388.5216147982221,470.6659336439443,618.4003251812693,安徽省
,,,,,,1.0,1.0,1.0,1.0,1.0,,,,,,,,,,,,,,,,,,,,,,,,,,,,滑县,Huaxian,560.4159338453027,408.7739718749839,569.8798117276427,440.1615164011806,618.618053524288,河南省
1.0,1.0,1.0,1.0,,,,,,,,,,,,,,,,,,,,,,,,,,,,,,,,,,,满洲里,Manzhouli,2132.986202459284,1983.472869706735,2136.467476205896,2012.7292828995342,2181.9821470898546,内蒙古自治区
,1.0,3.0,3.0,4.0,7.0,9.0,9.0,9.0,10.0,11.0,11.0,11.0,11.0,11.0,11.0,11.0,11.0,11.0,12.0,12.0,14.0,14.0,14.0,15.0,15.0,15.0,15.0,15.0,15.0,15.0,15.0,15.0,15.0,15.0,15.0,15.0,15.0,滨州,Binzhou,832.8053915709116,711.7606105810295,821.1847878786153,757.3738077416036,945.3252976033673,山东省
,,3.0,4.5,9.0,9.0,11.0,13.0,14.0,16.0,20.0,23.0,24.0,26.0,26.0,29.0,30.0,30.0,31.0,33.0,33.0,33.0,34.0,34.0,34.0,34.0,34.0,35.0,35.0,35.0,35.0,35.0,35.0,35.0,35.0,35.0,35.0,35.0,漯河,Tahe,338.2088242043319,182.16772845954185,355.1633366050331,212.9489736755093,395.37509038435536,河南省
0.0,3.0,4.0,5.0,6.0,7.0,7.0,8.0,11.0,12.0,13.0,13.0,15.0,16.0,16.0,16.0,16.0,16.0,17.0,19.0,19.0,19.0,20.0,20.0,20.0,20.0,20.0,20.0,20.0,20.0,20.0,20.0,20.0,20.0,20.0,20.0,20.0,20.0,漳州,Zhangzhou,729.4548002512578,886.7241847774802,700.2265708592051,887.7574620782804,818.2529956536877,福建省
1.0,1.0,2.0,3.0,3.0,5.0,7.0,8.0,9.0,11.0,13.0,14.0,16.0,21.0,27.0,31.0,36.0,37.0,38.0,38.0,41.0,41.0,42.0,43.0,44.0,44.0,44.0,44.0,44.0,44.0,44.0,44.0,44.0,44.0,44.0,44.0,44.0,44.0,潍坊,Weifang,809.3747912021895,707.0358912044303,789.8514862916603,757.2432289791548,944.2232341195146,山东省
,,,5.0,7.0,8.0,10.0,12.0,27.0,35.0,35.0,44.0,54.0,64.0,74.0,80.0,82.0,85.0,90.0,90.0,94.0,104.0,116.0,166.0,182.0,185.0,185.0,185.0,188.0,189.0,191.0,194.0,195.0,196.0,197.0,198.0,198.0,198.0,潜江,Qianjiang,149.35174962001048,205.93990430392668,202.22190485655702,163.18439145539833,50.67913261419916,湖北省
,,,,,,,,3.0,4.0,4.0,4.0,5.0,5.0,5.0,5.0,5.0,5.0,5.0,5.0,5.0,5.0,5.0,5.0,5.0,5.0,5.0,5.0,5.0,5.0,5.0,5.0,5.0,5.0,5.0,5.0,5.0,5.0,潮州,Chaozhou,791.9899666776636,951.5401302132789,769.0813275414012,946.5031955570288,855.9488903615227,广东省
,,1.0,2.0,2.0,2.0,2.0,2.0,2.0,2.0,2.0,3.0,4.0,4.0,7.0,7.0,7.0,7.0,8.0,8.0,8.0,8.0,9.0,9.0,9.0,9.0,9.0,9.0,9.0,9.0,9.0,9.0,9.0,9.0,9.0,9.0,9.0,9.0,澄迈,Chengmai,1269.3955930627387,1403.766485530152,1281.5872816961996,1368.289454298178,1193.8224148266788,海南省
,,2.0,,,,,,,,,,,,,,,,,,,,,,,,,,,,,,,,,,,,澳门,Aomen,934.6827574417473,1086.30517293759,933.4147562779276,1062.3829966766516,915.2491291046039,澳门
,,,,,1.0,1.0,3.0,3.0,3.0,3.0,4.0,4.0,5.0,5.0,7.0,9.0,10.0,11.0,13.0,13.0,13.0,17.0,17.0,17.0,17.0,17.0,17.0,17.0,17.0,17.0,17.0,17.0,17.0,17.0,17.0,17.0,17.0,濮阳,Puyang,578.9878171071134,431.8888933155731,584.5653271474904,466.971280006174,648.8499931771065,河南省
2.0,2.0,2.0,8.0,10.0,12.0,13.0,18.0,20.0,20.0,26.0,26.0,27.0,30.0,34.0,35.0,37.0,39.0,41.0,43.0,46.0,46.0,46.0,46.0,47.0,47.0,47.0,47.0,47.0,47.0,47.0,47.0,47.0,47.0,47.0,47.0,47.0,47.0,烟台,Yantai,1014.4401298900493,924.2536419338023,989.2039550902444,976.0105818332094,1161.2101569327058,山东省
,,,,2.0,2.0,2.0,2.0,2.0,7.0,8.0,12.0,15.0,17.0,18.0,20.0,24.0,25.0,28.0,28.0,29.0,29.0,30.0,30.0,32.0,32.0,32.0,32.0,32.0,32.0,32.0,32.0,32.0,32.0,32.0,32.0,32.0,32.0,焦作,Jiaozuo,533.4726838172948,373.92425574882094,554.5220712796228,390.96868409927697,551.7309466736369,河南省
1.0,1.0,1.0,1.0,1.0,1.0,1.0,2.0,6.0,7.0,8.0,8.0,9.0,10.0,11.0,13.0,12.0,12.0,12.0,12.0,12.0,12.0,12.0,12.0,12.0,13.0,13.0,14.0,14.0,14.0,14.0,14.0,14.0,14.0,14.0,14.0,14.0,14.0,牡丹江,Mudanjiang,2057.389486173353,1958.4134473136496,2033.111270342335,2007.7907345931021,2195.3769509135027,黑龙江省
,1.0,1.0,2.0,2.0,2.0,2.0,4.0,5.0,7.0,8.0,8.0,8.0,8.0,8.0,9.0,9.0,9.0,9.0,9.0,9.0,9.0,10.0,10.0,10.0,10.0,11.0,11.0,11.0,11.0,11.0,11.0,11.0,11.0,11.0,11.0,11.0,11.0,玉林,Yulin,966.6255110652224,1093.7036225276352,984.0937109728795,1055.691485434128,877.6305332870224,广西壮族自治区
,1.0,1.0,1.0,5.0,5.0,6.0,6.0,7.0,11.0,12.0,12.0,12.0,13.0,13.0,14.0,14.0,14.0,14.0,14.0,14.0,14.0,14.0,14.0,14.0,14.0,14.0,14.0,14.0,14.0,14.0,14.0,14.0,14.0,14.0,14.0,14.0,14.0,玉溪,Yuxi,1350.133554787656,1396.969181079034,1394.1537244827728,1342.8508389660033,1167.4571550124408,云南省
8.0,10.0,12.0,12.0,12.0,18.0,26.0,34.0,38.0,47.0,55.0,64.0,72.0,73.0,76.0,83.0,83.0,85.0,86.0,87.0,89.0,91.0,95.0,96.0,97.0,98.0,98.0,98.0,98.0,98.0,98.0,98.0,98.0,98.0,98.0,98.0,98.0,98.0,珠海,Zhuhai,914.1327059195114,1066.659680115257,911.8492611319898,1043.6400639801307,899.0404769248055,广东省
,,,,1.0,1.0,1.0,1.0,1.0,1.0,1.0,1.0,1.0,1.0,1.0,1.0,1.0,1.0,1.0,1.0,1.0,1.0,1.0,1.0,1.0,1.0,1.0,1.0,1.0,1.0,1.0,1.0,1.0,1.0,1.0,1.0,1.0,1.0,琼中,Qiongzhong,1348.486403395468,1483.2199314023514,1360.276977937525,1447.8035071615982,1273.2676065570809,海南省
,,,,1.0,1.0,3.0,4.0,5.0,6.0,6.0,6.0,6.0,6.0,6.0,6.0,6.0,6.0,6.0,6.0,6.0,6.0,6.0,6.0,6.0,6.0,6.0,6.0,6.0,6.0,6.0,6.0,6.0,6.0,6.0,6.0,6.0,6.0,琼海,Qionghai,1307.3133954242426,1445.513841575561,1316.8581072134812,1411.8701141584402,1240.7264915684968,海南省
,,,,,,,,1.0,1.0,1.0,1.0,1.0,2.0,3.0,6.0,6.0,6.0,6.0,6.0,8.0,,8.0,8.0,8.0,8.0,8.0,8.0,8.0,,8.0,8.0,,8.0,,8.0,,8.0,甘南,Gannan,2082.1601031768982,1950.2976110305779,2073.108099386843,1990.0146927122407,2173.697253663134,甘肃省
,,2.0,2.0,3.0,3.0,5.0,5.0,5.0,5.0,6.0,8.0,10.0,12.0,17.0,17.0,17.0,23.0,27.0,36.0,37.0,43.0,44.0,50.0,57.0,62.0,65.0,67.0,68.0,69.0,69.0,69.0,69.0,71.0,74.0,78.0,78.0,78.0,甘孜,Ganzi,1373.9598917981689,1320.7702591523353,1428.4557414462627,1271.6600834739597,1181.413930974553,四川省
,,,,,,,,,,,,,,,1.0,1.0,1.0,1.0,1.0,1.0,1.0,1.0,1.0,1.0,1.0,1.0,1.0,1.0,1.0,1.0,1.0,1.0,1.0,1.0,1.0,1.0,1.0,白城,Baicheng,1833.285475176211,1704.9980045395935,1822.5032340873881,1746.3565635138607,1931.6513942468378,吉林省
1.0,1.0,1.0,1.0,1.0,1.0,1.0,1.0,1.0,1.0,1.0,1.0,1.0,2.0,4.0,4.0,4.0,4.0,4.0,4.0,4.0,,4.0,4.0,4.0,4.0,4.0,4.0,4.0,,4.0,4.0,,4.0,,4.0,,4.0,白银,Baiyin,1148.4722675375374,1027.8540139756337,1196.5388918502206,998.2743425565849,1012.5981951203921,甘肃省
1.0,1.0,2.0,2.0,2.0,2.0,2.0,2.0,2.0,2.0,2.0,2.0,2.0,2.0,3.0,3.0,3.0,3.0,3.0,3.0,3.0,3.0,3.0,3.0,3.0,3.0,3.0,3.0,3.0,3.0,3.0,3.0,3.0,3.0,3.0,3.0,3.0,3.0,百色,Baise,1056.1667478658567,1140.7111117675256,1091.0798008610197,1091.2551343165396,903.6161956281423,广西壮族自治区
,4.0,4.0,7.0,10.0,14.0,17.0,20.0,24.0,27.0,30.0,35.0,40.0,41.0,43.0,44.0,46.0,53.0,54.0,58.0,59.0,59.0,59.0,59.0,59.0,59.0,59.0,59.0,59.0,59.0,59.0,59.0,59.0,59.0,59.0,59.0,60.0,60.0,益阳,Yiyang,286.5374804484684,398.19949307034886,319.72109480133685,360.10298912388083,192.23662227250475,湖南省
,1.0,1.0,1.0,1.0,6.0,6.0,8.0,13.0,15.0,15.0,15.0,15.0,16.0,16.0,17.0,17.0,18.0,18.0,21.0,25.0,26.0,27.0,27.0,27.0,27.0,27.0,27.0,27.0,27.0,27.0,27.0,27.0,27.0,27.0,27.0,27.0,27.0,盐城,Yancheng,634.9314692400071,605.4938019403066,594.6736244286082,660.1592703660673,819.1264933367833,江苏省
,,,,,,,,,,,,,,,,,,,,,,,,,,,,220.0,221.0,253.0,253.0,,,,,,,监狱系统,Jianyuxitong,197.0765735276346,162.70420191641432,250.28791041573115,107.96628625658644,98.53112178869002,湖北省
,,1.0,2.0,2.0,2.0,3.0,4.0,7.0,7.0,8.0,8.0,8.0,11.0,11.0,11.0,11.0,11.0,11.0,11.0,11.0,11.0,11.0,11.0,11.0,11.0,11.0,11.0,11.0,11.0,11.0,11.0,11.0,11.0,11.0,,11.0,11.0,盘锦,Panjin,1370.0440515733892,1256.2529603377438,1352.9702627223137,1302.7721855706748,1490.8273163429074,辽宁省
,,,,,,,,,,,,,,,,,,,,,,,,,,,,34.0,36.0,36.0,36.0,36.0,36.0,36.0,36.0,36.0,36.0,省十里丰监狱,Shengshilifengjianyu,480.7335925591245,585.0271706830218,427.3544134738849,616.7469805029127,666.4714355167231,浙江省
,,1.0,1.0,1.0,1.0,2.0,2.0,2.0,2.0,3.0,5.0,5.0,5.0,5.0,6.0,7.0,7.0,7.0,8.0,8.0,8.0,8.0,8.0,8.0,8.0,8.0,8.0,8.0,8.0,8.0,8.0,8.0,8.0,8.0,8.0,8.0,8.0,眉山,Meishan,1008.039694771572,983.1141306862601,1061.8325977828479,929.9380238515682,809.2970171400564,四川省
,,,,,,,,,,,1.0,,1.0,1.0,1.0,1.0,1.0,1.0,1.0,1.0,1.0,1.0,,1.0,1.0,1.0,1.0,1.0,,1.0,1.0,1.0,1.0,1.0,,1.0,,石嘴山,Shizuishan,1190.0650868729927,1043.0934964464852,1228.878464635427,1030.411031366908,1104.17371247083,宁夏回族自治区
1.0,4.0,5.0,7.0,9.0,10.0,11.0,11.0,12.0,13.0,16.0,21.0,21.0,24.0,24.0,24.0,24.0,25.0,27.0,27.0,27.0,27.0,27.0,28.0,28.0,28.0,28.0,28.0,28.0,29.0,29.0,29.0,29.0,29.0,29.0,29.0,29.0,29.0,石家庄,Shijiazhuang,833.2155365731741,679.8371623183659,842.7014686734892,707.4361950985349,878.3328783350855,河北省
,,,,,,,1.0,,,,,,1.0,1.0,,,,,,,,,,,,,,,,,,,,,,,,石河子,Shihezi,2916.7914741714712,2790.378386479175,2963.98166704484,2764.394187013711,2778.68674618528,新疆维吾尔自治区
5.0,6.0,13.0,18.0,24.0,24.0,30.0,32.0,39.0,44.0,47.0,53.0,55.0,56.0,57.0,59.0,62.0,63.0,63.0,64.0,64.0,66.0,66.0,68.0,69.0,71.0,71.0,71.0,71.0,71.0,71.0,71.0,71.0,71.0,72.0,72.0,72.0,72.0,福州,Fuzhou,693.8565176206008,833.2466616656588,649.8010218884687,850.4932936454634,837.6799670473875,福建省
,,,,,,,,1.0,1.0,2.0,2.0,4.0,3.0,5.0,7.0,7.0,7.0,9.0,9.0,9.0,9.0,10.0,10.0,10.0,10.0,10.0,10.0,10.0,10.0,10.0,10.0,10.0,10.0,10.0,10.0,10.0,10.0,秦皇岛,Qinhuangdao,1149.9879984959684,1026.4299401799478,1138.1287698900007,1070.3692908436747,1257.6361861158744,河北省
,1.0,1.0,2.0,2.0,2.0,4.0,4.0,5.0,5.0,5.0,5.0,5.0,5.0,5.0,5.0,5.0,6.0,6.0,7.0,7.0,8.0,8.0,8.0,8.0,8.0,8.0,8.0,9.0,9.0,9.0,9.0,9.0,9.0,9.0,9.0,9.0,9.0,红河,Honghe,1421.7022855426185,1477.3169138842186,1463.6600054966905,1423.8210057631823,1244.6100412182386,云南省
1.0,4.0,5.0,6.0,7.0,19.0,19.0,23.0,24.0,27.0,30.0,30.0,30.0,33.0,34.0,36.0,38.0,41.0,41.0,41.0,41.0,42.0,42.0,42.0,42.0,42.0,42.0,42.0,42.0,42.0,42.0,42.0,42.0,42.0,42.0,42.0,42.0,42.0,绍兴,Shaoxing,605.9180571009792,671.3604071160722,551.6925050476535,714.0560242699308,803.7448007556402,浙江省
1.0,1.0,2.0,3.0,8.0,8.0,10.0,12.0,13.0,14.0,16.0,22.0,24.0,29.0,39.0,44.0,35.0,37.0,39.0,43.0,45.0,45.0,46.0,46.0,46.0,46.0,47.0,47.0,47.0,47.0,47.0,47.0,47.0,47.0,47.0,47.0,47.0,47.0,绥化,Suihua,2096.559713953398,1979.7893989147947,2079.7149185551525,2024.8604790890984,2212.476771921678,黑龙江省
2.0,2.0,5.0,7.0,8.0,8.0,9.0,11.0,12.0,14.0,17.0,17.0,17.0,18.0,19.0,20.0,20.0,21.0,21.0,22.0,22.0,22.0,22.0,22.0,22.0,22.0,22.0,22.0,22.0,22.0,22.0,22.0,22.0,22.0,22.0,22.0,22.0,22.0,绵阳,Mianyang,920.7973136931913,871.364381205205,975.294009792256,821.0508118104154,729.1378235635274,四川省
,1.0,1.0,1.0,3.0,4.0,5.0,7.0,8.0,9.0,10.0,10.0,12.0,15.0,20.0,27.0,33.0,34.0,37.0,38.0,38.0,38.0,38.0,38.0,38.0,38.0,38.0,38.0,38.0,38.0,38.0,38.0,38.0,38.0,38.0,38.0,38.0,38.0,聊城,Liaocheng,675.5322698168325,537.1372138279812,674.3705871830931,576.730382827464,761.832404365947,山东省
1.0,2.0,4.0,4.0,4.0,5.0,5.0,6.0,6.0,7.0,10.0,10.0,13.0,14.0,14.0,14.0,14.0,15.0,15.0,16.0,16.0,17.0,17.0,17.0,17.0,18.0,18.0,18.0,18.0,19.0,19.0,19.0,19.0,19.0,19.0,19.0,19.0,19.0,肇庆,Zhaoqing,848.2655861994507,993.5458787506177,853.6673242978595,964.9609320409162,807.1483499719847,广东省
,,,,,,,1.0,,,,,,1.0,1.0,,,,,,,,,,,,,,,,,,,,,,,,胡杨河,Huyanghe,3017.1487618220076,2890.21560240426,3064.2089119626594,2864.512099328917,2879.5927057267386,新疆维吾尔自治区
,1.0,1.0,2.0,7.0,7.0,7.0,9.0,9.0,9.0,9.0,9.0,9.0,9.0,9.0,9.0,9.0,9.0,9.0,9.0,9.0,9.0,9.0,9.0,9.0,9.0,9.0,9.0,9.0,9.0,9.0,9.0,9.0,9.0,9.0,9.0,9.0,9.0,自贡,Zigong,929.1078827496029,920.0975343412654,981.899128278094,865.6976340740016,729.3398113444364,四川省
1.0,2.0,2.0,4.0,4.0,6.0,6.0,7.0,7.0,7.0,7.0,7.0,7.0,7.0,7.0,7.0,7.0,7.0,10.0,10.0,10.0,10.0,10.0,10.0,10.0,10.0,10.0,10.0,10.0,10.0,10.0,10.0,10.0,10.0,10.0,10.0,10.0,10.0,舟山,Zhoushan,757.9929152339857,815.9663647965923,703.953143319727,860.7663077533131,956.4014995582313,浙江省
,1.0,3.0,6.0,9.0,11.0,14.0,14.0,15.0,16.0,16.0,21.0,23.0,26.0,27.0,29.0,29.0,30.0,31.0,31.0,31.0,31.0,31.0,31.0,31.0,33.0,33.0,33.0,33.0,33.0,33.0,33.0,33.0,33.0,33.0,34.0,34.0,34.0,芜湖,Wuhu,399.2097471850715,429.07721812628955,349.8057106897443,476.8515440150229,597.4802601442647,安徽省
2.0,3.0,7.0,8.0,12.0,20.0,24.0,32.0,34.0,38.0,44.0,52.0,55.0,60.0,69.0,72.0,75.0,77.0,80.0,84.0,85.0,85.0,86.0,86.0,86.0,87.0,87.0,87.0,87.0,87.0,87.0,87.0,87.0,87.0,87.0,87.0,87.0,87.0,苏州,Suzhou,609.5312843811396,640.0108312818608,558.3538229050138,689.0246044354245,808.8282730187041,江苏省
,,,,,3.0,3.0,3.0,3.0,3.0,4.0,5.0,6.0,6.0,6.0,8.0,10.0,10.0,11.0,13.0,13.0,13.0,13.0,13.0,14.0,14.0,14.0,14.0,14.0,14.0,14.0,14.0,14.0,14.0,14.0,14.0,14.0,14.0,茂名,Maoming,1037.5573570567706,1173.74743595004,1049.1816124922314,1139.5502916739233,968.2309165644565,广东省
8.0,10.0,33.0,47.0,71.0,101.0,151.0,221.0,287.0,333.0,499.0,613.0,713.0,801.0,885.0,941.0,997.0,1045.0,1075.0,1110.0,1431.0,1447.0,1478.0,1490.0,1501.0,1537.0,1541.0,1553.0,1560.0,1566.0,1574.0,1574.0,1576.0,1577.0,1579.0,1579.0,1579.0,1579.0,荆州,Jingzhou,212.70279877768712,241.51582865652483,266.19122244946857,190.75637223957872,15.360332055379416,湖北省
8.0,21.0,38.0,90.0,114.0,142.0,191.0,227.0,251.0,329.0,345.0,400.0,422.0,508.0,553.0,588.0,663.0,641.0,656.0,696.0,927.0,901.0,902.0,909.0,915.0,900.0,901.0,794.0,800.0,914.0,918.0,920.0,920.0,922.0,923.0,924.0,924.0,925.0,荆门,Jingmen,210.38318698443072,191.50511069662582,264.59355845980133,137.07385726007027,76.3708005832949,湖北省
,,1.0,10.0,14.0,14.0,17.0,22.0,25.0,27.0,34.0,37.0,38.0,42.0,44.0,47.0,47.0,51.0,51.0,52.0,54.0,54.0,55.0,55.0,55.0,55.0,55.0,55.0,55.0,55.0,55.0,55.0,55.0,55.0,56.0,56.0,56.0,56.0,莆田,Putian,727.692236933648,873.3514454096064,687.0376740504405,886.4715957684838,858.0026543368457,福建省
,1.0,1.0,4.0,5.0,7.0,7.0,8.0,8.0,9.0,10.0,10.0,12.0,13.0,13.0,14.0,16.0,16.0,17.0,18.0,18.0,18.0,18.0,18.0,18.0,18.0,18.0,18.0,18.0,18.0,18.0,18.0,18.0,18.0,18.0,18.0,18.0,18.0,菏泽,Heze,536.8931792732726,397.7631698166822,537.6914732263083,438.2241808016957,624.3604295041057,山东省
1.0,1.0,2.0,2.0,2.0,2.0,5.0,8.0,9.0,15.0,18.0,20.0,22.0,23.0,24.0,24.0,24.0,25.0,26.0,29.0,29.0,31.0,32.0,32.0,33.0,33.0,33.0,33.0,33.0,33.0,33.0,33.0,33.0,33.0,33.0,33.0,33.0,33.0,萍乡,Pingxiang,326.72784859047704,478.901419802569,330.08085231927396,458.7186853106173,341.01119562794156,江西省
,,2.0,1.0,1.0,1.0,1.0,1.0,1.0,1.0,1.0,1.0,1.0,1.0,1.0,1.0,1.0,1.0,1.0,1.0,1.0,1.0,1.0,1.0,1.0,1.0,1.0,1.0,1.0,1.0,1.0,1.0,1.0,1.0,1.0,,1.0,1.0,营口,Yingkou,1329.8093954821593,1219.5410361818883,1311.2983003763068,1267.0131709908042,1455.1080710529434,辽宁省
,2.0,2.0,2.0,2.0,4.0,4.0,4.0,5.0,5.0,5.0,6.0,7.0,7.0,9.0,9.0,9.0,9.0,11.0,11.0,11.0,11.0,11.0,12.0,12.0,12.0,12.0,12.0,12.0,12.0,12.0,12.0,12.0,12.0,12.0,,12.0,12.0,葫芦岛,Huludao,1279.1283891693756,1160.0963854397905,1264.6875292017955,1205.2530630409315,1392.9906890225095,辽宁省
1.0,1.0,1.0,3.0,3.0,3.0,8.0,15.0,16.0,26.0,37.0,43.0,48.0,64.0,88.0,99.0,115.0,126.0,134.0,141.0,146.0,149.0,153.0,157.0,158.0,158.0,159.0,160.0,160.0,160.0,160.0,160.0,160.0,160.0,160.0,160.0,160.0,160.0,蚌埠,Bengbu,392.22726075728144,341.4753968598784,362.013161760103,396.382228052241,562.7970938945653,安徽省
,,,,2.0,3.0,4.0,4.0,4.0,4.0,4.0,5.0,5.0,7.0,7.0,7.0,8.0,8.0,8.0,8.0,8.0,8.0,8.0,8.0,8.0,8.0,8.0,8.0,8.0,8.0,8.0,8.0,8.0,8.0,8.0,8.0,8.0,8.0,衡水,Hengshui,809.1516203205498,664.3609005436817,811.3194998675147,699.4444201692532,879.9517989498431,河北省
,3.0,3.0,4.0,7.0,17.0,20.0,25.0,26.0,30.0,32.0,35.0,39.0,43.0,43.0,43.0,45.0,45.0,45.0,45.0,45.0,46.0,47.0,47.0,48.0,48.0,48.0,48.0,48.0,48.0,48.0,48.0,48.0,48.0,48.0,48.0,48.0,48.0,衡阳,Hengyang,434.8335822861972,567.0520921636003,453.5820366107848,533.8596138674956,371.85051857324993,湖南省
2.0,2.0,3.0,5.0,5.0,8.0,10.0,12.0,13.0,13.0,14.0,15.0,15.0,15.0,15.0,15.0,15.0,15.0,21.0,21.0,21.0,21.0,21.0,21.0,21.0,21.0,21.0,21.0,14.0,14.0,14.0,14.0,14.0,14.0,14.0,14.0,14.0,14.0,衢州,Quzhou,474.2287115278689,578.540013881613,420.83501344070515,610.2158313189046,660.109980591292,浙江省
,1.0,9.0,36.0,70.0,131.0,163.0,286.0,347.0,441.0,548.0,632.0,735.0,787.0,838.0,907.0,988.0,1019.0,1063.0,1088.0,1101.0,1111.0,1128.0,1144.0,1155.0,1163.0,1165.0,1168.0,1171.0,1173.0,1173.0,1174.0,1175.0,1175.0,1175.0,1175.0,1175.0,1175.0,襄阳,Xiangyang,272.5881544430572,160.42672895084635,318.6008743219507,120.86123582152757,210.28332334598957,湖北省
1.0,1.0,1.0,1.0,6.0,10.0,10.0,12.0,12.0,12.0,13.0,13.0,15.0,15.0,15.0,15.0,15.0,15.0,15.0,15.0,15.0,15.0,15.0,15.0,15.0,15.0,15.0,15.0,15.0,15.0,15.0,15.0,15.0,15.0,15.0,15.0,15.0,15.0,西双版纳,Xishuangbanna,1643.8007035994383,1700.1002642680116,1685.2924058029105,1646.565522234194,1467.4006467096444,云南省
,1.0,,6.0,,,6.0,8.0,9.0,9.0,12.0,12.0,14.0,15.0,,,,,15.0,15.0,15.0,,15.0,,,15.0,15.0,,15.0,,15.0,,,,,,,,西宁,Xining,1344.3384564527387,1232.3767040275695,1394.2973337820374,1199.2113296173163,1194.8059966532194,青海省
2.0,5.0,8.0,12.0,15.0,18.0,22.0,32.0,39.0,47.0,55.0,60.0,70.0,74.0,80.0,88.0,96.0,98.0,104.0,110.0,114.0,114.0,114.0,114.0,117.0,117.0,118.0,120.0,120.0,120.0,120.0,120.0,120.0,120.0,120.0,120.0,120.0,120.0,西安,Xian,653.450493300766,531.2407513498322,700.4018280590111,501.390332365234,535.4218987327412,陕西省
,,,1.0,2.0,2.0,3.0,8.0,12.0,13.0,15.0,19.0,24.0,26.0,28.0,30.0,31.0,31.0,32.0,34.0,34.0,37.0,37.0,38.0,38.0,38.0,39.0,39.0,39.0,39.0,39.0,39.0,39.0,39.0,39.0,39.0,39.0,39.0,许昌,Xuchang,390.9673492867554,233.0858479041177,409.36056088404797,258.47336068851155,434.8016381471969,河南省
,,,,,,,,,4.0,5.0,5.0,5.0,7.0,7.0,7.0,7.0,8.0,8.0,8.0,8.0,8.0,8.0,8.0,8.0,8.0,8.0,8.0,8.0,8.0,8.0,8.0,8.0,8.0,8.0,8.0,8.0,8.0,贵港,Guigang,944.8534910734219,1064.9140072615435,966.1244741287538,1024.4116292589695,842.5077652034743,广西壮族自治区
1.0,1.0,1.0,1.0,1.0,1.0,1.0,4.0,,6.0,7.0,10.0,12.0,15.0,18.0,18.0,24.0,27.0,29.0,31.0,33.0,34.0,34.0,34.0,36.0,36.0,36.0,36.0,36.0,36.0,36.0,,36.0,,36.0,,,,贵阳,Guiyang,862.6806576944718,916.8737863065166,906.3290005072076,863.7370245508663,683.5403821635186,贵州省
,,,,,,1.0,1.0,1.0,3.0,4.0,6.0,4.0,4.0,4.0,4.0,4.0,4.0,4.0,4.0,4.0,4.0,4.0,4.0,4.0,4.0,4.0,4.0,4.0,4.0,4.0,4.0,4.0,4.0,4.0,4.0,4.0,4.0,贺州,Hezhou,729.659411450846,863.6873282889678,744.1320876826906,829.3738794491203,659.693106538069,广西壮族自治区
,,,2.0,2.0,2.0,2.0,2.0,2.0,2.0,2.0,2.0,2.0,2.0,2.0,3.0,3.0,3.0,3.0,3.0,3.0,3.0,3.0,3.0,3.0,3.0,3.0,3.0,3.0,3.0,3.0,3.0,4.0,4.0,4.0,4.0,4.0,4.0,资阳,Ziyang,933.9574978389326,908.7746177711383,987.8192401846181,855.5367441391393,735.4268239807966,四川省
,2.0,7.0,7.0,10.0,16.0,21.0,27.0,30.0,34.0,35.0,42.0,48.0,52.0,59.0,64.0,69.0,71.0,72.0,72.0,76.0,76.0,76.0,76.0,76.0,76.0,76.0,76.0,76.0,76.0,76.0,76.0,76.0,76.0,76.0,76.0,76.0,76.0,赣州,Ganzhou,520.9934792753673,679.927866146267,508.6972503769595,667.4931405036932,562.1251620758464,江西省
,1.0,1.0,1.0,2.0,2.0,2.0,2.0,2.0,2.0,2.0,2.0,3.0,3.0,4.0,4.0,4.0,4.0,,5.0,5.0,7.0,7.0,9.0,9.0,9.0,9.0,9.0,9.0,9.0,9.0,9.0,,9.0,9.0,9.0,9.0,9.0,赤峰,Chifeng,1367.0109713597287,1230.7975796808882,1361.5640747064879,1269.231580791523,1452.064676501626,内蒙古自治区
,,,,,,,,,,,3.0,3.0,5.0,5.0,6.0,6.0,6.0,6.0,6.0,6.0,6.0,7.0,7.0,7.0,7.0,7.0,7.0,7.0,7.0,7.0,7.0,7.0,7.0,7.0,7.0,7.0,7.0,辽源,Liaoyuan,1683.8096882154562,1575.973923156182,1663.5573767956091,1623.6758717463078,1811.7589009276594,吉林省
,,,,1.0,1.0,1.0,1.0,1.0,2.0,2.0,2.0,2.0,2.0,2.0,3.0,3.0,3.0,3.0,3.0,3.0,3.0,3.0,3.0,3.0,3.0,3.0,3.0,3.0,3.0,3.0,3.0,3.0,3.0,3.0,,3.0,3.0,辽阳,Liaoyang,1435.2362930900729,1326.9376211285514,1415.6414337587903,1374.7588859245234,1562.8248529374284,辽宁省
1.0,1.0,1.0,3.0,3.0,4.0,6.0,8.0,9.0,9.0,11.0,13.0,17.0,20.0,23.0,25.0,25.0,28.0,30.0,33.0,36.0,36.0,36.0,36.0,38.0,39.0,40.0,40.0,41.0,41.0,41.0,41.0,42.0,42.0,42.0,42.0,42.0,42.0,达州,Dazhou,656.184668714719,613.919693496278,710.6772196950315,561.9431368602897,464.76716872108193,四川省
,2.0,2.0,2.0,3.0,4.0,7.0,8.0,10.0,10.0,13.0,16.0,17.0,17.0,17.0,17.0,18.0,18.0,19.0,19.0,19.0,19.0,19.0,19.0,19.0,19.0,19.0,19.0,19.0,19.0,19.0,19.0,19.0,19.0,19.0,19.0,19.0,19.0,运城,Yuncheng,589.8827884323681,440.0145788809279,626.5511956354834,430.32948911112527,534.4041130177347,山西省
1.0,1.0,3.0,3.0,3.0,3.0,6.0,9.0,13.0,13.0,14.0,17.0,20.0,22.0,24.0,27.0,32.0,35.0,37.0,39.0,42.0,45.0,46.0,48.0,48.0,48.0,48.0,48.0,48.0,48.0,48.0,48.0,48.0,48.0,48.0,48.0,48.0,48.0,连云港,Lianyungang,641.0739163937761,571.7265384801713,611.6418995436401,626.1615817894285,803.3507216328467,江苏省
,,,,,1.0,1.0,1.0,1.0,1.0,1.0,1.0,1.0,1.0,2.0,2.0,3.0,3.0,3.0,3.0,3.0,3.0,3.0,3.0,3.0,3.0,3.0,4.0,4.0,4.0,4.0,6.0,6.0,6.0,6.0,6.0,6.0,6.0,通化,Tonghua,1602.289482461654,1506.9290637976294,1577.275833251004,1557.24144583434,1744.1587071516872,吉林省
,,,1.0,1.0,1.0,1.0,1.0,1.0,1.0,1.0,1.0,1.0,1.0,2.0,3.0,3.0,6.0,,6.0,6.0,6.0,6.0,6.0,6.0,7.0,7.0,7.0,7.0,7.0,7.0,7.0,,7.0,7.0,7.0,7.0,7.0,通辽,Tongliao,1616.4515056827984,1492.4373759354512,1603.738440391324,1535.5608253882529,1722.2258621727935,内蒙古自治区
1.0,2.0,2.0,2.0,3.0,3.0,4.0,5.0,5.0,5.0,5.0,5.0,5.0,5.0,5.0,6.0,8.0,10.0,10.0,10.0,10.0,10.0,10.0,12.0,17.0,17.0,17.0,17.0,17.0,17.0,17.0,17.0,17.0,17.0,17.0,17.0,17.0,17.0,遂宁,Suining,837.6897415902415,808.5284403282512,891.8045194822989,755.5281809452897,640.2576758023446,四川省
,,,,,,1.0,4.0,,5.0,8.0,9.0,9.0,11.0,12.0,15.0,15.0,19.0,24.0,25.0,25.0,28.0,31.0,32.0,32.0,32.0,32.0,32.0,32.0,32.0,32.0,,32.0,,32.0,,,,遵义,Zunyi,785.8318328960513,823.0936290758622,833.0994552389992,768.7940545807417,596.5252712912342,贵州省
,,,,,,,,,14.0,14.0,,,,,,,,,,,,,,,,,,,,,,,,,,,,邓州,Dengzhou,321.42423691542547,194.03506245640386,365.03518420118405,164.44127175368152,261.38365495561,河南省
,,,1.0,2.0,3.0,5.0,7.0,10.0,10.0,14.0,16.0,16.0,19.0,20.0,21.0,21.0,21.0,21.0,21.0,21.0,22.0,22.0,22.0,23.0,23.0,23.0,23.0,23.0,23.0,23.0,23.0,23.0,23.0,23.0,23.0,23.0,23.0,邢台,Xingtai,724.4716022482054,571.4779893787353,734.0575110691863,600.0763858078619,773.3596681739945,河北省
,,2.0,2.0,4.0,4.0,6.0,7.0,10.0,11.0,11.0,14.0,14.0,18.0,22.0,26.0,27.0,27.0,27.0,29.0,31.0,31.0,31.0,31.0,31.0,31.0,31.0,31.0,31.0,31.0,32.0,32.0,32.0,32.0,32.0,32.0,32.0,32.0,邯郸,Handan,674.5257501714528,521.6923197639142,684.238870423061,550.8000315362326,725.2706092478245,河北省
,2.0,2.0,8.0,11.0,19.0,29.0,36.0,41.0,49.0,51.0,55.0,68.0,74.0,83.0,86.0,87.0,89.0,91.0,94.0,99.0,100.0,100.0,101.0,101.0,101.0,102.0,102.0,102.0,102.0,102.0,102.0,102.0,102.0,102.0,102.0,102.0,102.0,邵阳,Shaoyang,457.0410611524733,570.8652925859656,485.26498296867703,530.8082416693727,352.495839940262,湖南省
3.0,6.0,20.0,29.0,37.0,40.0,46.0,50.0,56.0,65.0,72.0,85.0,92.0,102.0,112.0,120.0,126.0,130.0,132.0,137.0,141.0,142.0,144.0,148.0,151.0,154.0,156.0,156.0,157.0,157.0,157.0,157.0,157.0,157.0,157.0,157.0,157.0,157.0,郑州,Zhengzhou,474.2651799106856,315.9142912638829,492.56189601593013,338.34147700306255,508.4686099369729,河南省
1.0,1.0,3.0,6.0,7.0,7.0,10.0,12.0,13.0,18.0,21.0,22.0,24.0,25.0,29.0,31.0,32.0,32.0,33.0,38.0,38.0,39.0,39.0,39.0,39.0,39.0,39.0,39.0,39.0,39.0,39.0,39.0,39.0,39.0,39.0,39.0,39.0,39.0,郴州,Chenzhou,539.7339884398889,685.1792330179303,547.0659116757237,658.0399881695735,508.8951036204392,湖南省
,2.0,2.0,2.0,2.0,2.0,3.0,3.0,5.0,6.0,9.0,9.0,11.0,11.0,11.0,11.0,11.0,11.0,,11.0,11.0,11.0,11.0,11.0,11.0,11.0,11.0,11.0,11.0,11.0,11.0,11.0,,11.0,11.0,11.0,11.0,11.0,鄂尔多斯,Eerduosi,1103.4148392566362,944.5898785646976,1130.7288507399442,949.0944538347962,1071.851475727023,内蒙古自治区
,1.0,1.0,20.0,57.0,84.0,123.0,189.0,227.0,278.0,306.0,332.0,382.0,423.0,471.0,569.0,639.0,725.0,790.0,861.0,1065.0,1125.0,1192.0,1230.0,1274.0,1339.0,1343.0,1368.0,1373.0,1375.0,1379.0,1383.0,1385.0,1387.0,1389.0,1389.0,1390.0,1391.0,鄂州,Ezhou,58.21692460265532,194.4637820788405,6.632208654680527,206.881650115094,255.18190160816988,湖北省
27.0,57.0,75.0,110.0,132.0,147.0,182.0,211.0,247.0,275.0,312.0,344.0,376.0,400.0,415.0,428.0,450.0,473.0,489.0,509.0,525.0,532.0,538.0,547.0,553.0,553.0,555.0,560.0,567.0,572.0,573.0,575.0,576.0,576.0,576.0,576.0,576.0,576.0,重庆,Chongqing,756.1844883759195,751.2398434203199,808.9241603522904,696.520935245455,556.4235325881568,重庆市
1.0,2.0,3.0,5.0,7.0,13.0,20.0,27.0,34.0,34.0,36.0,40.0,44.0,47.0,48.0,52.0,53.0,53.0,53.0,54.0,55.0,55.0,55.0,55.0,55.0,55.0,55.0,55.0,55.0,55.0,55.0,55.0,55.0,55.0,55.0,55.0,55.0,55.0,金华,Jinhua,537.9948874952245,631.3674438738911,483.85271449734535,666.7395468196985,728.134102371077,浙江省
,,,,1.0,1.0,1.0,1.0,1.0,1.0,1.0,1.0,1.0,1.0,1.0,1.0,1.0,1.0,1.0,1.0,1.0,,1.0,1.0,1.0,1.0,1.0,1.0,1.0,,1.0,1.0,,1.0,,1.0,,1.0,金昌,Jinchang,1419.5885539311446,1290.7995635012787,1465.7417549567274,1265.6051262644949,1292.5192382502842,甘肃省
,,,,,,1.0,1.0,1.0,2.0,2.0,3.0,4.0,7.0,7.0,8.0,8.0,8.0,8.0,8.0,8.0,8.0,8.0,8.0,8.0,8.0,8.0,8.0,8.0,8.0,8.0,8.0,8.0,8.0,8.0,8.0,8.0,8.0,钦州,Qinzhou,1105.7490762223335,1222.1697686541033,1128.2069064546195,1180.137739103715,995.9604330452539,广西壮族自治区
,2.0,2.0,2.0,2.0,2.0,2.0,3.0,3.0,3.0,3.0,3.0,3.0,3.0,3.0,3.0,4.0,4.0,4.0,7.0,7.0,7.0,7.0,7.0,7.0,7.0,7.0,7.0,7.0,7.0,7.0,7.0,7.0,7.0,7.0,,7.0,7.0,铁岭,Tieling,1561.7825850735428,1451.2017241318601,1542.9027274138923,1498.3417910862174,1686.4422140604293,辽宁省
1.0,2.0,2.0,2.0,2.0,2.0,2.0,3.0,,3.0,6.0,6.0,6.0,6.0,6.0,6.0,7.0,8.0,9.0,10.0,10.0,10.0,10.0,10.0,10.0,10.0,10.0,10.0,10.0,10.0,10.0,,10.0,,10.0,,,,铜仁,Tongren,584.6779185853732,649.524166185718,627.4653485946851,598.318034580876,412.7928044284078,贵州省
,3.0,5.0,5.0,5.0,5.0,5.0,5.0,5.0,6.0,7.0,7.0,7.0,7.0,8.0,8.0,8.0,8.0,8.0,8.0,8.0,8.0,8.0,8.0,8.0,8.0,8.0,8.0,8.0,8.0,8.0,8.0,8.0,8.0,8.0,8.0,8.0,8.0,铜川,Tongchuan,702.6563088481777,567.7896354280173,746.1855747297857,545.4269272853282,603.7044719476946,陕西省
,3.0,3.0,3.0,9.0,9.0,10.0,14.0,16.0,16.0,18.0,19.0,19.0,20.0,22.0,23.0,24.0,25.0,27.0,27.0,28.0,28.0,28.0,28.0,28.0,29.0,29.0,29.0,29.0,29.0,29.0,29.0,29.0,29.0,29.0,29.0,29.0,29.0,铜陵,Tongling,339.22204438928617,387.59402821184943,287.8224773245434,431.5575287685019,538.8005494316278,安徽省
1.0,1.0,2.0,5.0,7.0,7.0,9.0,11.0,15.0,16.0,19.0,20.0,,25.0,27.0,29.0,28.0,28.0,30.0,31.0,32.0,32.0,33.0,,33.0,33.0,33.0,33.0,33.0,,33.0,33.0,33.0,33.0,33.0,,34.0,,银川,Yinchuan,1149.1947541388265,1005.3024147230398,1189.592853634054,989.9512775574494,1055.956746818603,宁夏回族自治区
,2.0,2.0,2.0,2.0,2.0,2.0,2.0,2.0,2.0,2.0,2.0,2.0,2.0,2.0,2.0,2.0,5.0,,2.0,3.0,5.0,6.0,6.0,8.0,8.0,9.0,9.0,9.0,9.0,9.0,9.0,,9.0,9.0,9.0,9.0,9.0,锡林郭勒,Xilinguolei,1497.043495145592,1346.9308590955031,1501.708063674616,1376.227686177886,1546.6693625334478,内蒙古自治区
,,,,4.0,4.0,4.0,5.0,7.0,7.0,7.0,7.0,7.0,7.0,8.0,10.0,11.0,11.0,11.0,12.0,12.0,12.0,12.0,12.0,12.0,12.0,12.0,12.0,12.0,12.0,12.0,12.0,12.0,12.0,12.0,,12.0,12.0,锦州,Jinzhou,1328.5257573905599,1209.2997464937378,1314.0485158783615,1254.324501385718,1442.0076199831035,辽宁省
,,2.0,2.0,2.0,2.0,2.0,2.0,2.0,3.0,3.0,5.0,6.0,8.0,9.0,11.0,12.0,12.0,12.0,12.0,12.0,12.0,12.0,12.0,12.0,12.0,12.0,12.0,12.0,12.0,12.0,12.0,12.0,12.0,12.0,12.0,12.0,12.0,镇江,Zhenjiang,522.3469233496182,523.0705340513824,476.6944451717629,575.3549575497874,715.9414272920004,江苏省
,,,,,,1.0,2.0,2.0,2.0,2.0,,,,,,,,,,,,,,,,,,,,,,,,,,,,长垣,Zhangyuan,519.0067486785109,369.48910144876703,527.1142602864979,403.35296238271013,584.7069500941913,河南省
1.0,1.0,,1.0,1.0,1.0,4.0,4.0,7.0,13.0,17.0,18.0,28.0,29.0,32.0,32.0,37.0,39.0,40.0,42.0,42.0,43.0,44.0,45.0,45.0,45.0,45.0,45.0,45.0,45.0,45.0,45.0,45.0,45.0,45.0,45.0,45.0,45.0,长春,Changchun,1773.7203907189498,1662.2196404373015,1754.8956091741186,1708.949496359772,1897.0191371053095,吉林省
8.0,8.0,18.0,22.0,24.0,46.0,57.0,68.0,86.0,112.0,125.0,148.0,164.0,179.0,190.0,196.0,205.0,213.0,219.0,223.0,228.0,238.0,241.0,241.0,241.0,241.0,241.0,242.0,242.0,242.0,242.0,242.0,242.0,242.0,242.0,242.0,242.0,242.0,长沙,Changsha,285.88945897212926,420.51709838003785,306.72371631670404,390.5721611795573,246.53306369053928,湖南省
,1.0,1.0,1.0,1.0,1.0,3.0,3.0,3.0,3.0,3.0,3.0,3.0,5.0,5.0,5.0,7.0,7.0,7.0,8.0,8.0,8.0,8.0,8.0,8.0,8.0,8.0,8.0,8.0,8.0,8.0,8.0,8.0,8.0,8.0,8.0,8.0,8.0,长治,Zhangzhi,638.0924689695961,478.7011670592378,658.0461560967154,495.72039887183485,653.2090577869244,山西省
,,,,,,,,2.0,3.0,5.0,7.0,7.0,7.0,7.0,7.0,7.0,8.0,8.0,8.0,8.0,8.0,8.0,8.0,8.0,8.0,8.0,8.0,8.0,8.0,8.0,8.0,8.0,8.0,8.0,,8.0,8.0,阜新,Fuxin,1433.1224426474944,1312.6160052271823,1419.0165872230514,1357.1047749434083,1544.5518103815684,辽宁省
2.0,7.0,10.0,10.0,21.0,23.0,28.0,38.0,47.0,59.0,65.0,79.0,84.0,95.0,105.0,113.0,118.0,125.0,132.0,138.0,142.0,146.0,150.0,152.0,153.0,154.0,155.0,155.0,155.0,155.0,155.0,155.0,155.0,155.0,155.0,155.0,155.0,155.0,阜阳,Fuyang,298.78150800035183,208.60807086805528,285.9065479753382,263.23448610718873,441.58167441647953,安徽省
,2.0,2.0,3.0,3.0,5.0,5.0,7.0,8.0,8.0,9.0,11.0,13.0,15.0,15.0,16.0,16.0,17.0,17.0,17.0,17.0,17.0,17.0,18.0,18.0,18.0,18.0,19.0,19.0,19.0,19.0,19.0,19.0,19.0,19.0,19.0,19.0,19.0,防城港,Fangchenggang,1151.9404348434668,1267.7603749101602,1174.5420949748218,1225.4598164734787,1040.920807438467,广西壮族自治区
3.0,5.0,8.0,8.0,9.0,10.0,10.0,10.0,10.0,10.0,10.0,12.0,12.0,13.0,13.0,13.0,13.0,13.0,13.0,13.0,13.0,13.0,13.0,13.0,13.0,13.0,13.0,13.0,13.0,13.0,13.0,14.0,14.0,14.0,14.0,14.0,14.0,14.0,阳江,Yangjiang,989.0185589933162,1132.5798417195242,995.3425892306191,1102.5366737709007,940.243762130414,广东省
,,1.0,1.0,1.0,1.0,1.0,1.0,1.0,1.0,2.0,2.0,2.0,3.0,4.0,4.0,4.0,4.0,4.0,4.0,4.0,4.0,4.0,4.0,4.0,4.0,4.0,4.0,4.0,4.0,4.0,4.0,4.0,4.0,4.0,4.0,4.0,4.0,阳泉,Yangquan,815.937070974073,658.5994217391633,830.628114622955,680.5047195062376,842.7952757971412,山西省
,,,,,,,1.0,1.0,1.0,1.0,1.0,1.0,1.0,1.0,1.0,1.0,1.0,1.0,1.0,1.0,1.0,1.0,1.0,1.0,1.0,1.0,1.0,1.0,1.0,1.0,1.0,,1.0,1.0,1.0,1.0,1.0,阿克苏,Akesu,3266.827186165191,3157.112386074686,3317.6309877338863,3123.821967839529,3107.3188237982067,新疆维吾尔自治区
,,,,,,,1.0,1.0,1.0,1.0,1.0,1.0,1.0,1.0,1.0,1.0,1.0,1.0,1.0,1.0,1.0,1.0,1.0,1.0,1.0,1.0,1.0,1.0,1.0,1.0,1.0,1.0,1.0,1.0,1.0,1.0,1.0,阿坝,Aba,1209.0016444638345,1152.198669246791,1263.4818946422888,1103.547853634859,1018.5733867838877,四川省
,,,1.0,1.0,1.0,1.0,3.0,3.0,3.0,4.0,4.0,4.0,4.0,4.0,4.0,4.0,4.0,4.0,4.0,4.0,,4.0,4.0,4.0,4.0,4.0,4.0,4.0,,4.0,4.0,,4.0,,4.0,,4.0,陇南,Longnan,941.4440336500587,857.4437070528867,994.6193412116123,814.3584531938286,770.0846041929549,甘肃省
,1.0,1.0,1.0,1.0,1.0,2.0,3.0,5.0,5.0,5.0,5.0,5.0,4.0,4.0,4.0,4.0,4.0,4.0,4.0,4.0,4.0,4.0,4.0,4.0,4.0,4.0,4.0,4.0,4.0,4.0,4.0,4.0,4.0,4.0,4.0,4.0,4.0,陵水,Lingshui,1402.3324400790484,1539.2410162720023,1412.5822364740247,1504.8144099333572,1331.9646412244952,海南省
,5.0,36.0,52.0,70.0,116.0,143.0,228.0,304.0,384.0,458.0,641.0,706.0,834.0,915.0,953.0,984.0,1049.0,1095.0,1129.0,1160.0,1206.0,1232.0,1254.0,1267.0,1278.0,1280.0,1288.0,1292.0,1296.0,1300.0,1303.0,1305.0,1306.0,1307.0,1307.0,1307.0,1307.0,随州,Suizhou,159.7418746402554,55.01341513624139,200.75872481384496,0.0,188.10187900161498,湖北省
1.0,1.0,1.0,1.0,2.0,2.0,2.0,3.0,5.0,5.0,5.0,5.0,6.0,6.0,6.0,6.0,6.0,6.0,6.0,6.0,7.0,7.0,7.0,7.0,7.0,7.0,7.0,7.0,7.0,7.0,7.0,7.0,7.0,7.0,7.0,7.0,7.0,7.0,雅安,Yaan,1092.6974332843336,1067.0213048339406,1146.4746468608491,1014.0008901794566,893.902502988809,四川省
4.0,6.0,8.0,13.0,15.0,17.0,21.0,21.0,21.0,24.0,26.0,32.0,35.0,41.0,44.0,46.0,49.0,53.0,54.0,53.0,53.0,55.0,56.0,57.0,57.0,58.0,59.0,59.0,59.0,59.0,59.0,60.0,60.0,60.0,60.0,60.0,60.0,60.0,青岛,Qingdao,832.2531457918437,750.49582707724,805.1225544624529,803.6006124009725,986.0375518966713,山东省
,,,,,,,,1.0,1.0,1.0,1.0,1.0,3.0,3.0,3.0,3.0,3.0,3.0,3.0,3.0,4.0,4.0,4.0,4.0,4.0,4.0,4.0,4.0,4.0,4.0,4.0,4.0,4.0,4.0,,4.0,4.0,鞍山,Anshan,1405.0448069734882,1295.8939741743388,1385.876486372076,1343.5461581275667,1531.629496994285,辽宁省
,,,,,,1.0,1.0,1.0,1.0,1.0,1.0,1.0,1.0,1.0,1.0,1.0,1.0,1.0,1.0,1.0,1.0,1.0,1.0,1.0,1.0,1.0,1.0,1.0,1.0,1.0,1.0,1.0,1.0,1.0,1.0,1.0,1.0,韩城,Hancheng,656.7489442292581,507.8017121381382,694.0563419625586,497.05675303285796,593.8690392391024,陕西省
3.0,3.0,4.0,4.0,4.0,4.0,4.0,4.0,4.0,5.0,5.0,6.0,6.0,6.0,6.0,6.0,6.0,6.0,7.0,7.0,8.0,8.0,10.0,10.0,10.0,10.0,10.0,10.0,10.0,10.0,10.0,10.0,10.0,10.0,10.0,10.0,10.0,10.0,韶关,Shaoguan,633.092724256501,785.1642895953089,632.6840440240078,762.6012708119482,623.6557209835194,广东省
,4.0,7.0,7.0,10.0,11.0,14.0,14.0,22.0,27.0,28.0,28.0,30.0,46.0,30.0,31.0,31.0,31.0,32.0,32.0,32.0,34.0,35.0,36.0,36.0,36.0,37.0,37.0,37.0,38.0,38.0,38.0,38.0,38.0,38.0,38.0,38.0,38.0,马鞍山,Maanshan,414.4156910922436,434.8504969835902,366.4252131881283,484.12705572045815,611.338327327162,安徽省
,2.0,7.0,9.0,10.0,16.0,25.0,30.0,40.0,46.0,58.0,72.0,82.0,98.0,106.0,113.0,116.0,123.0,126.0,128.0,134.0,137.0,138.0,138.0,138.0,139.0,139.0,139.0,139.0,139.0,139.0,139.0,139.0,139.0,139.0,139.0,139.0,139.0,驻马店,Zhumadian,274.1509831337951,118.00255663177732,292.9340656666856,152.40084930975837,338.52575100610204,河南省
,,,,,1.0,1.0,2.0,4.0,4.0,6.0,9.0,12.0,21.0,29.0,31.0,34.0,34.0,38.0,43.0,44.0,44.0,45.0,46.0,46.0,46.0,46.0,46.0,46.0,46.0,46.0,46.0,46.0,46.0,46.0,46.0,46.0,46.0,鸡西,Jixi,2190.503264008709,2092.256848264493,2165.8140199824097,2141.7167276574232,2329.2593029433406,黑龙江省
,,,2.0,2.0,5.0,6.0,6.0,6.0,8.0,8.0,10.0,10.0,10.0,11.0,13.0,17.0,17.0,18.0,19.0,19.0,19.0,19.0,19.0,19.0,19.0,19.0,19.0,19.0,19.0,19.0,19.0,19.0,19.0,19.0,19.0,19.0,19.0,鹤壁,Hebi,596.8304096729387,442.1190527313457,609.0604067248612,469.6145760589944,643.1066581951131,河南省
,,,,,,1.0,1.0,1.0,1.0,1.0,2.0,2.0,2.0,2.0,3.0,4.0,5.0,5.0,5.0,5.0,5.0,5.0,5.0,5.0,5.0,5.0,5.0,5.0,5.0,5.0,5.0,5.0,5.0,5.0,5.0,5.0,5.0,鹤岗,Hegang,2315.0199120283055,2205.773754796238,2294.633379998046,2252.7679747456555,2440.8561558139218,黑龙江省
,,,,1.0,1.0,3.0,4.0,4.0,8.0,8.0,8.0,9.0,9.0,10.0,11.0,11.0,12.0,14.0,18.0,18.0,18.0,18.0,18.0,18.0,18.0,18.0,18.0,18.0,18.0,18.0,18.0,18.0,18.0,18.0,18.0,18.0,18.0,鹰潭,Yingtan,365.55398550098363,507.1120398216998,321.8647514002415,522.3579217532738,519.4422178002326,江西省
12.0,64.0,122.0,154.0,213.0,324.0,496.0,573.0,726.0,1002.0,1246.0,1422.0,1645.0,1807.0,1897.0,2041.0,2141.0,2252.0,2332.0,2398.0,2662.0,2791.0,2817.0,2823.0,2831.0,2828.0,2844.0,2866.0,2883.0,2899.0,2904.0,2904.0,2904.0,2904.0,2904.0,2904.0,2904.0,2905.0,黄冈,Huanggang,54.49683381572735,187.88110693565335,0.0,200.75872481384496,252.86579536274144,湖北省
,,1.0,1.0,4.0,7.0,7.0,9.0,9.0,9.0,9.0,9.0,9.0,9.0,9.0,9.0,9.0,9.0,9.0,9.0,9.0,9.0,9.0,9.0,9.0,9.0,9.0,9.0,9.0,9.0,9.0,9.0,9.0,9.0,9.0,9.0,9.0,9.0,黄山,Huangshan,363.03145589096874,437.2674877732733,308.8782727061989,476.2130789812368,561.3034133238882,安徽省
,31.0,31.0,36.0,53.0,86.0,113.0,168.0,209.0,252.0,334.0,405.0,509.0,566.0,635.0,703.0,760.0,805.0,835.0,874.0,911.0,943.0,980.0,988.0,988.0,985.0,985.0,985.0,992.0,997.0,1001.0,1005.0,1008.0,1011.0,1013.0,1013.0,1013.0,1014.0,黄石,Huangshi,82.95379104698084,221.4669648785232,33.993467063744255,234.5830303642957,274.4557950696656,湖北省
,,,,,,,,,1.0,1.0,1.0,1.0,1.0,1.0,2.0,2.0,4.0,4.0,6.0,10.0,13.0,13.0,14.0,14.0,14.0,14.0,14.0,14.0,14.0,14.0,14.0,14.0,14.0,14.0,14.0,14.0,14.0,黑河,Heihe,2450.3106498170946,2324.0638404058395,2437.852656950653,2365.8259556006756,2551.3006524010852,黑龙江省
,,,,,,1.0,2.0,,4.0,4.0,4.0,5.0,5.0,5.0,5.0,7.0,8.0,10.0,10.0,10.0,10.0,10.0,10.0,10.0,10.0,10.0,10.0,10.0,10.0,10.0,,10.0,,10.0,,,,黔东南,Qiandongnan,756.9414268393715,825.1758547341585,797.7493544913406,773.839866264755,588.4397952059109,贵州省
1.0,1.0,1.0,2.0,4.0,4.0,4.0,4.0,,5.0,5.0,6.0,6.0,6.0,7.0,7.0,7.0,8.0,16.0,17.0,17.0,17.0,17.0,17.0,17.0,17.0,17.0,17.0,17.0,17.0,17.0,,17.0,,17.0,,,,黔南,Qiannan,815.0580535061785,882.5096234313633,855.7739212950825,830.9327748201997,645.9816360019925,贵州省
,,1.0,1.0,1.0,1.0,1.0,1.0,,1.0,1.0,3.0,3.0,3.0,3.0,4.0,4.0,4.0,4.0,4.0,4.0,4.0,4.0,4.0,4.0,4.0,4.0,4.0,4.0,4.0,4.0,,4.0,,4.0,,,,黔西南,Qianxinan,1104.283511482658,1161.0092092325751,1146.611595275354,1107.8277331809256,927.4745725546522,贵州省
,,1.0,1.0,2.0,3.0,3.0,3.0,3.0,3.0,6.0,6.0,20.0,26.0,277.0,27.0,27.0,30.0,32.0,33.0,33.0,36.0,36.0,38.0,42.0,43.0,43.0,43.0,43.0,43.0,43.0,43.0,43.0,43.0,43.0,43.0,43.0,43.0,齐齐哈尔,Qiqihaer,2041.740103281322,1912.7997729710753,2031.0810145684072,1953.7502482288448,2138.622031610971,黑龙江省
,,,,1.0,1.0,1.0,1.0,1.0,1.0,1.0,2.0,2.0,2.0,4.0,5.0,6.0,6.0,6.0,6.0,6.0,6.0,6.0,6.0,6.0,6.0,6.0,6.0,6.0,6.0,6.0,6.0,6.0,6.0,6.0,6.0,6.0,6.0,龙岩,Longyan,654.7999052921213,812.3023694940325,626.0900518135011,812.9893678289056,744.5992124215394,福建省
