2020-01-23,2020-01-24,2020-01-25,2020-01-26,2020-01-27,2020-01-28,2020-01-29,2020-01-30,2020-01-31,2020-02-01,2020-02-02,2020-02-03,2020-02-04,2020-02-05,2020-02-06,2020-02-07,2020-02-08,2020-02-09,2020-02-10,2020-02-11,2020-02-12,2020-02-13,2020-02-14,2020-02-15,2020-02-16,2020-02-17,2020-02-18,2020-02-19,2020-02-20,2020-02-21,2020-02-22,2020-02-23,2020-02-24,2020-02-25,2020-02-26,2020-02-27,2020-02-28,2020-02-29,cityName,cityName-en,provinceName
,,,0.0,0.0,0.0,0.0,0.0,0.0,0.0,0.0,0.0,0.0,0.0,0.0,0.0,0.0,0.0,0.0,0.0,1.0,1.0,4.0,4.0,4.0,6.0,6.0,6.0,6.0,9.0,10.0,10.0,10.0,11.0,12.0,13.0,13.0,13.0,七台河,Qitaihe,黑龙江省
0.0,0.0,0.0,0.0,0.0,0.0,0.0,0.0,0.0,0.0,0.0,0.0,0.0,0.0,0.0,0.0,0.0,0.0,0.0,1.0,1.0,3.0,3.0,3.0,4.0,4.0,9.0,9.0,9.0,9.0,9.0,9.0,11.0,11.0,11.0,12.0,12.0,12.0,万宁,Wanning,海南省
0.0,0.0,0.0,0.0,0.0,0.0,1.0,1.0,1.0,3.0,4.0,5.0,5.0,6.0,9.0,10.0,12.0,12.0,12.0,12.0,15.0,18.0,16.0,17.0,17.0,16.0,23.0,25.0,31.0,31.0,33.0,39.0,40.0,43.0,44.0,44.0,51.0,53.0,三亚,Sanya,海南省
0.0,0.0,0.0,0.0,0.0,0.0,0.0,0.0,0.0,0.0,0.0,0.0,0.0,0.0,0.0,1.0,1.0,1.0,1.0,1.0,1.0,3.0,3.0,3.0,3.0,3.0,5.0,5.0,5.0,5.0,5.0,5.0,8.0,8.0,8.0,8.0,12.0,12.0,三明,Sanming,福建省
0.0,0.0,0.0,0.0,0.0,0.0,0.0,0.0,0.0,0.0,0.0,0.0,0.0,2.0,2.0,3.0,3.0,3.0,3.0,3.0,3.0,4.0,4.0,4.0,4.0,4.0,5.0,5.0,6.0,6.0,6.0,7.0,7.0,7.0,7.0,7.0,7.0,7.0,三门峡,Sanmenxia,河南省
0.0,1.0,2.0,4.0,5.0,6.0,12.0,10.0,11.0,11.0,11.0,13.0,16.0,26.0,31.0,42.0,45.0,49.0,53.0,58.0,63.0,91.0,125.0,141.0,162.0,178.0,188.0,202.0,213.0,230.0,252.0,264.0,271.0,275.0,279.0,282.0,290.0,293.0,上海,Shanghai,上海市
,0.0,0.0,0.0,0.0,0.0,0.0,1.0,1.0,1.0,4.0,4.0,5.0,5.0,5.0,5.0,7.0,12.0,13.0,15.0,17.0,18.0,20.0,31.0,35.0,39.0,47.0,55.0,64.0,75.0,88.0,90.0,97.0,101.0,101.0,109.0,111.0,111.0,上饶,Shangrao,江西省
,,,,0.0,0.0,0.0,0.0,0.0,0.0,0.0,0.0,0.0,0.0,0.0,0.0,0.0,0.0,0.0,1.0,1.0,1.0,1.0,2.0,2.0,2.0,2.0,2.0,2.0,2.0,2.0,2.0,2.0,2.0,2.0,2.0,2.0,2.0,东方,Dongfang,海南省
,0.0,0.0,0.0,0.0,0.0,0.0,0.0,0.0,0.0,0.0,0.0,1.0,1.0,1.0,1.0,3.0,3.0,7.0,7.0,7.0,8.0,8.0,13.0,20.0,25.0,25.0,27.0,28.0,32.0,32.0,37.0,41.0,41.0,44.0,56.0,64.0,67.0,东莞,Dongguan,广东省
0.0,0.0,0.0,0.0,0.0,0.0,0.0,0.0,0.0,0.0,0.0,0.0,,0.0,0.0,0.0,2.0,2.0,2.0,2.0,2.0,2.0,3.0,,3.0,3.0,3.0,3.0,3.0,,3.0,3.0,3.0,3.0,3.0,,3.0,,中卫,Zhongwei,宁夏回族自治区
0.0,0.0,0.0,0.0,0.0,0.0,0.0,0.0,0.0,0.0,0.0,3.0,3.0,4.0,6.0,11.0,14.0,14.0,16.0,21.0,22.0,26.0,31.0,34.0,39.0,40.0,40.0,42.0,43.0,46.0,49.0,51.0,53.0,55.0,55.0,58.0,58.0,59.0,中山,Zhongshan,广东省
,0.0,0.0,0.0,0.0,0.0,0.0,0.0,0.0,0.0,0.0,0.0,2.0,2.0,2.0,2.0,2.0,2.0,2.0,2.0,3.0,,3.0,3.0,3.0,3.0,3.0,3.0,3.0,,3.0,3.0,,3.0,,3.0,,3.0,临夏,Linxia,甘肃省
,,,0.0,0.0,0.0,0.0,0.0,0.0,0.0,0.0,0.0,0.0,1.0,1.0,1.0,1.0,1.0,1.0,1.0,1.0,1.0,1.0,1.0,1.0,1.0,1.0,1.0,1.0,1.0,1.0,2.0,2.0,2.0,2.0,2.0,2.0,2.0,临汾,Linfen,山西省
0.0,0.0,0.0,0.0,0.0,0.0,0.0,0.0,0.0,0.0,1.0,1.0,1.0,1.0,3.0,3.0,7.0,6.0,10.0,10.0,12.0,25.0,25.0,32.0,35.0,37.0,41.0,41.0,44.0,44.0,44.0,44.0,44.0,45.0,45.0,45.0,45.0,46.0,临沂,Linyi,山东省
,,,,,,,,0.0,0.0,0.0,0.0,0.0,0.0,0.0,0.0,0.0,0.0,0.0,0.0,0.0,0.0,1.0,1.0,1.0,1.0,1.0,1.0,1.0,1.0,1.0,1.0,1.0,1.0,1.0,1.0,1.0,1.0,临沧,Lincang,云南省
0.0,0.0,0.0,0.0,0.0,0.0,0.0,0.0,0.5,0.0,0.0,0.0,0.0,0.0,0.0,0.0,0.0,1.0,1.0,1.0,2.0,3.0,3.0,3.0,3.0,4.0,4.0,4.0,4.0,4.0,4.0,5.0,5.0,6.0,6.0,6.0,6.0,6.0,临高,Lingao,海南省
,,0.0,0.0,0.0,0.0,0.0,0.0,0.0,0.0,0.0,0.0,0.0,1.0,1.0,1.0,3.0,3.0,3.0,3.0,4.0,4.0,4.0,4.0,4.0,4.0,4.0,5.0,5.0,6.0,6.0,6.0,6.0,6.0,6.0,,6.0,7.0,丹东,Dandong,辽宁省
,,0.0,0.0,0.0,0.0,1.0,1.0,1.0,1.0,1.0,1.0,1.0,1.0,3.0,5.0,5.0,5.0,7.0,7.0,9.0,10.0,10.0,11.0,11.0,11.0,14.0,14.0,14.0,14.0,14.0,14.0,14.0,14.0,17.0,17.0,17.0,17.0,丽水,Lishui,浙江省
0.0,0.0,0.0,0.0,0.0,0.0,0.0,0.0,0.0,0.0,0.0,0.0,0.0,0.0,1.0,1.0,1.0,2.0,2.0,2.0,2.0,2.0,5.0,5.0,5.0,7.0,7.0,7.0,7.0,7.0,7.0,7.0,7.0,7.0,7.0,7.0,7.0,7.0,丽江,Lijiang,云南省
,,,,,,,0.0,0.0,0.0,0.0,0.0,0.0,0.0,0.0,0.0,0.0,0.0,,0.0,0.0,0.0,0.0,1.0,1.0,1.0,1.0,1.0,1.0,1.0,1.0,1.0,,2.0,2.0,2.0,2.0,2.0,乌兰察布,Wulanchabu,内蒙古自治区
,,,,,,,,,0.0,0.0,0.0,0.0,0.0,0.0,0.0,0.0,0.0,,0.0,0.0,0.0,0.0,0.0,0.0,0.0,0.0,0.0,0.0,0.0,0.0,1.0,,1.0,2.0,2.0,2.0,2.0,乌海,Wuhai,内蒙古自治区
,0.0,0.0,0.0,0.0,0.0,0.0,0.0,0.0,0.0,0.0,0.0,0.0,0.0,0.0,0.0,0.0,0.0,2.0,2.0,2.0,2.0,3.0,4.0,4.0,4.0,8.0,10.0,10.0,10.0,13.0,13.0,,13.0,14.0,16.0,17.0,19.0,乌鲁木齐,Wulumuqi,新疆维吾尔自治区
,,,,,,,0.0,0.0,0.0,0.0,0.0,0.0,0.0,0.0,0.0,0.0,0.0,0.0,0.0,0.0,0.0,0.0,0.0,0.0,0.0,0.0,0.0,2.0,2.0,2.0,2.0,2.0,2.0,2.0,2.0,2.0,2.0,乐东,Ledong,海南省
,,0.0,0.0,0.0,0.0,0.0,0.0,0.0,0.0,0.0,0.0,0.0,0.0,0.0,0.0,0.0,0.0,0.0,0.0,2.0,2.0,2.0,2.0,2.0,2.0,2.0,2.0,2.0,2.0,2.0,3.0,3.0,3.0,3.0,3.0,3.0,3.0,乐山,Leshan,四川省
0.0,0.0,0.0,0.0,0.0,0.0,0.0,0.0,0.0,2.0,2.0,3.0,3.0,4.0,5.0,5.0,7.0,7.0,13.0,14.0,14.0,16.0,18.0,22.0,22.0,30.0,33.0,44.0,47.0,47.0,51.0,57.0,62.0,71.0,80.0,91.0,94.0,94.0,九江,Jiujiang,江西省
,,,,,,,,,,,,,0.0,0.0,,,,,,,,,,,,,,,,,,,,,,,,五家渠,Wujiaqu,新疆维吾尔自治区
0.0,0.0,0.0,0.0,0.0,1.0,1.0,1.0,2.0,2.0,2.0,2.0,2.0,5.0,5.0,5.0,5.0,7.0,7.0,12.0,16.0,19.0,25.0,35.0,35.0,47.0,58.0,65.0,70.0,73.0,80.0,81.0,87.0,89.0,99.0,99.0,101.0,103.0,亳州,Bozhou,安徽省
0.0,0.0,0.0,0.0,0.0,0.0,0.0,1.0,1.0,3.0,3.0,3.0,4.0,16.0,27.0,19.0,23.0,48.0,52.0,56.0,64.0,75.0,80.0,104.0,126.0,140.0,168.0,203.0,229.0,250.0,267.0,287.0,335.0,356.0,375.0,407.0,427.0,457.0,仙桃,Xiantao,湖北省
,,,,,,,,,,,,,,,,,,,,,,,,,,,,0.0,,,,,,,,,,任城监狱,Renchengjianyu,山东省
,,,,,,,,,,,,,,,,,,,,,0.0,0.0,0.0,0.0,0.0,0.0,0.0,0.0,0.0,0.0,0.0,0.0,0.0,1.0,1.0,1.0,1.0,伊春,Yichun,黑龙江省
,,0.0,0.0,0.0,0.0,0.0,0.0,0.0,0.0,0.0,0.0,0.0,0.0,0.0,0.0,0.0,0.0,0.0,0.0,1.0,1.0,4.0,4.0,4.0,4.0,6.0,6.0,6.0,6.0,6.0,6.0,,8.0,10.0,12.0,18.0,18.0,伊犁,Yili,新疆维吾尔自治区
0.0,0.0,0.0,0.0,0.0,0.0,0.0,1.0,1.0,1.0,1.0,1.0,1.0,4.0,4.0,4.0,4.0,4.0,15.0,17.0,17.0,22.0,23.0,23.0,23.0,27.0,33.0,33.0,34.0,34.0,36.0,36.0,36.0,36.0,46.0,47.0,47.0,47.0,佛山,Foshan,广东省
,,,0.0,0.0,0.0,0.0,0.0,0.0,0.0,0.0,0.0,0.0,1.0,1.0,1.0,1.0,5.0,5.0,5.0,5.0,7.0,7.0,11.0,11.0,11.0,12.0,16.0,14.0,15.0,15.0,15.0,15.0,15.0,15.0,15.0,15.0,15.0,佳木斯,Jiamusi,黑龙江省
,,,,,,,,,,,,0.0,0.0,0.0,0.0,0.0,0.0,0.0,0.0,0.0,0.0,0.0,0.0,1.0,1.0,1.0,1.0,1.0,1.0,1.0,1.0,1.0,1.0,1.0,1.0,1.0,3.0,保亭,Baoting,海南省
,0.0,0.0,0.0,0.0,0.0,0.0,0.0,0.0,2.0,2.0,2.0,4.0,4.0,4.0,8.0,8.0,9.0,9.0,11.0,11.0,17.0,19.0,20.0,27.0,26.0,27.0,27.0,29.0,29.0,29.0,30.0,32.0,32.0,32.0,32.0,32.0,32.0,保定,Baoding,河北省
,,0.0,0.0,0.0,0.0,0.0,0.0,0.0,0.0,0.0,0.0,0.0,0.0,0.0,0.0,0.0,0.0,0.0,0.0,0.0,0.0,2.0,2.0,2.0,2.0,3.0,3.0,4.0,5.0,5.0,5.0,7.0,8.0,8.0,8.0,8.0,8.0,保山,Baoshan,云南省
0.0,0.0,0.0,0.0,0.0,0.0,0.0,0.0,0.0,4.0,6.0,6.0,6.0,9.0,15.0,24.0,28.0,28.0,34.0,38.0,49.0,61.0,66.0,76.0,86.0,86.0,88.0,97.0,136.0,150.0,173.0,193.0,199.0,221.0,229.0,234.0,260.0,263.0,信阳,Xinyang,河南省
,0.0,0.0,0.0,0.0,0.0,0.0,0.0,0.0,0.0,0.0,0.0,0.0,0.0,0.0,0.0,1.0,1.0,1.0,1.0,2.0,2.0,2.0,2.0,7.0,8.0,9.0,11.0,11.0,12.0,12.0,13.0,13.0,13.0,13.0,13.0,13.0,13.0,儋州,Danzhou,海南省
,,,,0.0,0.0,0.0,0.0,0.0,3.0,0.0,0.0,0.0,1.0,1.0,1.0,1.0,1.0,1.0,2.0,2.0,2.0,2.0,2.0,2.0,2.0,2.0,2.0,2.0,3.0,3.0,3.0,3.0,4.0,4.0,5.0,5.0,5.0,公主岭,Gongzhuling,吉林省
0.0,0.0,0.0,0.0,0.0,0.0,0.0,1.0,1.0,1.0,1.0,1.0,1.0,1.0,1.0,2.0,2.0,3.0,3.0,3.0,3.0,8.0,15.0,15.0,21.0,23.0,30.0,30.0,35.0,39.0,43.0,44.0,45.0,46.0,48.0,53.0,57.0,57.0,六安,Luan,安徽省
,,,0.0,0.0,0.0,0.0,0.0,,0.0,0.0,0.0,1.0,1.0,1.0,1.0,1.0,1.0,2.0,2.0,4.0,4.0,4.0,4.0,4.0,7.0,7.0,7.0,7.0,7.0,8.0,,9.0,,9.0,,,,六盘水,Liupanshui,贵州省
0.0,0.0,0.0,0.0,0.0,0.0,0.0,0.0,0.0,2.0,2.0,3.0,3.0,3.0,5.0,6.0,10.0,12.0,12.0,16.0,16.0,,19.0,22.0,22.0,24.0,25.0,26.0,29.0,,33.0,33.0,,33.0,,34.0,,34.0,兰州,Lanzhou,甘肃省
,,,0.0,0.0,0.0,0.0,0.0,0.0,0.0,0.0,0.0,0.0,0.0,0.0,0.0,0.0,0.0,,0.0,0.0,0.0,0.0,0.0,0.0,0.0,0.0,0.0,0.0,0.0,0.0,0.0,,0.0,0.0,1.0,1.0,1.0,兴安,Xingan,内蒙古自治区
,0.0,0.0,0.0,0.0,0.0,0.0,0.0,0.0,0.0,0.0,0.0,0.0,0.0,1.0,2.0,2.0,2.0,2.0,3.0,3.0,5.0,5.0,5.0,6.0,6.0,6.0,10.0,10.0,10.0,11.0,13.0,13.0,15.0,18.0,18.0,18.0,18.0,内江,Neijiang,四川省
,,,0.0,0.0,0.0,0.0,0.0,0.0,0.0,0.0,0.0,0.0,0.0,0.0,0.0,1.0,1.0,1.0,1.0,3.0,4.0,5.0,5.0,5.0,5.0,5.0,6.0,6.0,8.0,8.0,8.0,9.0,9.0,9.0,10.0,10.0,10.0,凉山,Liangshan,四川省
,,,0.0,0.0,0.0,0.0,0.0,0.0,0.0,0.0,0.0,0.0,0.0,0.0,0.0,0.0,0.0,,0.0,0.0,0.0,0.0,0.0,0.0,0.0,1.0,2.0,2.0,2.0,4.0,5.0,,5.0,5.0,5.0,6.0,6.0,包头,Baotou,内蒙古自治区
1.0,3.0,2.0,3.0,5.0,5.0,5.0,6.0,10.0,10.0,13.0,24.0,25.0,32.0,34.0,36.0,39.0,46.0,51.0,59.0,72.0,83.0,102.0,112.0,118.0,126.0,151.0,157.0,173.0,182.0,193.0,202.0,219.0,239.0,253.0,264.0,279.0,284.0,北京,Beijing,北京市
0.0,0.0,0.0,0.0,0.0,0.0,0.0,0.0,0.0,0.0,0.0,2.0,2.0,2.0,2.0,2.0,3.0,3.0,4.0,4.0,5.0,5.0,8.0,8.0,10.0,11.0,15.0,15.0,15.0,15.0,15.0,15.0,29.0,25.0,30.0,33.0,34.0,34.0,北海,Beihai,广西壮族自治区
0.0,0.0,0.0,0.0,0.0,0.0,0.0,0.0,0.0,0.0,0.0,2.0,2.0,2.0,2.0,2.0,3.0,3.0,4.0,4.0,5.0,5.0,8.0,8.0,10.0,11.0,15.0,15.0,15.0,15.0,15.0,15.0,29.0,25.0,30.0,33.0,34.0,34.0,北海,Beihai,青海省
0.0,0.0,0.0,0.0,0.0,0.0,0.0,0.0,0.0,1.0,2.0,6.0,9.0,20.0,28.0,40.0,47.0,46.0,65.0,80.0,82.0,91.0,103.0,118.0,128.0,146.0,166.0,189.0,214.0,241.0,269.0,295.0,320.0,351.0,375.0,395.0,428.0,448.0,十堰,Shiyan,湖北省
0.0,0.0,0.0,0.0,0.0,0.0,0.0,2.0,2.0,2.0,2.0,4.0,10.0,11.0,15.0,20.0,22.0,22.0,22.0,24.0,26.0,27.0,27.0,32.0,32.0,35.0,38.0,47.0,52.0,52.0,52.0,57.0,57.0,58.0,58.0,58.0,58.0,63.0,南京,Nanjing,江苏省
,,0.0,0.0,0.0,0.0,0.0,0.0,0.0,0.0,0.0,0.0,1.0,2.0,2.0,2.0,2.0,4.0,4.0,5.0,6.0,7.0,9.0,9.0,12.0,12.0,14.0,15.0,15.0,18.0,20.0,22.0,23.0,23.0,23.0,23.0,23.0,24.0,南充,Nanchong,四川省
,,0.0,0.0,0.0,0.0,0.0,0.0,0.0,0.0,0.0,0.0,0.0,0.0,0.0,0.0,2.0,8.0,8.0,10.0,10.0,11.0,11.0,14.0,16.0,18.0,23.0,24.0,25.0,28.0,29.0,34.0,36.0,42.0,44.0,46.0,50.0,52.0,南宁,Nanning,广西壮族自治区
,,0.0,0.0,0.0,0.0,0.0,0.0,0.0,0.0,0.0,0.0,0.0,0.0,1.0,1.0,2.0,2.0,3.0,3.0,3.0,4.0,5.0,7.0,7.0,8.0,8.0,8.0,8.0,10.0,10.0,10.0,12.0,12.0,13.0,14.0,14.0,15.0,南平,Nanping,福建省
0.0,0.0,0.0,0.0,1.0,0.0,0.0,1.0,1.0,1.0,4.0,4.0,7.0,10.0,14.0,20.0,27.0,38.0,47.0,53.0,61.0,68.0,72.0,75.0,89.0,95.0,114.0,133.0,145.0,162.0,178.0,181.0,184.0,187.0,193.0,198.0,202.0,207.0,南昌,Nanchang,江西省
0.0,0.0,0.0,0.0,0.0,0.0,0.0,0.0,0.0,0.0,0.0,0.0,0.0,2.0,2.0,2.0,2.0,5.0,5.0,11.0,11.0,11.0,15.0,15.0,17.0,19.0,23.0,23.0,23.0,28.0,32.0,33.0,34.0,35.0,37.0,37.0,37.0,37.0,南通,Nantong,江苏省
,0.0,1.0,1.0,1.0,1.0,2.0,2.0,2.0,3.0,3.0,4.0,4.0,5.0,8.0,18.0,25.0,30.0,34.0,38.0,40.0,47.0,54.0,59.0,67.0,67.0,68.0,68.0,68.0,106.0,116.0,127.0,132.0,132.0,141.0,142.0,152.0,152.0,南阳,Nanyang,河南省
0.0,0.0,0.0,0.0,0.0,0.0,0.0,0.0,0.0,0.0,0.0,0.0,1.0,1.0,2.0,2.0,2.0,3.0,3.0,4.0,4.0,4.0,5.0,6.0,9.0,9.0,10.0,10.0,17.0,17.0,19.0,23.0,27.0,30.0,31.0,34.0,34.0,34.0,厦门,Xiamen,福建省
,,,0.0,0.0,0.0,0.0,0.0,0.0,0.0,0.0,0.0,1.0,1.0,1.0,3.0,3.0,3.0,3.0,3.0,3.0,3.0,3.0,3.0,6.0,6.0,11.0,14.0,19.0,22.0,23.0,23.0,26.0,31.0,32.0,35.0,39.0,39.0,双鸭山,Shuangyashan,黑龙江省
0.0,0.0,1.0,0.0,0.0,0.0,0.0,1.0,4.0,7.0,11.0,11.0,14.0,14.0,17.0,25.0,27.0,35.0,38.0,46.0,49.0,52.0,60.0,63.0,64.0,69.0,74.0,77.0,84.0,92.0,98.0,98.0,98.0,101.0,103.0,106.0,107.0,108.0,台州,Taizhou,浙江省
0.0,0.0,0.0,0.0,0.0,1.0,1.0,1.0,2.0,2.0,5.0,5.0,5.0,7.0,9.0,11.0,11.0,15.0,21.0,29.0,35.0,39.0,39.0,44.0,50.0,72.0,76.0,84.0,98.0,105.0,102.0,104.0,120.0,128.0,136.0,139.0,144.0,145.0,合肥,Hefei,安徽省
0.0,0.0,0.0,0.0,1.0,1.0,1.0,1.0,1.0,1.0,1.0,1.0,1.0,1.0,1.0,1.0,1.0,2.0,4.0,5.0,5.0,5.0,7.0,9.0,10.0,10.0,11.0,11.0,11.0,11.0,11.0,13.0,12.0,13.0,13.0,15.0,15.0,18.0,吉安,Jian,江西省
0.0,0.0,,0.0,0.0,0.0,0.0,0.0,0.0,0.0,0.0,0.0,1.0,2.0,2.0,2.0,2.0,2.0,2.0,3.0,3.0,3.0,3.0,3.0,3.0,3.0,3.0,4.0,4.0,5.0,5.0,5.0,5.0,5.0,5.0,5.0,5.0,5.0,吉林,Jilin,吉林省
,,,,0.0,0.0,0.0,0.0,0.0,0.0,0.0,0.0,0.0,0.0,0.0,0.0,0.0,0.0,1.0,1.0,1.0,1.0,1.0,1.0,1.0,1.0,1.0,1.0,1.0,1.0,1.0,1.0,,1.0,1.0,1.0,1.0,1.0,吐鲁番,Tulufan,新疆维吾尔自治区
,,,0.0,0.0,0.0,0.0,0.0,0.0,0.0,0.0,0.0,1.0,3.0,3.0,3.0,3.0,3.0,5.0,5.0,5.0,5.0,6.0,6.0,6.0,6.0,6.0,6.0,6.0,6.0,6.0,6.0,6.0,6.0,6.0,6.0,6.0,6.0,吕梁,Lvliang,山西省
,,,,0.0,0.0,0.0,0.0,0.0,0.0,0.0,0.0,,0.0,0.0,0.0,4.0,4.0,6.0,6.0,6.0,6.0,6.0,,6.0,9.0,9.0,9.0,12.0,,19.0,20.0,22.0,25.0,26.0,,27.0,,吴忠,Wuzhong,宁夏回族自治区
0.0,0.0,0.0,0.0,0.0,0.0,0.0,1.0,1.0,1.0,1.0,1.0,1.0,1.0,10.0,10.0,11.0,16.0,17.0,20.0,20.0,25.0,25.0,29.0,32.0,32.0,34.0,34.0,41.0,48.0,49.0,51.0,52.0,56.0,57.0,57.0,67.0,70.0,周口,Zhoukou,河南省
,0.0,0.0,0.0,0.0,0.0,0.0,1.0,1.0,1.0,1.0,1.0,1.0,1.0,1.0,1.0,1.0,1.0,,1.0,1.0,1.0,1.0,1.0,1.0,1.0,1.0,1.0,2.0,3.0,4.0,4.0,,4.0,4.0,4.0,4.0,5.0,呼伦贝尔,Hulunbeier,内蒙古自治区
,,,,0.0,0.0,0.0,0.0,0.0,0.0,0.0,0.0,0.0,0.0,0.0,0.0,0.0,0.0,,0.0,0.0,0.0,0.0,0.0,0.0,0.0,0.0,2.0,2.0,2.0,2.0,2.0,,2.0,2.0,4.0,4.0,4.0,呼和浩特,Huhehaote,内蒙古自治区
,,0.0,0.0,0.0,0.0,0.0,0.0,1.0,1.0,1.0,1.0,2.0,6.0,9.0,18.0,38.0,48.0,61.0,82.0,92.0,107.0,135.0,160.0,191.0,216.0,238.0,278.0,324.0,374.0,409.0,456.0,515.0,578.0,627.0,655.0,688.0,704.0,咸宁,Xianning,湖北省
0.0,0.0,0.0,0.0,0.0,0.0,0.0,0.0,0.0,0.0,0.0,0.0,0.0,1.0,1.0,2.0,2.0,4.0,4.0,4.0,4.0,5.0,5.0,6.0,6.0,7.0,8.0,10.0,14.0,14.0,14.0,15.0,16.0,16.0,16.0,17.0,17.0,16.0,咸阳,Xianyang,陕西省
0.0,0.0,0.0,0.0,0.0,0.0,0.0,0.0,2.0,2.0,2.0,4.0,6.0,7.0,9.0,9.0,9.0,15.0,15.0,15.0,16.0,21.0,33.0,36.0,35.0,50.0,51.0,58.0,79.0,80.0,80.0,80.0,80.0,80.0,88.0,89.0,98.0,138.0,哈尔滨,Haerbin,黑龙江省
,,,,0.0,0.0,0.0,0.0,0.0,0.0,0.0,0.0,0.0,0.0,2.0,2.0,2.0,2.0,3.0,3.0,4.0,4.0,9.0,9.0,10.0,13.0,14.0,17.0,20.0,21.0,21.0,28.0,31.0,37.0,41.0,42.0,43.0,49.0,唐山,Tangshan,河北省
,,,0.0,0.0,0.0,0.0,0.0,0.0,0.0,0.0,0.0,3.0,4.0,5.0,5.0,9.0,9.0,14.0,14.0,27.0,27.0,32.0,32.0,49.0,49.0,53.0,53.0,66.0,71.0,72.0,77.0,81.0,83.0,85.0,85.0,89.0,90.0,商丘,Shangqiu,河南省
,0.0,0.0,0.0,0.0,0.0,0.0,0.0,0.0,0.0,0.0,0.0,0.0,1.0,1.0,1.0,1.0,1.0,1.0,1.0,1.0,1.0,2.0,2.0,2.0,2.0,2.0,4.0,4.0,4.0,5.0,5.0,5.0,5.0,6.0,6.0,6.0,6.0,商洛,Shangluo,陕西省
0.0,0.0,0.0,0.0,0.0,0.0,0.0,0.0,0.0,0.0,0.0,0.0,0.0,1.0,1.0,1.0,3.0,5.0,6.0,6.0,8.0,10.0,11.0,11.0,13.0,15.0,17.0,20.0,22.0,23.0,25.0,28.0,28.0,30.0,32.0,34.0,37.0,41.0,嘉兴,Jiaxing,浙江省
,,,0.0,0.0,0.0,0.0,0.0,0.0,0.0,0.0,0.0,0.0,0.0,1.0,1.0,1.0,2.0,2.0,3.0,3.0,3.0,3.0,5.0,5.0,5.0,5.0,8.0,9.0,10.0,10.0,10.0,11.0,12.0,12.0,12.0,12.0,12.0,四平,Siping,吉林省
,0.0,0.0,0.0,0.0,0.0,0.0,0.0,0.0,0.0,0.0,0.0,,0.0,2.0,0.0,2.0,2.0,2.0,2.0,2.0,2.0,2.0,,2.0,3.0,3.0,3.0,3.0,,3.0,4.0,4.0,5.0,5.0,,5.0,,固原,Guyuan,宁夏回族自治区
,0.0,0.0,,,,,,,,,,,,,,,,,,,,,,,,,,,,,,,,,,,,固始,Gushi,河南省
,,,,,,,,,,,,,0.0,0.0,,,,,,,,,,,,,,,,,,,,,,,,塔城,Tacheng,新疆维吾尔自治区
,,,,,0.0,0.0,0.0,0.0,0.0,0.0,0.0,0.0,0.0,0.0,0.0,0.0,0.0,0.0,0.0,0.0,0.0,0.0,1.0,1.0,1.0,2.0,2.0,2.0,2.0,2.0,2.0,2.0,2.0,2.0,2.0,2.0,2.0,大兴安岭,Daxinganling,黑龙江省
,0.0,0.0,0.0,0.0,0.0,0.0,0.0,0.0,0.0,0.0,0.0,0.0,0.0,3.0,3.0,3.0,3.0,3.0,4.0,4.0,4.0,4.0,4.0,4.0,6.0,6.0,6.0,6.0,6.0,8.0,8.0,8.0,8.0,8.0,8.0,8.0,8.0,大同,Datong,山西省
0.0,0.0,0.0,0.0,0.0,0.0,0.0,0.0,0.0,0.0,0.0,0.0,0.0,1.0,1.0,1.0,1.0,1.0,1.0,1.0,2.0,2.0,3.0,4.0,5.0,8.0,8.0,9.0,9.0,9.0,9.0,10.0,13.0,13.0,15.0,17.0,18.0,18.0,大庆,Daqing,黑龙江省
,0.0,0.0,0.0,0.0,0.0,0.0,0.0,1.0,1.0,1.0,1.0,1.0,1.0,2.0,2.0,2.0,2.0,2.0,3.0,3.0,5.0,6.0,6.0,6.0,10.0,10.0,10.0,10.0,11.0,11.0,12.0,12.0,12.0,12.0,12.0,13.0,13.0,大理,Dali,云南省
0.0,0.0,0.0,0.0,0.0,1.0,1.0,1.0,1.0,1.0,1.0,2.0,3.0,3.0,3.0,3.0,3.0,3.0,3.0,4.0,4.0,4.0,5.0,5.0,5.0,9.0,9.0,9.0,9.0,9.0,9.0,11.0,11.0,11.0,12.0,,12.0,15.0,大连,Dalian,辽宁省
,,,,0.0,0.0,0.0,0.0,0.0,0.0,0.0,0.0,0.0,0.0,1.0,1.0,1.0,1.0,1.0,6.0,6.0,,9.0,9.0,11.0,11.0,12.0,12.0,12.0,,12.0,12.0,,12.0,,12.0,,12.0,天水,Tianshui,甘肃省
,,0.0,0.0,0.0,0.0,0.0,0.0,0.0,1.0,1.0,2.0,3.0,3.0,3.0,5.0,5.0,9.0,12.0,13.0,24.0,34.0,40.0,48.0,49.0,51.0,57.0,62.0,65.0,68.0,84.0,90.0,94.0,99.0,105.0,105.0,112.0,114.0,天津,Tianjin,天津市
,0.0,0.0,0.0,2.0,3.0,3.0,6.0,7.0,7.0,10.0,10.0,10.0,11.0,11.0,11.0,20.0,20.0,22.0,22.0,23.0,31.0,31.0,37.0,49.0,66.0,84.0,145.0,177.0,210.0,245.0,271.0,295.0,299.0,320.0,345.0,375.0,384.0,天门,Tianmen,湖北省
0.0,0.0,0.0,0.0,0.0,1.0,1.0,1.0,1.0,1.0,1.0,1.0,1.0,1.0,1.0,1.0,1.0,3.0,3.0,3.0,3.0,3.0,3.0,6.0,6.0,8.0,9.0,13.0,12.0,12.0,15.0,14.0,14.0,16.0,18.0,18.0,19.0,20.0,太原,Taiyuan,山西省
0.0,0.0,0.0,0.0,0.0,0.0,0.0,0.0,0.0,2.0,2.0,2.0,2.0,5.0,5.0,5.0,8.0,8.0,8.0,9.0,9.0,9.0,9.0,9.0,9.0,10.0,10.0,14.0,18.0,21.0,21.0,25.0,27.0,27.0,27.0,28.0,30.0,33.0,威海,Weihai,山东省
0.0,0.0,0.0,0.0,0.0,0.0,0.0,0.0,1.0,1.0,2.0,3.0,3.0,3.0,4.0,8.0,8.0,8.0,12.0,18.0,22.0,25.0,29.0,34.0,35.0,40.0,47.0,51.0,54.0,55.0,54.0,55.0,56.0,57.0,58.0,60.0,60.0,62.0,娄底,Loudi,湖南省
0.0,0.0,0.0,2.0,1.0,3.0,6.0,11.0,14.0,16.0,16.0,21.0,24.0,55.0,55.0,68.0,82.0,114.0,181.0,224.0,258.0,312.0,375.0,445.0,519.0,598.0,654.0,763.0,865.0,1015.0,1180.0,1285.0,1438.0,1501.0,1738.0,1909.0,2162.0,2333.0,孝感,Xiaogan,湖北省
,,,,,,0.0,0.0,0.0,0.0,0.0,0.0,,0.0,0.0,0.0,0.0,0.0,1.0,1.0,1.0,1.0,1.0,,1.0,1.0,1.0,1.0,1.0,,1.0,1.0,1.0,1.0,1.0,,1.0,,宁东,Ningdong,宁夏回族自治区
0.0,0.0,0.0,0.0,0.0,0.0,0.0,0.0,0.0,0.0,0.0,0.0,1.0,1.0,4.0,4.0,4.0,4.0,4.0,5.0,6.0,6.0,6.0,6.0,6.0,6.0,12.0,17.0,17.0,20.0,20.0,20.0,20.0,23.0,23.0,23.0,23.0,23.0,宁德,Ningde,福建省
0.0,0.0,0.0,0.0,0.0,0.0,0.0,1.0,1.0,1.0,1.0,4.0,4.0,9.0,12.0,12.0,15.0,18.0,24.0,25.0,35.0,46.0,46.0,55.0,63.0,68.0,89.0,91.0,103.0,106.0,109.0,114.0,123.0,122.0,137.0,138.0,146.0,148.0,宁波,Ningbo,浙江省
0.0,0.0,0.0,0.0,0.0,0.0,0.0,0.0,0.0,0.0,0.0,3.0,3.0,3.0,6.0,6.0,12.0,15.0,15.0,15.0,29.0,32.0,33.0,34.0,34.0,39.0,44.0,53.0,55.0,61.0,65.0,69.0,69.0,74.0,79.0,79.0,80.0,82.0,安庆,Anqing,安徽省
0.0,0.0,0.0,0.0,0.0,0.0,0.0,0.0,0.0,0.0,0.0,0.0,1.0,1.0,1.0,1.0,5.0,5.0,5.0,5.0,5.0,5.0,5.0,7.0,7.0,10.0,15.0,15.0,16.0,16.0,17.0,17.0,20.0,20.0,20.0,20.0,23.0,23.0,安康,Ankang,陕西省
,,0.0,0.0,0.0,0.0,0.0,0.0,0.0,0.0,0.0,1.0,1.0,1.0,2.0,3.0,3.0,10.0,10.0,10.0,13.0,16.0,18.0,20.0,24.0,26.0,28.0,29.0,31.0,33.0,37.0,41.0,41.0,43.0,44.0,44.0,47.0,47.0,安阳,Anyang,河南省
,,,,,,,,,0.0,0.0,0.0,0.0,0.0,0.0,0.0,0.0,0.0,0.0,0.0,0.0,0.0,0.0,1.0,1.0,1.0,1.0,1.0,1.0,1.0,1.0,,3.0,,4.0,,,,安顺,Anshun,贵州省
,,,,,,,0.0,0.0,0.0,0.0,0.0,0.0,0.0,0.0,0.0,0.0,0.0,0.0,0.0,2.0,2.0,2.0,2.0,3.0,3.0,3.0,3.0,3.0,3.0,3.0,3.0,3.0,3.0,3.0,3.0,3.0,3.0,定安,Dingan,海南省
,,0.0,0.0,0.0,0.0,0.0,0.0,0.0,1.0,1.0,1.0,1.0,1.0,1.0,1.0,1.0,2.0,2.0,2.0,3.0,,8.0,8.0,8.0,8.0,8.0,8.0,8.0,,8.0,8.0,,8.0,,8.0,,8.0,定西,Dingxi,甘肃省
,,,0.0,0.0,0.0,0.0,0.0,0.0,0.0,0.0,0.0,0.0,0.0,0.0,0.0,3.0,3.0,3.0,3.0,3.0,6.0,6.0,6.0,6.0,6.0,7.0,7.0,7.0,8.0,8.0,8.0,10.0,10.0,10.0,10.0,10.0,10.0,宜宾,Yibin,四川省
1.0,1.0,1.0,1.0,1.0,1.0,1.0,1.0,1.0,1.0,3.0,5.0,13.0,15.0,22.0,33.0,56.0,51.0,60.0,70.0,83.0,95.0,107.0,161.0,180.0,210.0,233.0,258.0,278.0,302.0,318.0,333.0,376.0,392.0,426.0,460.0,494.0,537.0,宜昌,Yichang,湖北省
,0.0,0.0,0.0,0.0,0.0,0.0,0.0,0.0,1.0,1.0,2.0,3.0,3.0,4.0,5.0,6.0,10.0,10.0,16.0,16.0,18.0,20.0,20.0,24.0,30.0,33.0,42.0,53.0,58.0,72.0,76.0,84.0,90.0,95.0,96.0,96.0,104.0,宜春,Yichun,江西省
,,,,0.0,0.0,0.0,0.0,0.0,0.0,0.0,0.0,0.0,0.0,2.0,2.0,2.0,2.0,2.0,5.0,7.0,7.0,7.0,8.0,9.0,9.0,9.0,10.0,11.0,11.0,11.0,12.0,12.0,12.0,12.0,12.0,12.0,12.0,宝鸡,Baoji,陕西省
,,0.0,0.0,0.0,0.0,0.0,0.0,0.0,1.0,1.0,1.0,1.0,2.0,2.0,2.0,2.0,2.0,4.0,4.0,4.0,4.0,4.0,4.0,4.0,4.0,4.0,4.0,4.0,4.0,4.0,4.0,4.0,4.0,4.0,4.0,4.0,4.0,宣城,Xuancheng,安徽省
,,0.0,0.0,0.0,0.0,0.0,0.0,0.0,0.0,0.0,0.0,0.0,0.0,0.0,1.0,2.0,3.0,3.0,8.0,8.0,10.0,11.0,13.0,15.0,17.0,20.0,22.0,23.0,26.0,26.0,29.0,29.0,30.0,30.0,33.0,36.0,36.0,宿州,Suzhou,安徽省
,,,,,0.0,0.0,0.0,0.0,,,,,,,,,,,,,,,,,,,,,,,,,,,,,,宿松,Susong,安徽省
,0.0,0.0,0.0,0.0,0.0,0.0,0.0,0.0,0.0,0.0,0.0,0.0,0.0,0.0,0.0,0.0,3.0,6.0,6.0,6.0,6.0,7.0,7.0,7.0,7.0,7.0,7.0,8.0,8.0,9.0,9.0,11.0,11.0,11.0,12.0,12.0,12.0,宿迁,Suqian,江苏省
0.0,0.0,0.0,0.0,0.0,0.0,0.0,0.0,0.0,0.0,0.0,0.0,2.0,3.0,4.0,11.0,18.0,22.0,22.0,43.0,43.0,45.0,52.0,55.0,64.0,65.0,65.0,73.0,77.0,88.0,92.0,92.0,107.0,107.0,112.0,114.0,116.0,117.0,岳阳,Yueyang,湖南省
0.0,0.0,0.0,,,,,,,,,,,,,,,,,,,,,,,,,,,,,,,,,,,,巩义,Gongyi,河南省
,,,,,0.0,0.0,0.0,0.0,0.0,0.0,0.0,0.0,0.0,1.0,1.0,1.0,1.0,1.0,1.0,1.0,1.0,1.0,3.0,3.0,3.0,3.0,10.0,10.0,10.0,10.0,10.0,10.0,11.0,11.0,11.0,12.0,12.0,巴中,Bazhong,四川省
,,,,,,,,,,,,,0.0,0.0,0.0,0.0,0.0,0.0,0.0,0.0,0.0,0.0,0.0,0.0,0.0,0.0,0.0,2.0,2.0,2.0,2.0,,3.0,3.0,3.0,3.0,3.0,巴州,Bazhou,新疆维吾尔自治区
,,,,,0.0,0.0,0.0,0.0,0.0,0.0,0.0,0.0,0.0,0.0,0.0,0.0,0.0,,0.0,0.0,0.0,0.0,0.0,0.0,0.0,0.0,0.0,0.0,3.0,3.0,6.0,,6.0,6.0,6.0,6.0,7.0,巴彦淖尔,Bayannaoer,内蒙古自治区
,0.0,1.0,0.0,0.0,0.0,0.0,0.0,0.0,0.0,0.0,2.0,2.0,5.0,5.0,5.0,6.0,6.0,6.0,12.0,12.0,11.0,11.0,21.0,20.0,27.0,27.0,29.0,36.0,36.0,36.0,41.0,41.0,48.0,48.0,48.0,48.0,48.0,常州,Changzhou,江苏省
,0.0,0.0,0.0,0.0,0.0,0.0,0.0,0.0,0.0,0.0,3.0,3.0,14.0,14.0,15.0,15.0,15.0,18.0,24.0,26.0,27.0,28.0,31.0,34.0,43.0,49.0,52.0,58.0,60.0,61.0,62.0,66.0,67.0,69.0,72.0,72.0,72.0,常德,Changde,湖南省
,,,,,0.0,0.0,0.0,0.0,0.0,0.0,0.0,0.0,0.0,0.0,0.0,0.0,0.0,0.0,1.0,1.0,,1.0,1.0,1.0,3.0,3.0,4.0,6.0,,6.0,6.0,,6.0,,6.0,,6.0,平凉,Pingliang,甘肃省
,0.0,0.0,0.0,0.0,0.0,0.0,0.0,0.0,0.0,0.0,0.0,0.0,0.0,1.0,7.0,15.0,13.0,15.0,16.0,20.0,20.0,21.0,21.0,25.0,28.0,32.0,36.0,40.0,40.0,43.0,44.0,45.0,45.0,52.0,54.0,54.0,58.0,平顶山,Pingdingshan,河南省
,,,,,0.0,0.0,0.0,0.0,0.0,0.0,0.0,0.0,0.0,0.0,0.0,1.0,1.0,1.0,1.0,1.0,2.0,2.0,3.0,3.0,4.0,4.0,4.0,5.0,5.0,6.0,6.0,6.0,6.0,6.0,6.0,6.0,6.0,广元,Guangyuan,四川省
0.0,0.0,0.0,0.0,0.0,0.0,0.0,0.0,0.0,1.0,1.0,1.0,1.0,1.0,2.0,3.0,3.0,3.0,3.0,5.0,7.0,8.0,8.0,10.0,13.0,14.0,18.0,19.0,20.0,20.0,20.0,20.0,20.0,20.0,21.0,23.0,23.0,25.0,广安,Guangan,四川省
0.0,0.0,0.0,0.0,0.0,0.0,3.0,3.0,3.0,3.0,3.0,3.0,12.0,20.0,21.0,27.0,41.0,43.0,49.0,71.0,78.0,93.0,106.0,121.0,132.0,142.0,148.0,157.0,172.0,190.0,196.0,204.0,211.0,223.0,231.0,241.0,249.0,261.0,广州,Guangzhou,广东省
,,,,,,,,,,0.0,0.0,0.0,0.0,0.0,0.0,0.0,0.0,0.0,1.0,1.0,,2.0,2.0,2.0,2.0,2.0,2.0,2.0,,2.0,2.0,,2.0,,2.0,,2.0,庆阳,Qingyang,甘肃省
,,,0.0,0.0,0.0,0.0,0.0,0.0,1.0,1.0,1.0,1.0,1.0,4.0,4.0,4.0,5.0,8.0,8.0,11.0,12.0,14.0,14.0,16.0,18.0,20.0,21.0,22.0,25.0,27.0,28.0,28.0,30.0,30.0,30.0,30.0,30.0,廊坊,Langfang,河北省
0.0,0.0,0.0,0.0,0.0,0.0,0.0,0.0,0.0,0.0,0.0,0.0,0.0,0.0,0.0,0.0,1.0,2.0,2.0,6.0,6.0,6.0,6.0,6.0,6.0,6.0,6.0,6.0,6.0,8.0,8.0,8.0,8.0,8.0,8.0,8.0,8.0,8.0,延安,Yanan,陕西省
,,,,,,0.0,0.0,0.0,1.0,0.0,0.0,0.0,0.0,0.0,0.0,2.0,2.0,2.0,2.0,2.0,2.0,2.0,2.0,2.0,4.0,4.0,4.0,4.0,4.0,4.0,5.0,5.0,5.0,5.0,5.0,5.0,5.0,延边,Yanbian,吉林省
,,,0.0,0.0,0.0,0.0,0.0,0.0,0.0,0.0,1.0,1.0,1.0,1.0,1.0,1.0,1.0,1.0,2.0,3.0,8.0,6.0,7.0,8.0,9.0,11.0,13.0,15.0,16.0,16.0,16.0,16.0,16.0,17.0,18.0,18.0,18.0,开封,Kaifeng,河南省
,,,,,0.0,0.0,0.0,0.0,0.0,0.0,0.0,0.0,1.0,1.0,1.0,2.0,2.0,2.0,3.0,4.0,7.0,9.0,9.0,9.0,15.0,24.0,24.0,25.0,25.0,28.0,28.0,32.0,32.0,33.0,33.0,33.0,35.0,张家口,Zhangjiakou,河北省
,,,,,,0.0,0.0,0.0,0.0,0.0,0.0,2.0,2.0,2.0,2.0,2.0,3.0,3.0,3.0,3.0,3.0,4.0,4.0,5.0,5.0,5.0,5.0,5.0,5.0,5.0,5.0,5.0,5.0,5.0,5.0,5.0,5.0,张家界,Zhangjiajie,湖南省
,,,0.0,0.0,0.0,0.0,0.0,0.0,0.0,0.0,0.0,0.0,0.0,0.0,0.0,1.0,1.0,1.0,1.0,2.0,,2.0,2.0,2.0,2.0,2.0,2.0,2.0,,2.0,2.0,,2.0,,2.0,,2.0,张掖,Zhangye,甘肃省
,,,0.0,0.0,0.0,0.0,0.0,0.0,0.0,0.0,0.0,1.0,3.0,3.0,3.0,8.0,8.0,10.0,16.0,17.0,20.0,23.0,28.0,42.0,42.0,51.0,55.0,58.0,63.0,66.0,67.0,67.0,69.0,71.0,71.0,71.0,71.0,徐州,Xuzhou,江苏省
,,0.0,0.0,0.0,0.0,0.0,0.0,0.0,0.0,0.0,0.0,0.0,0.0,0.0,0.0,0.0,0.0,0.0,2.0,2.0,2.0,2.0,2.0,2.0,2.0,2.0,2.0,2.0,2.0,2.0,2.0,2.0,4.0,4.0,4.0,4.0,4.0,德宏,Dehong,云南省
,0.0,0.0,0.0,0.0,0.0,0.0,1.0,1.0,1.0,1.0,1.0,1.0,2.0,2.0,4.0,4.0,6.0,6.0,7.0,7.0,8.0,8.0,8.0,10.0,10.0,10.0,13.0,13.0,14.0,14.0,17.0,17.0,17.0,17.0,19.0,20.0,20.0,德州,Dezhou,山东省
0.0,0.0,0.0,0.0,0.0,0.0,0.0,0.0,0.0,0.0,0.0,0.0,0.0,0.0,0.0,0.0,0.0,0.0,0.0,0.0,0.0,0.0,0.0,0.0,1.0,1.0,1.0,3.0,5.0,6.0,7.0,7.0,9.0,9.0,10.0,10.0,10.0,10.0,德阳,Deyang,四川省
,,,,,,,,0.0,0.0,0.0,0.0,0.0,0.0,0.0,0.0,1.0,0.0,0.0,0.0,0.0,0.0,0.0,1.0,1.0,4.0,4.0,4.0,4.0,4.0,4.0,4.0,5.0,5.0,5.0,7.0,6.0,6.0,忻州,Xinzhou,山西省
0.0,0.0,0.0,0.0,0.0,0.0,0.0,0.0,1.0,1.0,1.0,1.0,6.0,7.0,10.0,14.0,15.0,15.0,21.0,21.0,23.0,26.0,30.0,30.0,32.0,37.0,37.0,38.0,38.0,38.0,38.0,38.0,39.0,40.0,40.0,40.0,40.0,40.0,怀化,Huaihua,湖南省
,0.0,0.0,0.0,0.0,0.0,0.0,0.0,1.0,4.0,5.0,5.0,10.0,10.0,13.0,20.0,27.0,30.0,35.0,48.0,52.0,64.0,79.0,80.0,86.0,94.0,100.0,105.0,115.0,120.0,126.0,150.0,155.0,162.0,168.0,176.0,185.0,196.0,恩施,Enshi,湖北省
0.0,0.0,0.0,0.0,0.0,1.0,1.0,1.0,1.0,1.0,1.0,1.0,1.0,1.0,1.0,1.0,1.0,4.0,4.0,4.0,14.0,18.0,26.0,26.0,34.0,36.0,38.0,38.0,41.0,46.0,46.0,46.0,49.0,52.0,54.0,55.0,58.0,60.0,惠州,Huizhou,广东省
0.0,0.0,0.0,0.0,0.0,2.0,2.0,2.0,4.0,10.0,11.0,11.0,18.0,20.0,26.0,34.0,36.0,40.0,42.0,42.0,43.0,44.0,45.0,50.0,56.0,57.0,62.0,70.0,74.0,78.0,81.0,81.0,82.0,84.0,86.0,88.0,91.0,91.0,成都,Chengdu,四川省
0.0,0.0,0.0,0.0,0.0,0.0,0.0,0.0,0.0,0.0,0.0,0.0,0.0,0.0,2.0,2.0,2.0,3.0,6.0,6.0,6.0,6.0,7.0,8.0,9.0,11.0,11.0,13.0,13.0,15.0,17.0,17.0,17.0,17.0,17.0,17.0,23.0,23.0,扬州,Yangzhou,江苏省
,0.0,0.0,0.0,0.0,0.0,0.0,0.0,0.0,0.0,0.0,0.0,0.0,0.0,0.0,0.0,1.0,1.0,1.0,1.0,1.0,3.0,3.0,5.0,4.0,4.0,4.0,5.0,6.0,6.0,7.0,7.0,7.0,7.0,7.0,7.0,7.0,7.0,承德,Chengde,河北省
0.0,0.0,0.0,0.0,0.0,0.0,0.0,0.0,0.0,0.0,0.0,0.0,1.0,5.0,7.0,7.0,7.0,9.0,9.0,11.0,14.0,14.0,17.0,21.0,22.0,28.0,29.0,35.0,37.0,46.0,47.0,51.0,52.0,58.0,61.0,61.0,63.0,65.0,抚州,Fuzhou,江西省
,,,,,,,,,,,0.0,,,,,,,,1.0,1.0,,,,,,,,,,1.0,,,,,,,,拉萨,Lasa,西藏自治区
,,0.0,0.0,0.0,0.0,0.0,0.0,0.0,0.0,0.0,0.0,0.0,0.0,0.0,1.0,1.0,1.0,3.0,3.0,3.0,4.0,4.0,4.0,4.0,4.0,4.0,4.0,4.0,4.0,4.0,5.0,5.0,5.0,5.0,5.0,6.0,6.0,揭阳,Jieyang,广东省
,,,,,,,0.0,0.0,0.0,0.0,0.0,0.0,0.0,1.0,3.0,5.0,7.0,8.0,8.0,9.0,9.0,10.0,10.0,10.0,11.0,11.0,11.0,13.0,15.0,16.0,16.0,16.0,16.0,16.0,16.0,16.0,16.0,攀枝花,Panzhihua,四川省
,,,,,,,,,,,0.0,0.0,0.0,0.0,0.0,0.0,0.0,0.0,0.0,0.0,0.0,0.0,0.0,0.0,0.0,0.0,0.0,1.0,1.0,1.0,2.0,2.0,2.0,2.0,2.0,2.0,2.0,文山,Wenshan,云南省
,,,,,,,,,,0.0,0.0,0.0,0.0,0.0,0.0,0.0,0.0,0.0,0.0,1.0,1.0,1.0,1.0,1.0,1.0,2.0,3.0,3.0,3.0,3.0,3.0,3.0,3.0,3.0,3.0,3.0,3.0,文昌,Wenchang,海南省
,0.0,0.0,0.0,0.0,0.0,0.0,0.0,0.0,0.0,0.0,0.0,2.0,2.0,4.0,5.0,6.0,8.0,8.0,8.0,9.0,12.0,12.0,18.0,23.0,23.0,27.0,29.0,35.0,46.0,49.0,51.0,51.0,52.0,52.0,54.0,56.0,56.0,新乡,Xinxiang,河南省
0.0,0.0,0.0,0.0,1.0,1.0,3.0,2.0,2.0,3.0,3.0,3.0,4.0,5.0,5.0,8.0,13.0,18.0,22.0,26.0,28.0,31.0,34.0,37.0,44.0,46.0,58.0,69.0,80.0,87.0,95.0,103.0,109.0,111.0,115.0,118.0,120.0,120.0,新余,Xinyu,江西省
0.0,0.0,0.0,0.0,0.0,0.0,0.0,0.0,0.0,0.0,1.0,1.0,1.0,1.0,1.0,4.0,3.0,3.0,4.0,9.0,9.0,15.0,18.0,18.0,19.0,21.0,27.0,35.0,37.0,37.0,39.0,41.0,41.0,42.0,47.0,48.0,48.0,49.0,无锡,Wuxi,江苏省
0.0,0.0,0.0,0.0,0.0,0.0,0.0,0.0,0.0,0.0,0.0,0.0,0.0,2.0,2.0,2.0,2.0,2.0,2.0,2.0,2.0,2.0,2.0,3.0,3.0,6.0,6.0,7.0,8.0,9.0,10.0,11.0,11.0,11.0,12.0,12.0,12.0,14.0,日照,Rizhao,山东省
0.0,0.0,0.0,0.0,0.0,0.0,0.0,0.0,1.0,0.0,0.0,0.0,0.0,0.0,2.0,6.0,6.0,6.0,6.0,7.0,7.0,8.0,8.0,8.0,11.0,13.0,15.0,24.0,32.0,32.0,32.0,40.0,36.0,48.0,48.0,48.0,48.0,48.0,昆明,Kunming,云南省
,,,,,,,,,,,0.0,0.0,0.0,0.0,0.0,0.0,0.0,0.0,0.0,0.0,0.0,0.0,0.0,0.0,0.0,2.0,2.0,2.0,3.0,3.0,3.0,,3.0,3.0,3.0,3.0,3.0,昌吉,Changji,新疆维吾尔自治区
,,,,,,,0.0,0.0,0.0,0.0,0.0,0.0,0.0,0.0,0.0,0.0,0.0,0.0,0.0,0.0,0.0,0.0,0.0,1.0,1.0,1.0,2.0,2.0,2.0,3.0,3.0,3.0,3.0,3.0,3.0,5.0,7.0,昌江,Changjiang,海南省
,,0.0,0.0,0.0,0.0,0.0,0.0,0.0,0.0,0.0,0.0,0.0,1.0,1.0,1.0,1.0,1.0,1.0,2.0,2.0,2.0,2.0,2.0,2.0,2.0,2.0,5.0,6.0,10.0,14.0,14.0,15.0,15.0,15.0,20.0,20.0,25.0,昭通,Zhaotong,云南省
,,0.0,0.0,0.0,0.0,0.0,0.0,0.0,0.0,0.0,2.0,2.0,5.0,5.0,5.0,6.0,8.0,8.0,8.0,8.0,11.0,11.0,13.0,13.0,15.0,15.0,18.0,21.0,21.0,22.0,23.0,23.0,25.0,25.0,26.0,27.0,28.0,晋中,Jinzhong,山西省
,,,,,,,,0.0,0.0,0.0,0.0,0.0,0.0,0.0,2.0,2.0,2.0,2.0,2.0,2.0,2.0,2.0,2.0,2.0,2.0,3.0,3.0,3.0,5.0,5.0,5.0,5.0,7.0,7.0,7.0,8.0,8.0,晋城,Jincheng,山西省
,,,,,0.0,0.0,0.0,0.0,0.0,0.0,0.0,0.0,0.0,0.0,0.0,0.0,0.0,0.0,0.0,0.0,0.0,1.0,1.0,1.0,3.0,3.0,3.0,4.0,4.0,4.0,4.0,4.0,4.0,4.0,4.0,4.0,4.0,普洱,Puer,云南省
,0.0,0.0,0.0,0.0,0.0,0.0,1.0,1.0,1.0,1.0,1.0,1.0,1.0,1.0,1.0,1.0,1.0,1.0,1.0,1.0,1.0,1.0,1.0,3.0,3.0,3.0,3.0,3.0,3.0,3.0,3.0,3.0,3.0,3.0,3.0,3.0,3.0,景德镇,Jingdezhen,江西省
,0.0,0.0,0.0,0.0,0.0,0.0,0.0,0.0,1.0,1.0,1.0,1.0,1.0,1.0,1.0,1.0,1.0,1.0,1.0,1.0,5.0,5.0,5.0,6.0,6.0,6.0,6.0,8.0,8.0,9.0,9.0,10.0,10.0,12.0,12.0,12.0,12.0,曲靖,Qujing,云南省
,,,0.0,0.0,0.0,0.0,0.0,0.0,0.0,0.0,0.0,0.0,1.0,1.0,1.0,2.0,1.0,2.0,2.0,2.0,2.0,2.0,2.0,2.0,2.0,3.0,3.0,3.0,3.0,5.0,5.0,6.0,6.0,6.0,6.0,8.0,8.0,朔州,Shuozhou,山西省
0.0,0.0,0.0,0.0,0.0,0.0,0.0,0.0,0.0,0.0,0.0,0.0,0.0,0.0,0.0,0.0,0.0,0.0,2.0,2.0,2.0,2.0,2.0,2.0,3.0,3.0,3.0,3.0,3.0,3.0,3.0,3.0,3.0,3.0,3.0,,4.0,4.0,朝阳,Zhaoyang,辽宁省
,0.0,0.0,0.0,0.0,0.0,0.0,0.0,0.0,0.0,0.0,0.0,0.0,0.0,0.0,0.0,0.0,0.0,0.0,0.0,1.0,1.0,1.0,1.0,1.0,3.0,3.0,3.0,3.0,3.0,3.0,3.0,3.0,3.0,3.0,,3.0,3.0,本溪,Benxi,辽宁省
,,,,,,,,,,,,,0.0,0.0,0.0,0.0,0.0,0.0,0.0,0.0,0.0,0.0,0.0,0.0,0.0,0.0,0.0,0.0,0.0,0.0,0.0,0.0,0.0,2.0,3.0,4.0,4.0,来宾,Laibin,广西壮族自治区
,,,,,,,,,,,0.0,0.0,0.0,0.0,0.0,0.0,0.0,0.0,0.0,0.0,0.0,0.0,0.0,0.0,0.0,0.0,0.0,0.0,0.0,0.0,0.0,1.0,1.0,1.0,1.0,1.0,1.0,杨凌,Yangling,陕西省
0.0,0.0,0.0,0.0,0.0,0.0,0.0,0.0,3.0,4.0,2.0,6.0,14.0,15.0,18.0,22.0,41.0,41.0,48.0,67.0,67.0,69.0,73.0,75.0,93.0,94.0,108.0,109.0,111.0,121.0,133.0,131.0,137.0,139.0,149.0,151.0,159.0,164.0,杭州,Hangzhou,浙江省
0.0,0.0,,0.0,0.0,0.0,0.0,0.0,0.0,1.0,0.0,0.0,0.0,0.0,0.0,0.0,1.0,1.0,1.0,1.0,1.0,1.0,1.0,1.0,1.0,1.0,1.0,2.0,2.0,2.0,2.0,2.0,2.0,2.0,2.0,2.0,2.0,2.0,松原,Songyuan,吉林省
,,,0.0,0.0,0.0,0.0,0.0,0.0,0.0,0.0,0.0,0.0,0.0,0.0,0.0,1.0,1.0,3.0,4.0,4.0,4.0,4.0,4.0,7.0,7.0,10.0,11.0,11.0,14.0,18.0,19.0,20.0,22.0,22.0,22.0,22.0,22.0,枣庄,Zaozhuang,山东省
0.0,0.0,0.0,0.0,0.0,0.0,0.0,0.0,0.0,0.0,0.0,1.0,3.0,3.0,3.0,4.0,3.0,3.0,6.0,6.0,7.0,7.0,8.0,8.0,8.0,8.0,10.0,11.0,11.0,11.0,12.0,12.0,12.0,15.0,15.0,15.0,15.0,16.0,柳州,Liuzhou,广西壮族自治区
0.0,0.0,0.0,0.0,0.0,0.0,0.0,0.0,0.0,1.0,1.0,1.0,2.0,7.0,7.0,8.0,10.0,10.0,11.0,12.0,21.0,21.0,29.0,33.0,35.0,37.0,40.0,46.0,46.0,47.0,50.0,52.0,54.0,54.0,56.0,62.0,62.0,69.0,株洲,Zhuzhou,湖南省
0.0,0.0,0.0,0.0,0.0,0.0,0.0,0.0,0.0,0.0,4.0,4.0,4.0,5.0,5.0,5.0,5.0,5.0,5.0,5.0,5.0,5.0,8.0,10.0,10.0,17.0,15.0,15.0,15.0,17.0,17.0,17.0,23.0,23.0,24.0,24.0,24.0,26.0,桂林,Guilin,广西壮族自治区
,,0.0,0.0,0.0,0.0,0.0,0.0,0.0,0.0,0.0,0.0,0.0,0.0,4.0,4.0,4.0,4.0,4.0,5.0,5.0,7.0,7.0,7.0,8.0,8.0,10.0,10.0,11.0,11.0,11.0,11.0,11.0,12.0,12.0,12.0,12.0,12.0,梅州,Meizhou,广东省
,,,,,,,,,,,,,,,,0.0,0.0,0.0,0.0,0.0,1.0,1.0,1.0,1.0,1.0,1.0,1.0,1.0,1.0,1.0,1.0,1.0,1.0,1.0,1.0,1.0,1.0,梅河口,Meihekou,吉林省
0.0,0.0,0.0,0.0,1.0,1.0,1.0,1.0,1.0,1.0,2.0,2.0,2.0,2.0,2.0,2.0,3.0,3.0,5.0,5.0,5.0,5.0,5.0,5.0,5.0,5.0,5.0,5.0,5.0,5.0,5.0,5.0,5.0,5.0,5.0,5.0,5.0,5.0,梧州,Wuzhou,广西壮族自治区
,,,,,,,,,0.0,0.0,0.0,0.0,0.0,0.0,0.0,0.0,0.0,0.0,0.0,0.0,1.0,1.0,1.0,1.0,1.0,1.0,2.0,4.0,4.0,4.0,4.0,4.0,4.0,4.0,4.0,4.0,4.0,楚雄,Chuxiong,云南省
,,,,,,0.0,0.0,0.0,0.0,0.0,0.0,0.0,0.0,0.0,0.0,0.0,1.0,1.0,1.0,1.0,1.0,1.0,1.0,1.0,1.0,1.0,1.0,3.0,3.0,3.0,3.0,3.0,3.0,3.0,3.0,3.0,3.0,榆林,Yulin,陕西省
,,,,,0.0,,,,,,,,,,,,,,,,,,,,,,,,,,,,,,,,,歙县,Shexian,安徽省
54.0,70.0,85.0,105.0,132.0,158.0,184.0,262.0,298.0,399.0,493.0,620.0,736.0,869.0,1020.0,1292.0,1486.0,1727.0,1990.0,2200.0,2959.0,3410.0,3658.0,4158.0,4816.0,5634.0,6537.0,7183.0,7965.0,9066.0,10045.0,10937.0,12411.0,13911.0,15576.0,17958.0,19805.0,21771.0,武汉,Wuhan,湖北省
,,,,,,0.0,0.0,,0.0,0.0,0.0,0.0,0.0,0.0,0.0,0.0,0.0,0.0,2.0,4.0,4.0,7.0,7.0,9.0,10.0,10.0,10.0,10.0,13.0,13.0,,14.0,,15.0,,,,毕节,Bijie,贵州省
,,,,,,,0.0,0.0,0.0,0.0,,,,,,,,,,,,,,,,,,,,,,,,,,,,永城,Yongcheng,河南省
0.0,0.0,0.0,0.0,0.0,0.0,0.0,0.0,2.0,2.0,5.0,5.0,8.0,8.0,10.0,10.0,13.0,13.0,18.0,18.0,18.0,23.0,27.0,28.0,30.0,30.0,30.0,30.0,35.0,37.0,37.0,41.0,41.0,41.0,42.0,42.0,42.0,43.0,永州,Yongzhou,湖南省
,,0.0,0.0,0.0,0.0,0.0,0.0,0.0,0.0,0.0,0.0,0.0,0.0,0.0,0.0,0.0,0.0,1.0,1.0,1.0,1.0,1.0,1.0,2.0,5.0,5.0,10.0,10.0,10.0,10.0,13.0,14.0,17.0,17.0,18.0,22.0,22.0,汉中,Hanzhong,陕西省
,0.0,0.0,0.0,0.0,0.0,0.0,0.0,0.0,0.0,0.0,3.0,3.0,3.0,3.0,3.0,5.0,6.0,6.0,8.0,8.0,9.0,11.0,13.0,14.0,15.0,18.0,20.0,20.0,20.0,21.0,21.0,21.0,22.0,22.0,22.0,22.0,22.0,汕头,Shantou,广东省
,,,0.0,0.0,0.0,0.0,0.0,0.0,0.0,0.0,0.0,0.0,1.0,1.0,1.0,1.0,1.0,1.0,1.0,1.0,1.0,1.0,1.0,2.0,2.0,2.0,2.0,2.0,2.0,2.0,2.0,4.0,4.0,4.0,5.0,5.0,5.0,汕尾,Shanwei,广东省
,,,,,0.0,0.0,0.0,0.0,0.0,0.0,0.0,0.0,1.0,1.0,1.0,1.0,4.0,4.0,4.0,4.0,4.0,4.0,3.0,5.0,8.0,9.0,9.0,9.0,9.0,9.0,9.0,10.0,11.0,11.0,13.0,13.0,13.0,江门,Jiangmen,广东省
0.0,0.0,0.0,0.0,0.0,0.0,0.0,0.0,0.0,0.0,1.0,1.0,1.0,1.0,1.0,1.0,1.0,3.0,3.0,3.0,3.0,4.0,4.0,6.0,6.0,6.0,7.0,10.0,10.0,10.0,10.0,11.0,13.0,13.0,13.0,13.0,13.0,13.0,池州,Chizhou,安徽省
0.0,0.0,0.0,0.0,0.0,0.0,0.0,0.0,0.0,0.0,0.0,0.0,1.0,1.0,2.0,3.0,5.0,6.0,7.0,7.0,7.0,9.0,9.0,17.0,19.0,22.0,19.0,19.0,15.0,19.0,33.0,22.0,24.0,26.0,27.0,,24.0,25.0,沈阳,Shenyang,辽宁省
1.0,1.0,1.0,1.0,1.0,1.0,1.0,1.0,1.0,1.0,1.0,1.0,1.0,3.0,5.0,7.0,9.0,11.0,13.0,13.0,14.0,16.0,16.0,16.0,20.0,20.0,20.0,25.0,25.0,29.0,31.0,34.0,36.0,38.0,42.0,44.0,44.0,48.0,沧州,Cangzhou,河北省
0.0,0.0,0.0,0.0,0.0,0.0,0.0,0.0,0.0,0.0,0.0,0.0,0.0,0.0,0.0,0.0,1.0,1.0,1.0,1.0,1.0,1.0,1.0,1.0,1.0,1.0,4.0,5.0,5.0,5.0,5.0,5.0,7.0,6.0,9.0,9.0,9.0,9.0,河池,Hechi,广西壮族自治区
,,,,0.0,0.0,0.0,0.0,0.0,0.0,0.0,0.0,0.0,0.0,0.0,0.0,0.0,1.0,1.0,1.0,1.0,1.0,1.0,1.0,1.0,1.0,1.0,1.0,1.0,1.0,1.0,1.0,1.0,4.0,4.0,4.0,4.0,4.0,河源,Heyuan,广东省
0.0,0.0,0.0,0.0,0.0,0.0,0.0,0.0,0.0,0.0,0.0,0.0,4.0,4.0,4.0,4.0,10.0,11.0,11.0,13.0,13.0,13.0,13.0,13.0,13.0,13.0,13.0,16.0,17.0,19.0,21.0,21.0,22.0,23.0,29.0,30.0,32.0,32.0,泉州,Quanzhou,福建省
,,,,0.0,0.0,0.0,0.0,0.0,0.0,1.0,1.0,1.0,1.0,1.0,1.0,1.0,1.0,1.0,4.0,4.0,4.0,5.0,5.0,6.0,7.0,7.0,11.0,13.0,20.0,22.0,23.0,24.0,25.0,25.0,28.0,31.0,32.0,泰安,Taian,山东省
,,0.0,0.0,0.0,0.0,0.0,0.0,0.0,0.0,0.0,0.0,1.0,1.0,3.0,3.0,4.0,5.0,5.0,6.0,15.0,15.0,16.0,16.0,20.0,22.0,22.0,24.0,24.0,25.0,25.0,26.0,28.0,28.0,32.0,37.0,37.0,37.0,泰州,Taizhou,江苏省
,0.0,0.0,0.0,0.0,0.0,0.0,0.0,0.0,0.0,0.0,0.0,0.0,0.0,0.0,2.0,2.0,2.0,2.0,2.0,2.0,2.0,2.0,3.0,3.0,3.0,5.0,6.0,6.0,6.0,8.0,10.0,12.0,17.0,20.0,20.0,20.0,20.0,泸州,Luzhou,四川省
0.0,0.0,0.0,0.0,0.0,0.0,0.0,0.0,0.0,0.0,0.0,1.0,1.0,1.0,2.0,2.0,2.0,2.0,2.0,4.0,4.0,8.0,9.0,11.0,11.0,13.0,14.0,16.0,17.0,19.0,19.0,19.0,22.0,25.0,27.0,27.0,28.0,31.0,洛阳,Luoyang,河南省
0.0,0.0,0.0,0.0,0.0,0.0,0.0,0.0,0.0,0.0,0.0,0.0,0.0,3.0,3.0,3.0,7.0,7.0,7.0,7.0,10.0,11.0,11.0,11.0,13.0,16.0,17.0,17.0,22.0,22.0,24.0,24.0,24.0,25.0,25.0,25.0,29.0,31.0,济南,Jinan,山东省
0.0,0.0,0.0,0.0,1.0,0.0,0.0,0.0,1.0,1.0,1.0,3.0,3.0,4.0,7.0,8.0,8.0,8.0,9.0,12.0,14.0,15.0,18.0,18.0,20.0,22.0,27.0,29.0,29.0,30.0,31.0,34.0,35.0,43.0,43.0,45.0,45.0,46.0,济宁,Jining,山东省
,,,,,,,,,,0.0,0.0,0.0,0.0,0.0,0.0,0.0,0.0,0.0,0.0,0.0,0.0,0.0,0.0,0.0,0.0,2.0,3.0,3.0,3.0,3.0,3.0,3.0,3.0,3.0,3.0,3.0,3.0,济源,Jiyuan,河南省
,,,,,,,,,,0.0,0.0,0.0,0.0,,,,,0.0,1.0,2.0,,2.0,,,2.0,2.0,,3.0,,3.0,,,,,,,,海北,Haibei,青海省
0.0,0.0,0.0,0.0,0.0,0.0,0.0,0.0,0.0,0.0,0.0,0.0,0.0,2.0,2.0,4.0,5.0,4.0,5.0,10.0,10.0,12.0,10.0,9.0,12.0,16.0,22.0,18.0,19.0,20.0,19.0,20.0,28.0,28.0,29.0,31.0,32.0,33.0,海口,Haikou,海南省
,,0.0,0.0,0.0,0.0,0.0,0.0,0.0,0.0,0.0,0.0,0.0,0.0,1.0,1.0,1.0,1.0,1.0,1.0,1.0,4.0,4.0,4.0,5.0,6.0,6.0,9.0,10.0,14.0,14.0,17.0,17.0,19.0,19.0,22.0,22.0,22.0,淄博,Zibo,山东省
,,0.0,0.0,0.0,0.0,0.0,0.0,0.0,0.0,0.0,0.0,0.0,0.0,0.0,1.0,4.0,5.0,5.0,5.0,6.0,6.0,10.0,10.0,10.0,13.0,13.0,14.0,15.0,15.0,15.0,17.0,20.0,22.0,22.0,22.0,24.0,24.0,淮北,Huaibei,安徽省
,,0.0,0.0,0.0,0.0,0.0,0.0,0.0,0.0,0.0,0.0,2.0,2.0,2.0,3.0,4.0,4.0,6.0,6.0,6.0,6.0,7.0,8.0,8.0,11.0,11.0,12.0,14.0,14.0,15.0,15.0,18.0,18.0,20.0,21.0,21.0,21.0,淮南,Huainan,安徽省
,,0.0,0.0,0.0,0.0,0.0,0.0,1.0,1.0,1.0,1.0,1.0,2.0,2.0,2.0,5.0,5.0,6.0,6.0,6.0,11.0,11.0,21.0,28.0,28.0,32.0,34.0,34.0,37.0,40.0,46.0,46.0,50.0,50.0,55.0,55.0,57.0,淮安,Huaian,江苏省
2.0,2.0,2.0,3.0,4.0,4.0,4.0,4.0,5.0,5.0,10.0,13.0,16.0,22.0,31.0,39.0,46.0,56.0,66.0,82.0,94.0,104.0,115.0,131.0,154.0,165.0,184.0,201.0,224.0,228.0,240.0,252.0,265.0,265.0,274.0,284.0,302.0,311.0,深圳,Shenzhen,广东省
0.0,0.0,0.0,0.0,0.0,0.0,0.0,1.0,1.0,2.0,2.0,2.0,2.0,2.0,3.0,3.0,3.0,5.0,5.0,5.0,5.0,7.0,7.0,7.0,9.0,9.0,9.0,9.0,9.0,10.0,10.0,10.0,12.0,12.0,12.0,12.0,12.0,12.0,清远,Qingyuan,广东省
1.0,1.0,1.0,1.0,3.0,3.0,3.0,7.0,8.0,15.0,17.0,28.0,28.0,36.0,49.0,70.0,78.0,99.0,102.0,120.0,140.0,159.0,169.0,182.0,194.0,208.0,228.0,246.0,269.0,281.0,293.0,307.0,318.0,355.0,385.0,406.0,433.0,448.0,温州,Wenzhou,浙江省
,,,0.0,0.0,0.0,0.0,0.0,0.0,0.0,0.0,0.0,0.0,0.0,0.0,0.0,0.0,0.0,0.0,0.0,0.0,0.0,1.0,2.0,3.0,3.0,4.0,4.0,4.0,4.0,7.0,8.0,9.0,9.0,9.0,9.0,9.0,9.0,渭南,Weinan,陕西省
,,0.0,0.0,0.0,0.0,0.0,0.0,0.0,0.0,1.0,1.0,1.0,1.0,1.0,1.0,1.0,3.0,4.0,4.0,4.0,4.0,4.0,4.0,5.0,5.0,6.0,6.0,6.0,7.0,7.0,7.0,7.0,7.0,9.0,9.0,9.0,9.0,湖州,Huzhou,浙江省
0.0,0.0,0.0,0.0,0.0,0.0,0.0,0.0,0.0,3.0,3.0,3.0,4.0,5.0,7.0,10.0,11.0,11.0,11.0,11.0,12.0,12.0,14.0,14.0,15.0,16.0,17.0,17.0,17.0,19.0,21.0,25.0,26.0,29.0,29.0,33.0,33.0,34.0,湘潭,Xiangtan,湖南省
,,0.0,0.0,0.0,0.0,0.0,0.0,0.0,1.0,1.0,1.0,1.0,1.0,1.0,3.0,4.0,6.0,6.0,6.0,6.0,6.0,6.0,6.0,6.0,7.0,7.0,7.0,8.0,8.0,8.0,8.0,8.0,8.0,8.0,8.0,8.0,8.0,湘西自治州,Xiangxizizhizhou,湖南省
0.0,0.0,0.0,0.0,0.0,0.0,0.0,1.0,1.0,1.0,1.0,1.0,4.0,4.0,4.0,6.0,6.0,7.0,9.0,9.0,11.0,11.0,11.0,11.0,11.0,11.0,11.0,12.0,12.0,12.0,14.0,14.0,14.0,14.0,17.0,17.0,17.0,17.0,湛江,Zhanjiang,广东省
0.0,0.0,0.0,0.0,0.0,0.0,0.0,0.0,0.0,0.0,1.0,1.0,1.0,2.0,2.0,2.0,2.0,3.0,4.0,4.0,4.0,7.0,7.0,7.0,7.0,7.0,7.0,8.0,8.0,8.0,8.0,9.0,9.0,9.0,9.0,10.0,11.0,11.0,滁州,Chuzhou,安徽省
,,,,,,0.0,0.0,0.0,0.0,0.0,,,,,,,,,,,,,,,,,,,,,,,,,,,,滑县,Huaxian,河南省
0.0,0.0,0.0,0.0,,,,,,,,,,,,,,,,,,,,,,,,,,,,,,,,,,,满洲里,Manzhouli,内蒙古自治区
,0.0,0.0,0.0,0.0,0.0,0.0,0.0,0.0,0.0,0.0,0.0,2.0,3.0,3.0,4.0,4.0,5.0,6.0,6.0,6.0,8.0,9.0,9.0,10.0,10.0,10.0,11.0,11.0,11.0,11.0,11.0,11.0,12.0,12.0,12.0,12.0,12.0,滨州,Binzhou,山东省
,,0.0,0.0,0.0,0.0,0.0,0.0,0.0,0.0,0.0,0.0,1.0,1.0,4.0,4.0,5.0,6.0,6.0,6.0,6.0,9.0,9.0,12.0,12.0,13.0,14.0,21.0,22.0,22.0,22.0,23.0,23.0,25.0,27.0,28.0,30.0,33.0,漯河,Tahe,河南省
0.0,0.0,0.0,0.0,0.0,0.0,0.0,0.0,0.0,0.0,0.0,0.0,0.0,1.0,1.0,1.0,3.0,3.0,3.0,3.0,4.0,4.0,6.0,6.0,8.0,8.0,11.0,11.0,13.0,14.0,14.0,14.0,14.0,15.0,15.0,15.0,16.0,16.0,漳州,Zhangzhou,福建省
0.0,0.0,0.0,0.0,0.0,0.0,0.0,0.0,0.0,0.0,0.0,0.0,0.0,0.0,0.0,0.0,1.0,1.0,4.0,5.0,5.0,6.0,8.0,9.0,10.0,17.0,14.0,15.0,17.0,17.0,22.0,22.0,24.0,24.0,24.0,27.0,29.0,29.0,潍坊,Weifang,山东省
,,,1.0,1.0,1.0,1.0,1.0,1.0,1.0,1.0,1.0,1.0,1.0,1.0,3.0,5.0,5.0,6.0,13.0,13.0,16.0,17.0,18.0,24.0,33.0,46.0,56.0,64.0,75.0,86.0,90.0,99.0,103.0,106.0,108.0,116.0,128.0,潜江,Qianjiang,湖北省
,,,,,,,,0.0,0.0,0.0,0.0,0.0,0.0,0.0,0.0,0.0,0.0,0.0,0.0,0.0,0.0,1.0,1.0,1.0,4.0,4.0,4.0,4.0,4.0,4.0,4.0,4.0,4.0,4.0,5.0,5.0,5.0,潮州,Chaozhou,广东省
,,0.0,0.0,1.0,1.0,1.0,1.0,1.0,1.0,1.0,1.0,1.0,1.0,2.0,1.0,2.0,2.0,2.0,2.0,2.0,2.0,2.0,2.0,2.0,2.0,5.0,5.0,5.0,6.0,7.0,7.0,7.0,7.0,7.0,8.0,8.0,8.0,澄迈,Chengmai,海南省
,,0.0,,,,,,,,,,,,,,,,,,,,,,,,,,,,,,,,,,,,澳门,Aomen,澳门
,,,,,0.0,0.0,0.0,0.0,0.0,0.0,0.0,0.0,0.0,0.0,0.0,0.0,1.0,1.0,1.0,1.0,1.0,2.0,2.0,4.0,4.0,7.0,7.0,7.0,7.0,7.0,10.0,10.0,10.0,11.0,11.0,13.0,15.0,濮阳,Puyang,河南省
0.0,0.0,0.0,0.0,0.0,0.0,0.0,0.0,0.0,0.0,0.0,0.0,0.0,0.0,2.0,2.0,3.0,3.0,3.0,3.0,7.0,12.0,13.0,13.0,13.0,13.0,15.0,17.0,18.0,18.0,19.0,20.0,23.0,26.0,28.0,30.0,30.0,33.0,烟台,Yantai,山东省
,,,,0.0,0.0,0.0,0.0,0.0,0.0,0.0,0.0,1.0,1.0,1.0,1.0,2.0,2.0,4.0,6.0,6.0,6.0,7.0,8.0,8.0,8.0,9.0,10.0,13.0,16.0,18.0,25.0,27.0,29.0,30.0,32.0,32.0,32.0,焦作,Jiaozuo,河南省
0.0,0.0,0.0,0.0,0.0,0.0,0.0,0.0,0.0,0.0,0.0,0.0,0.0,0.0,0.0,1.0,1.0,1.0,1.0,1.0,1.0,1.0,1.0,1.0,1.0,1.0,1.0,1.0,2.0,7.0,7.0,8.0,8.0,8.0,9.0,9.0,9.0,9.0,牡丹江,Mudanjiang,黑龙江省
,0.0,0.0,0.0,0.0,0.0,0.0,0.0,0.0,0.0,0.0,0.0,1.0,1.0,1.0,1.0,1.0,1.0,1.0,1.0,1.0,1.0,1.0,1.0,1.0,4.0,4.0,4.0,4.0,6.0,6.0,6.0,6.0,7.0,7.0,7.0,7.0,7.0,玉林,Yulin,广西壮族自治区
,0.0,0.0,0.0,0.0,0.0,0.0,0.0,0.0,0.0,1.0,1.0,1.0,1.0,2.0,2.0,2.0,2.0,2.0,3.0,3.0,3.0,3.0,3.0,3.0,3.0,4.0,10.0,10.0,10.0,10.0,13.0,13.0,13.0,13.0,13.0,13.0,13.0,玉溪,Yuxi,云南省
0.0,0.0,0.0,0.0,0.0,0.0,0.0,1.0,1.0,1.0,1.0,1.0,4.0,4.0,4.0,4.0,4.0,4.0,4.0,21.0,27.0,27.0,34.0,37.0,41.0,43.0,46.0,46.0,50.0,53.0,53.0,55.0,57.0,60.0,62.0,64.0,72.0,76.0,珠海,Zhuhai,广东省
,,,,0.0,0.0,0.0,0.0,0.0,0.0,0.0,0.0,0.0,0.0,0.0,0.0,1.0,1.0,1.0,1.0,1.0,1.0,1.0,1.0,1.0,1.0,1.0,1.0,1.0,1.0,1.0,1.0,1.0,1.0,1.0,1.0,1.0,1.0,琼中,Qiongzhong,海南省
,,,,0.0,0.0,0.0,0.0,0.0,0.0,0.0,0.0,0.0,0.0,0.0,0.0,0.0,1.0,1.0,1.0,1.0,2.0,2.0,2.0,4.0,4.0,5.0,5.0,5.0,5.0,5.0,5.0,5.0,5.0,5.0,5.0,6.0,6.0,琼海,Qionghai,海南省
,,,,,,,,0.0,0.0,0.0,0.0,0.0,0.0,0.0,0.0,0.0,0.0,1.0,1.0,1.0,,2.0,4.0,4.0,4.0,4.0,4.0,6.0,,6.0,8.0,,8.0,,8.0,,8.0,甘南,Gannan,甘肃省
,,0.0,0.0,0.0,0.0,0.0,0.0,0.0,0.0,0.0,0.0,0.0,0.0,0.0,0.0,0.0,2.0,2.0,3.0,3.0,3.0,3.0,3.0,6.0,8.0,8.0,8.0,10.0,12.0,12.0,18.0,18.0,18.0,18.0,23.0,31.0,40.0,甘孜,Ganzi,四川省
,,,,,,,,,,,,,,,0.0,0.0,0.0,0.0,0.0,0.0,0.0,0.0,0.0,0.0,0.0,0.0,0.0,0.0,0.0,0.0,0.0,0.0,0.0,0.0,0.0,0.0,0.0,白城,Baicheng,吉林省
0.0,0.0,0.0,0.0,0.0,0.0,0.0,0.0,0.0,0.0,0.0,0.0,0.0,0.0,0.0,0.0,0.0,0.0,0.0,0.0,0.0,,1.0,1.0,1.0,1.0,1.0,2.0,3.0,,3.0,3.0,,3.0,,3.0,,4.0,白银,Baiyin,甘肃省
0.0,0.0,0.0,0.0,0.0,0.0,0.0,0.0,0.0,0.0,0.0,0.0,0.0,0.0,0.0,0.0,0.0,0.0,0.0,0.0,0.0,0.0,0.0,0.0,0.0,2.0,2.0,2.0,2.0,2.0,2.0,2.0,3.0,3.0,3.0,3.0,3.0,3.0,百色,Baise,广西壮族自治区
,0.0,0.0,0.0,0.0,0.0,0.0,0.0,0.0,0.0,1.0,1.0,6.0,6.0,6.0,10.0,15.0,16.0,16.0,22.0,22.0,22.0,25.0,27.0,30.0,31.0,35.0,48.0,51.0,52.0,52.0,55.0,56.0,56.0,58.0,58.0,59.0,59.0,益阳,Yiyang,湖南省
,0.0,0.0,0.0,0.0,0.0,0.0,0.0,0.0,0.0,0.0,0.0,2.0,3.0,3.0,3.0,3.0,3.0,3.0,6.0,6.0,6.0,9.0,10.0,15.0,17.0,24.0,25.0,20.0,20.0,20.0,30.0,24.0,24.0,25.0,25.0,27.0,27.0,盐城,Yancheng,江苏省
,,,,,,,,,,,,,,,,,,,,,,,,,,,,0.0,3.0,3.0,3.0,,,,,,,监狱系统,Jianyuxitong,湖北省
,,0.0,0.0,0.0,0.0,0.0,0.0,0.0,0.0,0.0,0.0,0.0,0.0,0.0,0.0,0.0,0.0,0.0,0.0,0.0,0.0,0.0,0.0,0.0,0.0,0.0,5.0,5.0,5.0,5.0,8.0,9.0,9.0,11.0,,11.0,11.0,盘锦,Panjin,辽宁省
,,,,,,,,,,,,,,,,,,,,,,,,,,,,0.0,0.0,0.0,0.0,0.0,3.0,3.0,5.0,5.0,5.0,省十里丰监狱,Shengshilifengjianyu,浙江省
,,0.0,0.0,0.0,0.0,0.0,0.0,0.0,0.0,0.0,0.0,1.0,1.0,1.0,1.0,1.0,1.0,1.0,1.0,2.0,2.0,2.0,2.0,2.0,2.0,3.0,3.0,6.0,6.0,6.0,6.0,6.0,6.0,6.0,6.0,7.0,7.0,眉山,Meishan,四川省
,,,,,,,,,,,0.0,,0.0,0.0,0.0,0.0,0.0,0.0,1.0,1.0,1.0,1.0,,1.0,1.0,1.0,1.0,1.0,,1.0,1.0,1.0,1.0,1.0,,1.0,,石嘴山,Shizuishan,宁夏回族自治区
0.0,0.0,0.0,0.0,0.0,0.0,0.0,0.0,0.0,0.0,0.0,1.0,2.0,3.0,3.0,3.0,3.0,3.0,3.0,3.0,4.0,7.0,7.0,7.0,11.0,11.0,13.0,13.0,15.0,19.0,21.0,21.0,22.0,22.0,24.0,24.0,27.0,27.0,石家庄,Shijiazhuang,河北省
,,,,,,,0.0,,,,,,0.0,0.0,,,,,,,,,,,,,,,,,,,,,,,,石河子,Shihezi,新疆维吾尔自治区
0.0,0.0,0.0,0.0,0.0,0.0,0.0,0.0,0.0,0.0,0.0,2.0,4.0,6.0,7.0,10.0,11.0,12.0,13.0,15.0,17.0,18.0,20.0,23.0,26.0,28.0,33.0,36.0,47.0,50.0,54.0,57.0,62.0,66.0,68.0,70.0,71.0,71.0,福州,Fuzhou,福建省
,,,,,,,,0.0,0.0,0.0,0.0,0.0,0.0,0.0,0.0,0.0,0.0,0.0,1.0,2.0,2.0,3.0,3.0,3.0,4.0,4.0,5.0,6.0,7.0,7.0,9.0,9.0,9.0,10.0,10.0,10.0,10.0,秦皇岛,Qinhuangdao,河北省
,0.0,0.0,0.0,0.0,0.0,0.0,1.0,1.0,1.0,1.0,1.0,1.0,1.0,1.0,1.0,2.0,2.0,2.0,3.0,3.0,3.0,3.0,3.0,3.0,3.0,3.0,3.0,4.0,4.0,4.0,4.0,5.0,5.0,7.0,8.0,8.0,9.0,红河,Honghe,云南省
0.0,0.0,0.0,0.0,0.0,0.0,0.0,0.0,0.0,2.0,2.0,3.0,3.0,3.0,5.0,5.0,8.0,10.0,12.0,13.0,15.0,16.0,17.0,17.0,19.0,20.0,20.0,20.0,20.0,22.0,28.0,30.0,30.0,30.0,31.0,36.0,36.0,36.0,绍兴,Shaoxing,浙江省
1.0,1.0,1.0,1.0,1.0,1.0,2.0,2.0,2.0,2.0,2.0,2.0,3.0,2.0,3.0,3.0,4.0,9.0,7.0,7.0,7.0,11.0,16.0,17.0,18.0,20.0,22.0,24.0,30.0,33.0,33.0,33.0,39.0,39.0,39.0,39.0,39.0,39.0,绥化,Suihua,黑龙江省
0.0,0.0,0.0,0.0,0.0,0.0,0.0,0.0,0.0,1.0,1.0,1.0,2.0,2.0,2.0,3.0,4.0,4.0,4.0,4.0,5.0,5.0,5.0,6.0,9.0,9.0,10.0,10.0,10.0,12.0,12.0,12.0,13.0,14.0,14.0,15.0,15.0,16.0,绵阳,Mianyang,四川省
,0.0,0.0,0.0,0.0,0.0,0.0,0.0,0.0,0.0,0.0,0.0,0.0,0.0,1.0,1.0,2.0,2.0,2.0,3.0,3.0,3.0,10.0,11.0,12.0,17.0,18.0,21.0,21.0,22.0,24.0,25.0,28.0,30.0,32.0,33.0,34.0,37.0,聊城,Liaocheng,山东省
0.0,0.0,0.0,0.0,0.0,0.0,0.0,0.0,1.0,1.0,1.0,1.0,1.0,1.0,2.0,2.0,4.0,5.0,8.0,8.0,8.0,8.0,9.0,9.0,9.0,9.0,9.0,9.0,9.0,9.0,11.0,11.0,11.0,14.0,14.0,14.0,14.0,15.0,肇庆,Zhaoqing,广东省
,,,,,,,0.0,,,,,,0.0,0.0,,,,,,,,,,,,,,,,,,,,,,,,胡杨河,Huyanghe,新疆维吾尔自治区
,0.0,0.0,0.0,0.0,0.0,0.0,0.0,0.0,0.0,0.0,0.0,0.0,0.0,1.0,2.0,2.0,2.0,2.0,2.0,2.0,2.0,2.0,2.0,2.0,4.0,4.0,7.0,7.0,7.0,7.0,7.0,8.0,8.0,9.0,9.0,9.0,9.0,自贡,Zigong,四川省
0.0,0.0,0.0,0.0,0.0,0.0,0.0,1.0,1.0,1.0,2.0,2.0,3.0,3.0,5.0,5.0,5.0,5.0,5.0,5.0,5.0,5.0,5.0,5.0,5.0,5.0,5.0,5.0,5.0,5.0,5.0,5.0,5.0,6.0,6.0,7.0,7.0,8.0,舟山,Zhoushan,浙江省
,0.0,0.0,0.0,0.0,0.0,0.0,0.0,0.0,1.0,1.0,1.0,2.0,2.0,3.0,3.0,3.0,3.0,4.0,4.0,5.0,8.0,11.0,13.0,13.0,17.0,17.0,21.0,26.0,25.0,27.0,27.0,28.0,28.0,30.0,30.0,31.0,31.0,芜湖,Wuhu,安徽省
0.0,1.0,1.0,1.0,1.0,1.0,1.0,2.0,2.0,3.0,3.0,3.0,4.0,4.0,4.0,4.0,11.0,13.0,13.0,16.0,17.0,17.0,26.0,26.0,31.0,31.0,33.0,38.0,42.0,49.0,50.0,57.0,57.0,59.0,59.0,62.0,62.0,64.0,苏州,Suzhou,江苏省
,,,,,0.0,0.0,0.0,0.0,0.0,0.0,0.0,0.0,0.0,1.0,1.0,1.0,1.0,1.0,1.0,2.0,3.0,3.0,3.0,3.0,6.0,6.0,6.0,6.0,6.0,6.0,7.0,7.0,7.0,9.0,9.0,9.0,10.0,茂名,Maoming,广东省
0.0,0.0,2.0,3.0,3.0,3.0,4.0,9.0,6.0,8.0,12.0,14.0,21.0,29.0,34.0,42.0,55.0,61.0,78.0,101.0,127.0,190.0,225.0,299.0,342.0,377.0,464.0,491.0,571.0,652.0,722.0,776.0,823.0,866.0,922.0,959.0,1011.0,1080.0,荆州,Jingzhou,湖北省
0.0,0.0,1.0,3.0,3.0,4.0,4.0,5.0,11.0,10.0,17.0,23.0,32.0,38.0,41.0,54.0,79.0,83.0,90.0,108.0,117.0,130.0,140.0,147.0,165.0,176.0,214.0,235.0,266.0,333.0,398.0,426.0,469.0,506.0,545.0,571.0,600.0,641.0,荆门,Jingmen,湖北省
,,0.0,0.0,0.0,0.0,0.0,0.0,0.0,0.0,1.0,1.0,1.0,1.0,1.0,1.0,1.0,2.0,6.0,8.0,8.0,10.0,12.0,17.0,17.0,17.0,19.0,22.0,22.0,24.0,24.0,30.0,30.0,36.0,36.0,36.0,36.0,39.0,莆田,Putian,福建省
,0.0,0.0,0.0,0.0,0.0,0.0,0.0,0.0,0.0,0.0,0.0,2.0,2.0,2.0,3.0,4.0,5.0,6.0,7.0,7.0,9.0,10.0,11.0,13.0,13.0,13.0,13.0,14.0,15.0,16.0,17.0,17.0,17.0,17.0,17.0,17.0,17.0,菏泽,Heze,山东省
0.0,0.0,0.0,0.0,1.0,1.0,1.0,1.0,1.0,1.0,1.0,1.0,1.0,1.0,1.0,1.0,1.0,1.0,1.0,2.0,2.0,2.0,4.0,4.0,5.0,6.0,7.0,9.0,11.0,11.0,13.0,16.0,16.0,18.0,20.0,23.0,24.0,25.0,萍乡,Pingxiang,江西省
,,0.0,0.0,0.0,0.0,0.0,0.0,0.0,0.0,0.0,0.0,0.0,0.0,0.0,0.0,0.0,0.0,1.0,1.0,1.0,1.0,1.0,1.0,1.0,1.0,1.0,1.0,1.0,1.0,1.0,1.0,1.0,1.0,1.0,,1.0,1.0,营口,Yingkou,辽宁省
,0.0,0.0,0.0,0.0,0.0,0.0,0.0,0.0,0.0,0.0,0.0,0.0,0.0,0.0,0.0,0.0,0.0,0.0,1.0,1.0,1.0,1.0,1.0,1.0,1.0,3.0,5.0,6.0,6.0,6.0,6.0,6.0,7.0,7.0,,8.0,8.0,葫芦岛,Huludao,辽宁省
0.0,0.0,0.0,0.0,0.0,0.0,0.0,0.0,0.0,0.0,0.0,0.0,0.0,0.0,1.0,1.0,2.0,5.0,5.0,5.0,7.0,8.0,12.0,14.0,18.0,35.0,35.0,45.0,61.0,86.0,106.0,112.0,118.0,124.0,132.0,141.0,149.0,149.0,蚌埠,Bengbu,安徽省
,,,,0.0,0.0,0.0,0.0,0.0,0.0,0.0,0.0,0.0,0.0,0.0,0.0,0.0,2.0,2.0,2.0,4.0,4.0,4.0,4.0,4.0,6.0,6.0,6.0,6.0,7.0,8.0,8.0,8.0,8.0,8.0,8.0,8.0,8.0,衡水,Hengshui,河北省
,0.0,0.0,0.0,0.0,0.0,0.0,0.0,0.0,3.0,4.0,4.0,5.0,5.0,11.0,13.0,14.0,16.0,23.0,23.0,25.0,26.0,28.0,28.0,28.0,28.0,32.0,37.0,37.0,37.0,37.0,37.0,38.0,38.0,38.0,38.0,46.0,46.0,衡阳,Hengyang,湖南省
0.0,0.0,0.0,0.0,0.0,0.0,0.0,0.0,0.0,0.0,0.0,0.0,2.0,2.0,3.0,3.0,3.0,5.0,5.0,5.0,8.0,8.0,9.0,9.0,10.0,10.0,10.0,10.0,10.0,10.0,10.0,10.0,10.0,11.0,11.0,11.0,12.0,12.0,衢州,Quzhou,浙江省
,0.0,0.0,0.0,0.0,0.0,0.0,0.0,0.0,0.0,1.0,2.0,9.0,27.0,33.0,39.0,56.0,51.0,66.0,72.0,79.0,89.0,103.0,133.0,171.0,203.0,252.0,317.0,367.0,428.0,491.0,550.0,623.0,683.0,732.0,785.0,835.0,884.0,襄阳,Xiangyang,湖北省
0.0,0.0,0.0,0.0,0.0,0.0,0.0,0.0,0.0,0.0,1.0,1.0,1.0,1.0,2.0,2.0,2.0,2.0,2.0,2.0,2.0,3.0,3.0,3.0,4.0,4.0,4.0,4.0,5.0,10.0,13.0,13.0,13.0,13.0,15.0,15.0,15.0,15.0,西双版纳,Xishuangbanna,云南省
,0.0,,0.0,,,0.0,0.0,0.0,0.0,0.0,0.0,3.0,3.0,,,,,5.0,8.0,9.0,,11.0,,,13.0,14.0,,15.0,,15.0,,,,,,,,西宁,Xining,青海省
0.0,0.0,0.0,0.0,0.0,0.0,0.0,0.0,0.0,0.0,0.0,2.0,5.0,5.0,9.0,10.0,10.0,10.0,12.0,15.0,17.0,21.0,25.0,32.0,37.0,40.0,44.0,48.0,60.0,73.0,82.0,86.0,92.0,95.0,96.0,99.0,101.0,102.0,西安,Xian,陕西省
,,,0.0,0.0,0.0,0.0,0.0,0.0,0.0,0.0,0.0,0.0,0.0,0.0,2.0,2.0,2.0,2.0,3.0,3.0,6.0,7.0,9.0,11.0,11.0,16.0,16.0,19.0,26.0,26.0,26.0,32.0,32.0,33.0,36.0,37.0,38.0,许昌,Xuchang,河南省
,,,,,,,,,0.0,0.0,0.0,0.0,0.0,0.0,0.0,0.0,0.0,0.0,0.0,0.0,2.0,2.0,2.0,2.0,3.0,3.0,3.0,3.0,3.0,3.0,3.0,5.0,4.0,5.0,6.0,6.0,6.0,贵港,Guigang,广西壮族自治区
0.0,0.0,0.0,0.0,0.0,1.0,1.0,1.0,,1.0,1.0,1.0,4.0,1.0,1.0,1.0,1.0,1.0,2.0,3.0,4.0,4.0,6.0,10.0,15.0,14.0,15.0,15.0,18.0,19.0,19.0,,24.0,,28.0,,,,贵阳,Guiyang,贵州省
,,,,,,0.0,0.0,0.0,0.0,0.0,0.0,0.0,0.0,0.0,0.0,0.0,0.0,0.0,0.0,0.0,0.0,0.0,0.0,0.0,0.0,0.0,1.0,2.0,2.0,2.0,2.0,4.0,4.0,4.0,4.0,4.0,4.0,贺州,Hezhou,广西壮族自治区
,,,0.0,0.0,0.0,0.0,0.0,0.0,0.0,0.0,0.0,0.0,0.0,0.0,0.0,1.0,1.0,1.0,1.0,2.0,2.0,2.0,2.0,2.0,2.0,2.0,2.0,2.0,2.0,2.0,2.0,2.0,2.0,2.0,2.0,2.0,2.0,资阳,Ziyang,四川省
,0.0,0.0,0.0,0.0,0.0,0.0,0.0,0.0,1.0,1.0,1.0,1.0,2.0,2.0,2.0,2.0,7.0,8.0,9.0,11.0,13.0,15.0,18.0,19.0,21.0,25.0,29.0,35.0,41.0,48.0,50.0,54.0,58.0,62.0,64.0,71.0,72.0,赣州,Ganzhou,江西省
,0.0,0.0,0.0,0.0,0.0,0.0,0.0,0.0,0.0,0.0,0.0,0.0,0.0,1.0,1.0,1.0,1.0,,2.0,2.0,2.0,2.0,2.0,2.0,2.0,3.0,3.0,3.0,3.0,3.0,3.0,,5.0,8.0,8.0,8.0,8.0,赤峰,Chifeng,内蒙古自治区
,,,,,,,,,,,0.0,0.0,0.0,0.0,0.0,0.0,0.0,0.0,1.0,1.0,1.0,1.0,1.0,1.0,1.0,1.0,1.0,1.0,1.0,1.0,1.0,2.0,2.0,2.0,4.0,4.0,7.0,辽源,Liaoyuan,吉林省
,,,,0.0,0.0,0.0,0.0,0.0,0.0,0.0,0.0,0.0,0.0,0.0,0.0,0.0,0.0,0.0,1.0,1.0,1.0,2.0,2.0,2.0,3.0,3.0,3.0,3.0,3.0,3.0,3.0,3.0,3.0,3.0,,3.0,3.0,辽阳,Liaoyang,辽宁省
0.0,0.0,0.0,0.0,0.0,0.0,0.0,0.0,0.0,0.0,1.0,1.0,1.0,4.0,4.0,5.0,5.0,5.0,5.0,5.0,5.0,5.0,5.0,5.0,6.0,9.0,11.0,11.0,11.0,13.0,13.0,15.0,15.0,19.0,20.0,26.0,26.0,27.0,达州,Dazhou,四川省
,0.0,0.0,0.0,0.0,0.0,0.0,0.0,0.0,1.0,2.0,1.0,1.0,1.0,1.0,4.0,4.0,4.0,6.0,8.0,8.0,10.0,13.0,13.0,13.0,14.0,14.0,16.0,16.0,16.0,17.0,17.0,18.0,18.0,18.0,18.0,18.0,18.0,运城,Yuncheng,山西省
0.0,0.0,0.0,0.0,0.0,0.0,0.0,1.0,1.0,1.0,1.0,1.0,1.0,2.0,2.0,2.0,4.0,4.0,5.0,5.0,6.0,10.0,12.0,12.0,13.0,14.0,17.0,18.0,18.0,22.0,22.0,24.0,25.0,27.0,33.0,35.0,35.0,37.0,连云港,Lianyungang,江苏省
,,,,,0.0,0.0,0.0,0.0,1.0,0.0,0.0,0.0,0.0,0.0,0.0,0.0,0.0,0.0,0.0,0.0,0.0,0.0,0.0,1.0,1.0,1.0,1.0,1.0,1.0,2.0,2.0,2.0,2.0,2.0,3.0,3.0,3.0,通化,Tonghua,吉林省
,,,0.0,0.0,0.0,0.0,0.0,0.0,0.0,0.0,0.0,0.0,0.0,0.0,0.0,0.0,0.0,,0.0,0.0,0.0,0.0,0.0,0.0,0.0,0.0,0.0,1.0,1.0,1.0,1.0,,2.0,2.0,2.0,3.0,4.0,通辽,Tongliao,内蒙古自治区
0.0,0.0,0.0,0.0,0.0,0.0,0.0,0.0,0.0,0.0,0.0,1.0,1.0,2.0,2.0,2.0,2.0,2.0,2.0,4.0,4.0,4.0,4.0,4.0,9.0,9.0,10.0,10.0,10.0,10.0,10.0,10.0,10.0,13.0,15.0,15.0,15.0,15.0,遂宁,Suining,四川省
,,,,,,0.0,0.0,,0.0,0.0,0.0,0.0,0.0,0.0,1.0,1.0,1.0,1.0,1.0,1.0,1.0,5.0,5.0,10.0,12.0,15.0,17.0,17.0,18.0,18.0,,18.0,,19.0,,,,遵义,Zunyi,贵州省
,,,,,,,,,0.0,0.0,,,,,,,,,,,,,,,,,,,,,,,,,,,,邓州,Dengzhou,河南省
,,,0.0,0.0,0.0,0.0,0.0,0.0,0.0,0.0,0.0,0.0,0.0,2.0,4.0,5.0,5.0,6.0,6.0,9.0,9.0,11.0,11.0,11.0,11.0,11.0,14.0,16.0,19.0,20.0,20.0,21.0,23.0,23.0,23.0,23.0,23.0,邢台,Xingtai,河北省
,,0.0,0.0,0.0,0.0,0.0,0.0,0.0,0.0,0.0,0.0,0.0,2.0,2.0,2.0,2.0,3.0,3.0,5.0,7.0,9.0,9.0,10.0,10.0,12.0,13.0,17.0,19.0,22.0,26.0,27.0,28.0,29.0,30.0,30.0,31.0,31.0,邯郸,Handan,河北省
,0.0,0.0,0.0,0.0,0.0,0.0,0.0,1.0,1.0,1.0,2.0,2.0,8.0,12.0,18.0,21.0,22.0,25.0,34.0,42.0,42.0,60.0,65.0,68.0,71.0,72.0,78.0,82.0,87.0,89.0,89.0,91.0,91.0,93.0,94.0,96.0,100.0,邵阳,Shaoyang,湖南省
0.0,0.0,0.0,0.0,0.0,0.0,0.0,1.0,1.0,2.0,6.0,13.0,13.0,13.0,25.0,28.0,33.0,36.0,42.0,47.0,54.0,62.0,66.0,72.0,76.0,77.0,77.0,92.0,98.0,98.0,98.0,111.0,119.0,124.0,126.0,130.0,134.0,134.0,郑州,Zhengzhou,河南省
0.0,0.0,0.0,0.0,0.0,0.0,1.0,1.0,1.0,1.0,1.0,1.0,2.0,4.0,6.0,8.0,8.0,13.0,14.0,15.0,15.0,22.0,22.0,22.0,26.0,27.0,29.0,29.0,30.0,31.0,31.0,31.0,31.0,33.0,34.0,34.0,35.0,35.0,郴州,Chenzhou,湖南省
,0.0,0.0,0.0,0.0,0.0,0.0,0.0,0.0,0.0,0.0,0.0,2.0,2.0,2.0,2.0,2.0,2.0,,2.0,2.0,2.0,3.0,3.0,3.0,3.0,3.0,5.0,5.0,7.0,7.0,9.0,,9.0,9.0,9.0,10.0,10.0,鄂尔多斯,Eerduosi,内蒙古自治区
,0.0,0.0,0.0,0.0,1.0,2.0,6.0,9.0,15.0,17.0,22.0,24.0,26.0,27.0,53.0,94.0,72.0,87.0,100.0,127.0,148.0,232.0,256.0,279.0,307.0,338.0,388.0,414.0,425.0,457.0,510.0,543.0,584.0,655.0,728.0,791.0,831.0,鄂州,Ezhou,湖北省
0.0,0.0,0.0,0.0,0.0,1.0,1.0,1.0,4.0,8.0,10.0,11.0,17.0,26.0,33.0,41.0,53.0,68.0,74.0,90.0,131.0,144.0,189.0,192.0,219.0,240.0,259.0,279.0,305.0,322.0,334.0,341.0,355.0,379.0,390.0,408.0,428.0,448.0,重庆,Chongqing,重庆市
0.0,0.0,0.0,0.0,0.0,0.0,0.0,3.0,3.0,4.0,6.0,6.0,8.0,9.0,9.0,14.0,15.0,16.0,19.0,23.0,24.0,24.0,24.0,24.0,30.0,30.0,33.0,36.0,36.0,39.0,39.0,39.0,39.0,43.0,50.0,50.0,51.0,51.0,金华,Jinhua,浙江省
,,,,0.0,0.0,0.0,0.0,0.0,0.0,0.0,0.0,0.0,0.0,0.0,0.0,1.0,1.0,1.0,1.0,1.0,,1.0,1.0,1.0,1.0,1.0,1.0,1.0,,1.0,1.0,,1.0,,1.0,,1.0,金昌,Jinchang,甘肃省
,,,,,,0.0,0.0,0.0,0.0,0.0,0.0,0.0,0.0,0.0,0.0,0.0,0.0,0.0,0.0,0.0,0.0,1.0,1.0,1.0,1.0,1.0,1.0,6.0,6.0,6.0,7.0,7.0,7.0,7.0,7.0,7.0,7.0,钦州,Qinzhou,广西壮族自治区
,0.0,0.0,0.0,0.0,0.0,0.0,0.0,0.0,0.0,0.0,0.0,0.0,0.0,0.0,0.0,0.0,0.0,1.0,1.0,1.0,1.0,1.0,1.0,1.0,1.0,1.0,1.0,1.0,1.0,1.0,3.0,4.0,4.0,5.0,,5.0,6.0,铁岭,Tieling,辽宁省
0.0,0.0,0.0,0.0,0.0,0.0,0.0,1.0,,1.0,1.0,1.0,2.0,2.0,2.0,2.0,2.0,5.0,5.0,5.0,5.0,6.0,7.0,7.0,9.0,9.0,9.0,9.0,10.0,10.0,10.0,,10.0,,10.0,,,,铜仁,Tongren,贵州省
,0.0,0.0,0.0,0.0,0.0,0.0,0.0,0.0,0.0,0.0,0.0,0.0,1.0,3.0,4.0,4.0,4.0,4.0,4.0,4.0,4.0,4.0,4.0,4.0,4.0,6.0,6.0,6.0,6.0,6.0,6.0,6.0,6.0,6.0,6.0,6.0,6.0,铜川,Tongchuan,陕西省
,0.0,0.0,0.0,0.0,0.0,0.0,0.0,0.0,0.0,1.0,1.0,1.0,2.0,5.0,7.0,7.0,7.0,7.0,9.0,10.0,10.0,10.0,10.0,11.0,12.0,12.0,12.0,13.0,13.0,15.0,18.0,22.0,22.0,26.0,28.0,29.0,29.0,铜陵,Tongling,安徽省
0.0,0.0,0.0,0.0,0.0,0.0,0.0,0.0,0.0,0.0,1.0,1.0,,1.0,3.0,5.0,5.0,5.0,11.0,12.0,12.0,12.0,20.0,,20.0,25.0,25.0,27.0,28.0,,29.0,29.0,30.0,30.0,32.0,,32.0,,银川,Yinchuan,宁夏回族自治区
,0.0,0.0,0.0,0.0,0.0,0.0,0.0,0.0,0.0,0.0,0.0,0.0,1.0,1.0,1.0,1.0,1.0,,1.0,1.0,1.0,1.0,1.0,1.0,1.0,1.0,1.0,1.0,1.0,2.0,2.0,,2.0,2.0,2.0,3.0,3.0,锡林郭勒,Xilinguolei,内蒙古自治区
,,,,0.0,0.0,0.0,0.0,0.0,0.0,0.0,0.0,0.0,0.0,1.0,1.0,1.0,1.0,1.0,1.0,1.0,6.0,6.0,7.0,7.0,7.0,7.0,7.0,8.0,8.0,9.0,9.0,9.0,11.0,11.0,,11.0,11.0,锦州,Jinzhou,辽宁省
,,0.0,0.0,0.0,0.0,0.0,0.0,0.0,0.0,0.0,0.0,0.0,0.0,1.0,1.0,1.0,1.0,2.0,2.0,2.0,2.0,4.0,4.0,5.0,6.0,6.0,8.0,8.0,9.0,10.0,10.0,10.0,10.0,10.0,10.0,10.0,11.0,镇江,Zhenjiang,江苏省
,,,,,,0.0,0.0,0.0,0.0,0.0,,,,,,,,,,,,,,,,,,,,,,,,,,,,长垣,Zhangyuan,河南省
0.0,0.0,,0.0,0.0,0.0,1.0,1.0,1.0,1.0,1.0,1.0,1.0,1.0,1.0,1.0,6.0,6.0,11.0,11.0,13.0,13.0,14.0,16.0,19.0,19.0,19.0,21.0,22.0,26.0,27.0,32.0,33.0,33.0,35.0,37.0,39.0,39.0,长春,Changchun,吉林省
0.0,0.0,0.0,0.0,0.0,0.0,1.0,1.0,2.0,2.0,2.0,6.0,8.0,8.0,18.0,27.0,33.0,39.0,48.0,56.0,63.0,66.0,73.0,90.0,93.0,94.0,100.0,127.0,127.0,132.0,143.0,145.0,154.0,161.0,166.0,174.0,176.0,180.0,长沙,Changsha,湖南省
,0.0,0.0,0.0,0.0,0.0,0.0,0.0,0.0,0.0,0.0,0.0,0.0,0.0,0.0,0.0,1.0,0.0,0.0,0.0,0.0,0.0,0.0,1.0,1.0,1.0,1.0,1.0,2.0,3.0,3.0,3.0,5.0,7.0,7.0,7.0,7.0,7.0,长治,Zhangzhi,山西省
,,,,,,,,0.0,0.0,0.0,0.0,0.0,0.0,0.0,0.0,0.0,0.0,0.0,0.0,0.0,0.0,0.0,0.0,0.0,0.0,3.0,3.0,3.0,3.0,3.0,6.0,5.0,5.0,8.0,,8.0,8.0,阜新,Fuxin,辽宁省
0.0,0.0,0.0,0.0,0.0,0.0,0.0,0.0,0.0,0.0,0.0,3.0,3.0,7.0,9.0,11.0,13.0,13.0,17.0,17.0,23.0,28.0,28.0,37.0,41.0,47.0,64.0,79.0,90.0,99.0,102.0,104.0,109.0,112.0,119.0,119.0,134.0,134.0,阜阳,Fuyang,安徽省
,0.0,0.0,0.0,1.0,1.0,1.0,1.0,1.0,1.0,1.0,1.0,1.0,1.0,1.0,1.0,1.0,1.0,1.0,1.0,1.0,1.0,1.0,1.0,1.0,1.0,6.0,6.0,6.0,6.0,6.0,6.0,10.0,8.0,8.0,8.0,10.0,10.0,防城港,Fangchenggang,广西壮族自治区
0.0,0.0,0.0,0.0,0.0,0.0,0.0,0.0,0.0,0.0,0.0,0.0,0.0,0.0,1.0,1.0,1.0,1.0,1.0,5.0,5.0,5.0,7.0,7.0,9.0,9.0,9.0,10.0,10.0,10.0,10.0,10.0,10.0,10.0,10.0,10.0,11.0,11.0,阳江,Yangjiang,广东省
,,0.0,0.0,0.0,0.0,0.0,0.0,0.0,0.0,0.0,0.0,0.0,0.0,0.0,0.0,1.0,0.0,0.0,0.0,0.0,0.0,0.0,0.0,1.0,1.0,1.0,2.0,2.0,2.0,3.0,4.0,4.0,4.0,4.0,4.0,4.0,4.0,阳泉,Yangquan,山西省
,,,,,,,0.0,0.0,0.0,0.0,0.0,0.0,0.0,0.0,0.0,0.0,0.0,0.0,0.0,1.0,1.0,1.0,1.0,1.0,1.0,1.0,1.0,1.0,1.0,1.0,1.0,,1.0,1.0,1.0,1.0,1.0,阿克苏,Akesu,新疆维吾尔自治区
,,,,,,,0.0,0.0,0.0,0.0,0.0,0.0,0.0,0.0,0.0,0.0,0.0,0.0,0.0,0.0,0.0,0.0,0.0,1.0,1.0,1.0,1.0,1.0,1.0,1.0,1.0,1.0,1.0,1.0,1.0,1.0,1.0,阿坝,Aba,四川省
,,,0.0,0.0,0.0,0.0,0.0,0.0,0.0,0.0,0.0,0.0,0.0,0.0,0.0,0.0,0.0,0.0,0.0,1.0,,3.0,3.0,3.0,4.0,4.0,4.0,4.0,,4.0,4.0,,4.0,,4.0,,4.0,陇南,Longnan,甘肃省
,0.0,0.0,0.0,0.0,0.0,0.0,0.0,0.0,0.0,0.0,0.0,0.0,0.0,0.0,0.0,0.0,0.0,0.0,0.0,0.0,0.0,0.0,0.0,0.0,0.0,1.0,1.0,1.0,1.0,4.0,4.0,4.0,4.0,4.0,4.0,4.0,4.0,陵水,Lingshui,海南省
,0.0,0.0,0.0,0.0,0.0,0.0,0.0,1.0,6.0,8.0,9.0,17.0,18.0,18.0,32.0,32.0,33.0,38.0,68.0,76.0,88.0,115.0,135.0,164.0,223.0,280.0,336.0,414.0,472.0,528.0,584.0,637.0,689.0,730.0,778.0,837.0,875.0,随州,Suizhou,湖北省
0.0,0.0,1.0,0.0,0.0,0.0,0.0,0.0,0.0,0.0,0.0,0.0,0.0,0.0,0.0,1.0,1.0,2.0,2.0,2.0,2.0,2.0,2.0,2.0,2.0,2.0,2.0,3.0,4.0,4.0,4.0,4.0,6.0,6.0,6.0,6.0,6.0,6.0,雅安,Yaan,四川省
0.0,0.0,0.0,1.0,0.0,1.0,1.0,1.0,1.0,1.0,1.0,3.0,3.0,4.0,5.0,7.0,11.0,11.0,13.0,14.0,16.0,18.0,22.0,28.0,27.0,28.0,30.0,32.0,36.0,35.0,35.0,39.0,39.0,40.0,45.0,46.0,49.0,55.0,青岛,Qingdao,山东省
,,,,,,,,0.0,0.0,0.0,0.0,0.0,0.0,0.0,0.0,0.0,0.0,0.0,0.0,0.0,0.0,0.0,0.0,0.0,0.0,0.0,0.0,0.0,0.0,0.0,0.0,0.0,0.0,1.0,,1.0,2.0,鞍山,Anshan,辽宁省
,,,,,,0.0,0.0,0.0,0.0,0.0,0.0,0.0,0.0,0.0,0.0,0.0,0.0,0.0,0.0,0.0,0.0,1.0,1.0,1.0,1.0,1.0,1.0,1.0,1.0,1.0,1.0,1.0,1.0,1.0,1.0,1.0,1.0,韩城,Hancheng,陕西省
0.0,0.0,0.0,0.0,0.0,0.0,0.0,0.0,0.0,0.0,1.0,1.0,1.0,1.0,1.0,1.0,2.0,3.0,3.0,3.0,3.0,3.0,4.0,4.0,4.0,5.0,5.0,5.0,6.0,6.0,6.0,6.0,7.0,7.0,7.0,9.0,9.0,9.0,韶关,Shaoguan,广东省
,0.0,0.0,0.0,0.0,0.0,0.0,0.0,0.0,0.0,1.0,1.0,1.0,1.0,0.0,2.0,2.0,2.0,4.0,6.0,8.0,9.0,10.0,10.0,12.0,14.0,15.0,15.0,17.0,19.0,19.0,19.0,21.0,25.0,25.0,30.0,33.0,33.0,马鞍山,Maanshan,安徽省
,0.0,0.0,0.0,0.0,0.0,0.0,0.0,0.0,0.0,0.0,0.0,2.0,2.0,4.0,5.0,14.0,25.0,26.0,31.0,42.0,50.0,59.0,65.0,75.0,79.0,83.0,95.0,99.0,111.0,116.0,121.0,124.0,126.0,128.0,137.0,137.0,139.0,驻马店,Zhumadian,河南省
,,,,,0.0,0.0,0.0,0.0,0.0,0.0,0.0,0.0,0.0,0.0,0.0,0.0,1.0,1.0,1.0,1.0,1.0,1.0,2.0,2.0,2.0,3.0,3.0,3.0,5.0,18.0,20.0,22.0,22.0,28.0,29.0,31.0,32.0,鸡西,Jixi,黑龙江省
,,,0.0,0.0,0.0,0.0,0.0,0.0,0.0,0.0,0.0,0.0,0.0,0.0,0.0,0.0,3.0,3.0,4.0,4.0,4.0,4.0,5.0,5.0,5.0,8.0,8.0,9.0,9.0,11.0,11.0,13.0,15.0,15.0,17.0,18.0,18.0,鹤壁,Hebi,河南省
,,,,,,0.0,0.0,0.0,0.0,0.0,0.0,0.0,0.0,0.0,0.0,1.0,1.0,1.0,1.0,1.0,2.0,2.0,2.0,2.0,2.0,2.0,2.0,2.0,2.0,4.0,4.0,4.0,4.0,4.0,4.0,4.0,4.0,鹤岗,Hegang,黑龙江省
,,,,0.0,0.0,0.0,0.0,0.0,0.0,0.0,0.0,0.0,0.0,0.0,0.0,1.0,1.0,1.0,1.0,2.0,2.0,3.0,3.0,3.0,3.0,3.0,4.0,4.0,4.0,8.0,6.0,11.0,10.0,11.0,12.0,12.0,12.0,鹰潭,Yingtan,江西省
0.0,0.0,4.0,8.0,6.0,7.0,17.0,18.0,31.0,42.0,49.0,60.0,77.0,91.0,113.0,141.0,180.0,260.0,355.0,396.0,485.0,587.0,679.0,791.0,917.0,1025.0,1153.0,1236.0,1364.0,1503.0,1638.0,1762.0,1886.0,1959.0,2062.0,2155.0,2234.0,2286.0,黄冈,Huanggang,湖北省
,,0.0,0.0,0.0,0.0,0.0,0.0,0.0,0.0,0.0,0.0,0.0,0.0,1.0,1.0,1.0,1.0,1.0,1.0,1.0,1.0,1.0,1.0,1.0,3.0,6.0,6.0,6.0,6.0,6.0,6.0,6.0,6.0,6.0,6.0,7.0,7.0,黄山,Huangshan,安徽省
,1.0,1.0,1.0,1.0,1.0,1.0,1.0,3.0,10.0,10.0,11.0,25.0,27.0,42.0,50.0,65.0,70.0,92.0,107.0,124.0,148.0,191.0,212.0,222.0,274.0,320.0,357.0,388.0,461.0,497.0,521.0,599.0,634.0,657.0,686.0,722.0,731.0,黄石,Huangshi,湖北省
,,,,,,,,,0.0,0.0,0.0,0.0,0.0,0.0,0.0,0.0,0.0,0.0,0.0,0.0,0.0,0.0,0.0,0.0,0.0,3.0,3.0,4.0,9.0,9.0,9.0,9.0,9.0,9.0,9.0,11.0,11.0,黑河,Heihe,黑龙江省
,,,,,,0.0,0.0,,0.0,0.0,0.0,0.0,0.0,0.0,0.0,0.0,0.0,0.0,2.0,2.0,2.0,4.0,4.0,5.0,4.0,4.0,4.0,5.0,8.0,8.0,,10.0,,10.0,,,,黔东南,Qiandongnan,贵州省
0.0,0.0,0.0,0.0,0.0,0.0,0.0,0.0,,0.0,0.0,0.0,3.0,3.0,3.0,3.0,3.0,3.0,3.0,3.0,5.0,5.0,5.0,6.0,6.0,7.0,7.0,7.0,7.0,12.0,12.0,,13.0,,15.0,,,,黔南,Qiannan,贵州省
,,0.0,0.0,0.0,0.0,0.0,0.0,,0.0,0.0,0.0,0.0,0.0,0.0,0.0,0.0,0.0,1.0,1.0,3.0,3.0,4.0,4.0,4.0,4.0,4.0,4.0,4.0,4.0,4.0,,4.0,,4.0,,,,黔西南,Qianxinan,贵州省
,,0.0,0.0,0.0,0.0,0.0,0.0,0.0,0.0,0.0,0.0,0.0,0.0,0.0,0.0,0.0,1.0,2.0,5.0,5.0,9.0,9.0,9.0,11.0,11.0,11.0,12.0,17.0,23.0,24.0,25.0,27.0,27.0,29.0,34.0,34.0,34.0,齐齐哈尔,Qiqihaer,黑龙江省
,,,,0.0,0.0,0.0,0.0,0.0,0.0,0.0,0.0,0.0,0.0,0.0,0.0,1.0,1.0,1.0,1.0,1.0,1.0,1.0,1.0,1.0,1.0,1.0,1.0,3.0,3.0,4.0,4.0,5.0,6.0,6.0,6.0,6.0,6.0,龙岩,Longyan,福建省
